desc: --massif-out-file=./massif_result.out
cmd: ./target/release/pathfinding_algorithms
time_unit: i
#-----------
snapshot=0
#-----------
time=0
mem_heap_B=0
mem_heap_extra_B=0
mem_stacks_B=0
heap_tree=empty
#-----------
snapshot=1
#-----------
time=182659803
mem_heap_B=11343632
mem_heap_extra_B=126816
mem_stacks_B=0
heap_tree=empty
#-----------
snapshot=2
#-----------
time=337857644
mem_heap_B=11344581
mem_heap_extra_B=126859
mem_stacks_B=0
heap_tree=detailed
n6: 11344581 (heap allocation functions) malloc/new/new[], --alloc-fns, etc.
 n6: 5194195 0x5F521C1: ??? (in /usr/lib/x86_64-linux-gnu/libnvidia-glcore.so.580.173.02)
  n2: 2463597 0x5C76E4A: ??? (in /usr/lib/x86_64-linux-gnu/libnvidia-glcore.so.580.173.02)
   n1: 2463597 0x5C5A175: ??? (in /usr/lib/x86_64-linux-gnu/libnvidia-glcore.so.580.173.02)
    n1: 2463597 0x5C5EF6F: ??? (in /usr/lib/x86_64-linux-gnu/libnvidia-glcore.so.580.173.02)
     n1: 2463597 0x41683E: gfx_device_gl::factory::Factory::init_buffer (in /home/killpop/Рабочий стол/some/pathfinders/target/release/pathfinding_algorithms)
      n3: 2463597 0x415AD0: <gfx_device_gl::factory::Factory as gfx_core::factory::Factory<gfx_device_gl::Resources>>::create_buffer_raw (in /home/killpop/Рабочий стол/some/pathfinders/target/release/pathfinding_algorithms)
       n1: 1636871 0x227240: gfx_graphics::back_end::Gfx2d<R>::new (in /home/killpop/Рабочий стол/some/pathfinders/target/release/pathfinding_algorithms)
        n1: 1636871 0x23C30D: <piston_window::prelude::PistonWindow<W> as window::BuildFromWindowSettings>::build_from_window_settings (in /home/killpop/Рабочий стол/some/pathfinders/target/release/pathfinding_algorithms)
         n1: 1636871 0x22E598: pathfinding_algorithms::main (in /home/killpop/Рабочий стол/some/pathfinders/target/release/pathfinding_algorithms)
          n1: 1636871 0x24E8E2: std::sys::backtrace::__rust_begin_short_backtrace (in /home/killpop/Рабочий стол/some/pathfinders/target/release/pathfinding_algorithms)
           n1: 1636871 0x23C5B8: std::rt::lang_start::{{closure}} (in /home/killpop/Рабочий стол/some/pathfinders/target/release/pathfinding_algorithms)
            n1: 1636871 0x44BFC3: std::rt::lang_start_internal (in /home/killpop/Рабочий стол/some/pathfinders/target/release/pathfinding_algorithms)
             n0: 1636871 0x236444: main (in /home/killpop/Рабочий стол/some/pathfinders/target/release/pathfinding_algorithms)
       n1: 818471 0x2271DF: gfx_graphics::back_end::Gfx2d<R>::new (in /home/killpop/Рабочий стол/some/pathfinders/target/release/pathfinding_algorithms)
        n1: 818471 0x23C30D: <piston_window::prelude::PistonWindow<W> as window::BuildFromWindowSettings>::build_from_window_settings (in /home/killpop/Рабочий стол/some/pathfinders/target/release/pathfinding_algorithms)
         n1: 818471 0x22E598: pathfinding_algorithms::main (in /home/killpop/Рабочий стол/some/pathfinders/target/release/pathfinding_algorithms)
          n1: 818471 0x24E8E2: std::sys::backtrace::__rust_begin_short_backtrace (in /home/killpop/Рабочий стол/some/pathfinders/target/release/pathfinding_algorithms)
           n1: 818471 0x23C5B8: std::rt::lang_start::{{closure}} (in /home/killpop/Рабочий стол/some/pathfinders/target/release/pathfinding_algorithms)
            n1: 818471 0x44BFC3: std::rt::lang_start_internal (in /home/killpop/Рабочий стол/some/pathfinders/target/release/pathfinding_algorithms)
             n0: 818471 0x236444: main (in /home/killpop/Рабочий стол/some/pathfinders/target/release/pathfinding_algorithms)
       n0: 8255 in 1 place, below massif's threshold (1.00%)
   n0: 0 in 1 place, below massif's threshold (1.00%)
  n1: 1638400 0x5C0DD8F: ??? (in /usr/lib/x86_64-linux-gnu/libnvidia-glcore.so.580.173.02)
   n1: 1638400 0x5F88378: ??? (in /usr/lib/x86_64-linux-gnu/libnvidia-glcore.so.580.173.02)
    n1: 1638400 0x5F3A724: ??? (in /usr/lib/x86_64-linux-gnu/libnvidia-glcore.so.580.173.02)
     n1: 1638400 0x53D313F: ??? (in /usr/lib/x86_64-linux-gnu/libGLX_nvidia.so.580.173.02)
      n1: 1638400 0x53FA624: ??? (in /usr/lib/x86_64-linux-gnu/libGLX_nvidia.so.580.173.02)
       n1: 1638400 0x53FF9E7: ??? (in /usr/lib/x86_64-linux-gnu/libGLX_nvidia.so.580.173.02)
        n1: 1638400 0x53F4045: glXCreateContextAttribsARB (in /usr/lib/x86_64-linux-gnu/libGLX_nvidia.so.580.173.02)
         n1: 1638400 0x5367E02: ??? (in /usr/lib/x86_64-linux-gnu/libGLX.so.0.0.0)
          n1: 1638400 0x3C0110: glutin::api::glx::last_glx_error (in /home/killpop/Рабочий стол/some/pathfinders/target/release/pathfinding_algorithms)
           n1: 1638400 0x3C92F0: glutin::api::glx::context::<impl glutin::api::glx::display::Display>::create_context (in /home/killpop/Рабочий стол/some/pathfinders/target/release/pathfinding_algorithms)
            n1: 1638400 0x3C80BD: <glutin::display::Display as glutin::display::GlDisplay>::create_context (in /home/killpop/Рабочий стол/some/pathfinders/target/release/pathfinding_algorithms)
             n1: 1638400 0x29145D: glutin_window::GlutinWindow::from_raw (in /home/killpop/Рабочий стол/some/pathfinders/target/release/pathfinding_algorithms)
              n1: 1638400 0x290C68: glutin_window::GlutinWindow::new (in /home/killpop/Рабочий стол/some/pathfinders/target/release/pathfinding_algorithms)
               n1: 1638400 0x23C14A: <piston_window::prelude::PistonWindow<W> as window::BuildFromWindowSettings>::build_from_window_settings (in /home/killpop/Рабочий стол/some/pathfinders/target/release/pathfinding_algorithms)
                n1: 1638400 0x22E598: pathfinding_algorithms::main (in /home/killpop/Рабочий стол/some/pathfinders/target/release/pathfinding_algorithms)
                 n1: 1638400 0x24E8E2: std::sys::backtrace::__rust_begin_short_backtrace (in /home/killpop/Рабочий стол/some/pathfinders/target/release/pathfinding_algorithms)
                  n1: 1638400 0x23C5B8: std::rt::lang_start::{{closure}} (in /home/killpop/Рабочий стол/some/pathfinders/target/release/pathfinding_algorithms)
                   n1: 1638400 0x44BFC3: std::rt::lang_start_internal (in /home/killpop/Рабочий стол/some/pathfinders/target/release/pathfinding_algorithms)
                    n0: 1638400 0x236444: main (in /home/killpop/Рабочий стол/some/pathfinders/target/release/pathfinding_algorithms)
  n1: 385024 0x5FC30B3: ??? (in /usr/lib/x86_64-linux-gnu/libnvidia-glcore.so.580.173.02)
   n1: 385024 0x5F95B81: ??? (in /usr/lib/x86_64-linux-gnu/libnvidia-glcore.so.580.173.02)
    n1: 385024 0x5F96561: ??? (in /usr/lib/x86_64-linux-gnu/libnvidia-glcore.so.580.173.02)
     n1: 385024 0x5F80DCB: ??? (in /usr/lib/x86_64-linux-gnu/libnvidia-glcore.so.580.173.02)
      n1: 385024 0x5F3A8EB: ??? (in /usr/lib/x86_64-linux-gnu/libnvidia-glcore.so.580.173.02)
       n1: 385024 0x53D344F: ??? (in /usr/lib/x86_64-linux-gnu/libGLX_nvidia.so.580.173.02)
        n1: 385024 0x54010E9: ??? (in /usr/lib/x86_64-linux-gnu/libGLX_nvidia.so.580.173.02)
         n1: 385024 0x53605B1: ??? (in /usr/lib/x86_64-linux-gnu/libGLX.so.0.0.0)
          n1: 385024 0x53629A1: ??? (in /usr/lib/x86_64-linux-gnu/libGLX.so.0.0.0)
           n1: 385024 0x53675E4: ??? (in /usr/lib/x86_64-linux-gnu/libGLX.so.0.0.0)
            n1: 385024 0x2BF65D: glutin::api::glx::last_glx_error (in /home/killpop/Рабочий стол/some/pathfinders/target/release/pathfinding_algorithms)
             n1: 385024 0x27BBB5: <glutin::context::NotCurrentContext as glutin::context::NotCurrentGlContextSurfaceAccessor<T>>::make_current (in /home/killpop/Рабочий стол/some/pathfinders/target/release/pathfinding_algorithms)
              n1: 385024 0x291765: glutin_window::GlutinWindow::from_raw (in /home/killpop/Рабочий стол/some/pathfinders/target/release/pathfinding_algorithms)
               n1: 385024 0x290C68: glutin_window::GlutinWindow::new (in /home/killpop/Рабочий стол/some/pathfinders/target/release/pathfinding_algorithms)
                n1: 385024 0x23C14A: <piston_window::prelude::PistonWindow<W> as window::BuildFromWindowSettings>::build_from_window_settings (in /home/killpop/Рабочий стол/some/pathfinders/target/release/pathfinding_algorithms)
                 n1: 385024 0x22E598: pathfinding_algorithms::main (in /home/killpop/Рабочий стол/some/pathfinders/target/release/pathfinding_algorithms)
                  n1: 385024 0x24E8E2: std::sys::backtrace::__rust_begin_short_backtrace (in /home/killpop/Рабочий стол/some/pathfinders/target/release/pathfinding_algorithms)
                   n1: 385024 0x23C5B8: std::rt::lang_start::{{closure}} (in /home/killpop/Рабочий стол/some/pathfinders/target/release/pathfinding_algorithms)
                    n1: 385024 0x44BFC3: std::rt::lang_start_internal (in /home/killpop/Рабочий стол/some/pathfinders/target/release/pathfinding_algorithms)
                     n0: 385024 0x236444: main (in /home/killpop/Рабочий стол/some/pathfinders/target/release/pathfinding_algorithms)
  n0: 283042 in 225 places, all below massif's threshold (1.00%)
  n1: 262132 0x53FF724: ??? (in /usr/lib/x86_64-linux-gnu/libGLX_nvidia.so.580.173.02)
   n1: 262132 0x53F4045: glXCreateContextAttribsARB (in /usr/lib/x86_64-linux-gnu/libGLX_nvidia.so.580.173.02)
    n1: 262132 0x5367E02: ??? (in /usr/lib/x86_64-linux-gnu/libGLX.so.0.0.0)
     n1: 262132 0x3C0110: glutin::api::glx::last_glx_error (in /home/killpop/Рабочий стол/some/pathfinders/target/release/pathfinding_algorithms)
      n1: 262132 0x3C92F0: glutin::api::glx::context::<impl glutin::api::glx::display::Display>::create_context (in /home/killpop/Рабочий стол/some/pathfinders/target/release/pathfinding_algorithms)
       n1: 262132 0x3C80BD: <glutin::display::Display as glutin::display::GlDisplay>::create_context (in /home/killpop/Рабочий стол/some/pathfinders/target/release/pathfinding_algorithms)
        n1: 262132 0x29145D: glutin_window::GlutinWindow::from_raw (in /home/killpop/Рабочий стол/some/pathfinders/target/release/pathfinding_algorithms)
         n1: 262132 0x290C68: glutin_window::GlutinWindow::new (in /home/killpop/Рабочий стол/some/pathfinders/target/release/pathfinding_algorithms)
          n1: 262132 0x23C14A: <piston_window::prelude::PistonWindow<W> as window::BuildFromWindowSettings>::build_from_window_settings (in /home/killpop/Рабочий стол/some/pathfinders/target/release/pathfinding_algorithms)
           n1: 262132 0x22E598: pathfinding_algorithms::main (in /home/killpop/Рабочий стол/some/pathfinders/target/release/pathfinding_algorithms)
            n1: 262132 0x24E8E2: std::sys::backtrace::__rust_begin_short_backtrace (in /home/killpop/Рабочий стол/some/pathfinders/target/release/pathfinding_algorithms)
             n1: 262132 0x23C5B8: std::rt::lang_start::{{closure}} (in /home/killpop/Рабочий стол/some/pathfinders/target/release/pathfinding_algorithms)
              n1: 262132 0x44BFC3: std::rt::lang_start_internal (in /home/killpop/Рабочий стол/some/pathfinders/target/release/pathfinding_algorithms)
               n0: 262132 0x236444: main (in /home/killpop/Рабочий стол/some/pathfinders/target/release/pathfinding_algorithms)
  n1: 162000 0x653ADBC: ??? (in /usr/lib/x86_64-linux-gnu/libnvidia-glcore.so.580.173.02)
   n1: 162000 0x654403F: ??? (in /usr/lib/x86_64-linux-gnu/libnvidia-glcore.so.580.173.02)
    n1: 162000 0x5F4C308: ??? (in /usr/lib/x86_64-linux-gnu/libnvidia-glcore.so.580.173.02)
     n1: 162000 0x53D43A0: ??? (in /usr/lib/x86_64-linux-gnu/libGLX_nvidia.so.580.173.02)
      n1: 162000 0x53D44D7: ??? (in /usr/lib/x86_64-linux-gnu/libGLX_nvidia.so.580.173.02)
       n1: 162000 0x53FA5E4: ??? (in /usr/lib/x86_64-linux-gnu/libGLX_nvidia.so.580.173.02)
        n1: 162000 0x53FF9E7: ??? (in /usr/lib/x86_64-linux-gnu/libGLX_nvidia.so.580.173.02)
         n1: 162000 0x53F4045: glXCreateContextAttribsARB (in /usr/lib/x86_64-linux-gnu/libGLX_nvidia.so.580.173.02)
          n1: 162000 0x5367E02: ??? (in /usr/lib/x86_64-linux-gnu/libGLX.so.0.0.0)
           n1: 162000 0x3C0110: glutin::api::glx::last_glx_error (in /home/killpop/Рабочий стол/some/pathfinders/target/release/pathfinding_algorithms)
            n1: 162000 0x3C92F0: glutin::api::glx::context::<impl glutin::api::glx::display::Display>::create_context (in /home/killpop/Рабочий стол/some/pathfinders/target/release/pathfinding_algorithms)
             n1: 162000 0x3C80BD: <glutin::display::Display as glutin::display::GlDisplay>::create_context (in /home/killpop/Рабочий стол/some/pathfinders/target/release/pathfinding_algorithms)
              n1: 162000 0x29145D: glutin_window::GlutinWindow::from_raw (in /home/killpop/Рабочий стол/some/pathfinders/target/release/pathfinding_algorithms)
               n1: 162000 0x290C68: glutin_window::GlutinWindow::new (in /home/killpop/Рабочий стол/some/pathfinders/target/release/pathfinding_algorithms)
                n1: 162000 0x23C14A: <piston_window::prelude::PistonWindow<W> as window::BuildFromWindowSettings>::build_from_window_settings (in /home/killpop/Рабочий стол/some/pathfinders/target/release/pathfinding_algorithms)
                 n1: 162000 0x22E598: pathfinding_algorithms::main (in /home/killpop/Рабочий стол/some/pathfinders/target/release/pathfinding_algorithms)
                  n1: 162000 0x24E8E2: std::sys::backtrace::__rust_begin_short_backtrace (in /home/killpop/Рабочий стол/some/pathfinders/target/release/pathfinding_algorithms)
                   n1: 162000 0x23C5B8: std::rt::lang_start::{{closure}} (in /home/killpop/Рабочий стол/some/pathfinders/target/release/pathfinding_algorithms)
                    n1: 162000 0x44BFC3: std::rt::lang_start_internal (in /home/killpop/Рабочий стол/some/pathfinders/target/release/pathfinding_algorithms)
                     n0: 162000 0x236444: main (in /home/killpop/Рабочий стол/some/pathfinders/target/release/pathfinding_algorithms)
 n9: 2844646 0x5F5247D: ??? (in /usr/lib/x86_64-linux-gnu/libnvidia-glcore.so.580.173.02)
  n1: 825080 0x5F958BA: ??? (in /usr/lib/x86_64-linux-gnu/libnvidia-glcore.so.580.173.02)
   n1: 825080 0x5F96561: ??? (in /usr/lib/x86_64-linux-gnu/libnvidia-glcore.so.580.173.02)
    n1: 825080 0x5F80DCB: ??? (in /usr/lib/x86_64-linux-gnu/libnvidia-glcore.so.580.173.02)
     n1: 825080 0x5F3A8EB: ??? (in /usr/lib/x86_64-linux-gnu/libnvidia-glcore.so.580.173.02)
      n1: 825080 0x53D344F: ??? (in /usr/lib/x86_64-linux-gnu/libGLX_nvidia.so.580.173.02)
       n1: 825080 0x54010E9: ??? (in /usr/lib/x86_64-linux-gnu/libGLX_nvidia.so.580.173.02)
        n1: 825080 0x53605B1: ??? (in /usr/lib/x86_64-linux-gnu/libGLX.so.0.0.0)
         n1: 825080 0x53629A1: ??? (in /usr/lib/x86_64-linux-gnu/libGLX.so.0.0.0)
          n1: 825080 0x53675E4: ??? (in /usr/lib/x86_64-linux-gnu/libGLX.so.0.0.0)
           n1: 825080 0x2BF65D: glutin::api::glx::last_glx_error (in /home/killpop/Рабочий стол/some/pathfinders/target/release/pathfinding_algorithms)
            n1: 825080 0x27BBB5: <glutin::context::NotCurrentContext as glutin::context::NotCurrentGlContextSurfaceAccessor<T>>::make_current (in /home/killpop/Рабочий стол/some/pathfinders/target/release/pathfinding_algorithms)
             n1: 825080 0x291765: glutin_window::GlutinWindow::from_raw (in /home/killpop/Рабочий стол/some/pathfinders/target/release/pathfinding_algorithms)
              n1: 825080 0x290C68: glutin_window::GlutinWindow::new (in /home/killpop/Рабочий стол/some/pathfinders/target/release/pathfinding_algorithms)
               n1: 825080 0x23C14A: <piston_window::prelude::PistonWindow<W> as window::BuildFromWindowSettings>::build_from_window_settings (in /home/killpop/Рабочий стол/some/pathfinders/target/release/pathfinding_algorithms)
                n1: 825080 0x22E598: pathfinding_algorithms::main (in /home/killpop/Рабочий стол/some/pathfinders/target/release/pathfinding_algorithms)
                 n1: 825080 0x24E8E2: std::sys::backtrace::__rust_begin_short_backtrace (in /home/killpop/Рабочий стол/some/pathfinders/target/release/pathfinding_algorithms)
                  n1: 825080 0x23C5B8: std::rt::lang_start::{{closure}} (in /home/killpop/Рабочий стол/some/pathfinders/target/release/pathfinding_algorithms)
                   n1: 825080 0x44BFC3: std::rt::lang_start_internal (in /home/killpop/Рабочий стол/some/pathfinders/target/release/pathfinding_algorithms)
                    n0: 825080 0x236444: main (in /home/killpop/Рабочий стол/some/pathfinders/target/release/pathfinding_algorithms)
  n0: 780519 in 116 places, all below massif's threshold (1.00%)
  n1: 307311 0x5C75DBB: ??? (in /usr/lib/x86_64-linux-gnu/libnvidia-glcore.so.580.173.02)
   n1: 307311 0x53FAEBF: ??? (in /usr/lib/x86_64-linux-gnu/libGLX_nvidia.so.580.173.02)
    n1: 307311 0x5403FDB: ??? (in /usr/lib/x86_64-linux-gnu/libGLX_nvidia.so.580.173.02)
     n1: 307311 0x53D0A5A: ??? (in /usr/lib/x86_64-linux-gnu/libGLX_nvidia.so.580.173.02)
      n1: 307311 0x542C401: ??? (in /usr/lib/x86_64-linux-gnu/libGLX_nvidia.so.580.173.02)
       n1: 307311 0x53D0012: ??? (in /usr/lib/x86_64-linux-gnu/libGLX_nvidia.so.580.173.02)
        n1: 307311 0x4005823: call_init (dl-init.c:120)
         n1: 307311 0x4005823: _dl_init (dl-init.c:121)
          n1: 307311 0x40015B1: _dl_catch_exception (dl-catch.c:211)
           n1: 307311 0x400CD7B: dl_open_worker (dl-open.c:829)
            n1: 307311 0x400CD7B: dl_open_worker (dl-open.c:792)
             n1: 307311 0x400151B: _dl_catch_exception (dl-catch.c:237)
              n1: 307311 0x400D163: _dl_open (dl-open.c:905)
               n1: 307311 0x4A22283: dlopen_doit (dlopen.c:56)
                n1: 307311 0x400151B: _dl_catch_exception (dl-catch.c:237)
                 n1: 307311 0x4001668: _dl_catch_error (dl-catch.c:256)
                  n1: 307311 0x4A21D62: _dlerror_run (dlerror.c:138)
                   n1: 307311 0x4A2233E: dlopen_implementation (dlopen.c:71)
                    n1: 307311 0x4A2233E: dlopen@@GLIBC_2.34 (dlopen.c:81)
                     n1: 307311 0x536530A: ??? (in /usr/lib/x86_64-linux-gnu/libGLX.so.0.0.0)
                      n1: 307311 0x5367BAC: ??? (in /usr/lib/x86_64-linux-gnu/libGLX.so.0.0.0)
                       n1: 307311 0x53683B5: glXGetClientString (in /usr/lib/x86_64-linux-gnu/libGLX.so.0.0.0)
                        n1: 307311 0x3C956E: glutin::api::glx::display::Display::new (in /home/killpop/Рабочий стол/some/pathfinders/target/release/pathfinding_algorithms)
                         n1: 307311 0x3C7D97: glutin::display::Display::new (in /home/killpop/Рабочий стол/some/pathfinders/target/release/pathfinding_algorithms)
                          n1: 307311 0x27BED9: glutin_winit::DisplayBuilder::build (in /home/killpop/Рабочий стол/some/pathfinders/target/release/pathfinding_algorithms)
                           n1: 307311 0x290F37: glutin_window::GlutinWindow::from_raw (in /home/killpop/Рабочий стол/some/pathfinders/target/release/pathfinding_algorithms)
                            n1: 307311 0x290C68: glutin_window::GlutinWindow::new (in /home/killpop/Рабочий стол/some/pathfinders/target/release/pathfinding_algorithms)
                             n1: 307311 0x23C14A: <piston_window::prelude::PistonWindow<W> as window::BuildFromWindowSettings>::build_from_window_settings (in /home/killpop/Рабочий стол/some/pathfinders/target/release/pathfinding_algorithms)
                              n1: 307311 0x22E598: pathfinding_algorithms::main (in /home/killpop/Рабочий стол/some/pathfinders/target/release/pathfinding_algorithms)
                               n1: 307311 0x24E8E2: std::sys::backtrace::__rust_begin_short_backtrace (in /home/killpop/Рабочий стол/some/pathfinders/target/release/pathfinding_algorithms)
                                n1: 307311 0x23C5B8: std::rt::lang_start::{{closure}} (in /home/killpop/Рабочий стол/some/pathfinders/target/release/pathfinding_algorithms)
                                 n0: 307311 0x44BFC3: std::rt::lang_start_internal (in /home/killpop/Рабочий стол/some/pathfinders/target/release/pathfinding_algorithms)
  n1: 171760 0x5F6FCFE: ??? (in /usr/lib/x86_64-linux-gnu/libnvidia-glcore.so.580.173.02)
   n1: 171760 0x5F81285: ??? (in /usr/lib/x86_64-linux-gnu/libnvidia-glcore.so.580.173.02)
    n1: 171760 0x5F3A8EB: ??? (in /usr/lib/x86_64-linux-gnu/libnvidia-glcore.so.580.173.02)
     n1: 171760 0x53D344F: ??? (in /usr/lib/x86_64-linux-gnu/libGLX_nvidia.so.580.173.02)
      n1: 171760 0x54010E9: ??? (in /usr/lib/x86_64-linux-gnu/libGLX_nvidia.so.580.173.02)
       n1: 171760 0x53605B1: ??? (in /usr/lib/x86_64-linux-gnu/libGLX.so.0.0.0)
        n1: 171760 0x53629A1: ??? (in /usr/lib/x86_64-linux-gnu/libGLX.so.0.0.0)
         n1: 171760 0x53675E4: ??? (in /usr/lib/x86_64-linux-gnu/libGLX.so.0.0.0)
          n1: 171760 0x2BF65D: glutin::api::glx::last_glx_error (in /home/killpop/Рабочий стол/some/pathfinders/target/release/pathfinding_algorithms)
           n1: 171760 0x27BBB5: <glutin::context::NotCurrentContext as glutin::context::NotCurrentGlContextSurfaceAccessor<T>>::make_current (in /home/killpop/Рабочий стол/some/pathfinders/target/release/pathfinding_algorithms)
            n1: 171760 0x291765: glutin_window::GlutinWindow::from_raw (in /home/killpop/Рабочий стол/some/pathfinders/target/release/pathfinding_algorithms)
             n1: 171760 0x290C68: glutin_window::GlutinWindow::new (in /home/killpop/Рабочий стол/some/pathfinders/target/release/pathfinding_algorithms)
              n1: 171760 0x23C14A: <piston_window::prelude::PistonWindow<W> as window::BuildFromWindowSettings>::build_from_window_settings (in /home/killpop/Рабочий стол/some/pathfinders/target/release/pathfinding_algorithms)
               n1: 171760 0x22E598: pathfinding_algorithms::main (in /home/killpop/Рабочий стол/some/pathfinders/target/release/pathfinding_algorithms)
                n1: 171760 0x24E8E2: std::sys::backtrace::__rust_begin_short_backtrace (in /home/killpop/Рабочий стол/some/pathfinders/target/release/pathfinding_algorithms)
                 n1: 171760 0x23C5B8: std::rt::lang_start::{{closure}} (in /home/killpop/Рабочий стол/some/pathfinders/target/release/pathfinding_algorithms)
                  n1: 171760 0x44BFC3: std::rt::lang_start_internal (in /home/killpop/Рабочий стол/some/pathfinders/target/release/pathfinding_algorithms)
                   n0: 171760 0x236444: main (in /home/killpop/Рабочий стол/some/pathfinders/target/release/pathfinding_algorithms)
  n1: 167504 0x53D4323: ??? (in /usr/lib/x86_64-linux-gnu/libGLX_nvidia.so.580.173.02)
   n1: 167504 0x53D44D7: ??? (in /usr/lib/x86_64-linux-gnu/libGLX_nvidia.so.580.173.02)
    n1: 167504 0x53FA5E4: ??? (in /usr/lib/x86_64-linux-gnu/libGLX_nvidia.so.580.173.02)
     n1: 167504 0x53FF9E7: ??? (in /usr/lib/x86_64-linux-gnu/libGLX_nvidia.so.580.173.02)
      n1: 167504 0x53F4045: glXCreateContextAttribsARB (in /usr/lib/x86_64-linux-gnu/libGLX_nvidia.so.580.173.02)
       n1: 167504 0x5367E02: ??? (in /usr/lib/x86_64-linux-gnu/libGLX.so.0.0.0)
        n1: 167504 0x3C0110: glutin::api::glx::last_glx_error (in /home/killpop/Рабочий стол/some/pathfinders/target/release/pathfinding_algorithms)
         n1: 167504 0x3C92F0: glutin::api::glx::context::<impl glutin::api::glx::display::Display>::create_context (in /home/killpop/Рабочий стол/some/pathfinders/target/release/pathfinding_algorithms)
          n1: 167504 0x3C80BD: <glutin::display::Display as glutin::display::GlDisplay>::create_context (in /home/killpop/Рабочий стол/some/pathfinders/target/release/pathfinding_algorithms)
           n1: 167504 0x29145D: glutin_window::GlutinWindow::from_raw (in /home/killpop/Рабочий стол/some/pathfinders/target/release/pathfinding_algorithms)
            n1: 167504 0x290C68: glutin_window::GlutinWindow::new (in /home/killpop/Рабочий стол/some/pathfinders/target/release/pathfinding_algorithms)
             n1: 167504 0x23C14A: <piston_window::prelude::PistonWindow<W> as window::BuildFromWindowSettings>::build_from_window_settings (in /home/killpop/Рабочий стол/some/pathfinders/target/release/pathfinding_algorithms)
              n1: 167504 0x22E598: pathfinding_algorithms::main (in /home/killpop/Рабочий стол/some/pathfinders/target/release/pathfinding_algorithms)
               n1: 167504 0x24E8E2: std::sys::backtrace::__rust_begin_short_backtrace (in /home/killpop/Рабочий стол/some/pathfinders/target/release/pathfinding_algorithms)
                n1: 167504 0x23C5B8: std::rt::lang_start::{{closure}} (in /home/killpop/Рабочий стол/some/pathfinders/target/release/pathfinding_algorithms)
                 n1: 167504 0x44BFC3: std::rt::lang_start_internal (in /home/killpop/Рабочий стол/some/pathfinders/target/release/pathfinding_algorithms)
                  n0: 167504 0x236444: main (in /home/killpop/Рабочий стол/some/pathfinders/target/release/pathfinding_algorithms)
  n1: 163840 0x5FC2EB6: ??? (in /usr/lib/x86_64-linux-gnu/libnvidia-glcore.so.580.173.02)
   n1: 163840 0x5F95B81: ??? (in /usr/lib/x86_64-linux-gnu/libnvidia-glcore.so.580.173.02)
    n1: 163840 0x5F96561: ??? (in /usr/lib/x86_64-linux-gnu/libnvidia-glcore.so.580.173.02)
     n1: 163840 0x5F80DCB: ??? (in /usr/lib/x86_64-linux-gnu/libnvidia-glcore.so.580.173.02)
      n1: 163840 0x5F3A8EB: ??? (in /usr/lib/x86_64-linux-gnu/libnvidia-glcore.so.580.173.02)
       n1: 163840 0x53D344F: ??? (in /usr/lib/x86_64-linux-gnu/libGLX_nvidia.so.580.173.02)
        n1: 163840 0x54010E9: ??? (in /usr/lib/x86_64-linux-gnu/libGLX_nvidia.so.580.173.02)
         n1: 163840 0x53605B1: ??? (in /usr/lib/x86_64-linux-gnu/libGLX.so.0.0.0)
          n1: 163840 0x53629A1: ??? (in /usr/lib/x86_64-linux-gnu/libGLX.so.0.0.0)
           n1: 163840 0x53675E4: ??? (in /usr/lib/x86_64-linux-gnu/libGLX.so.0.0.0)
            n1: 163840 0x2BF65D: glutin::api::glx::last_glx_error (in /home/killpop/Рабочий стол/some/pathfinders/target/release/pathfinding_algorithms)
             n1: 163840 0x27BBB5: <glutin::context::NotCurrentContext as glutin::context::NotCurrentGlContextSurfaceAccessor<T>>::make_current (in /home/killpop/Рабочий стол/some/pathfinders/target/release/pathfinding_algorithms)
              n1: 163840 0x291765: glutin_window::GlutinWindow::from_raw (in /home/killpop/Рабочий стол/some/pathfinders/target/release/pathfinding_algorithms)
               n1: 163840 0x290C68: glutin_window::GlutinWindow::new (in /home/killpop/Рабочий стол/some/pathfinders/target/release/pathfinding_algorithms)
                n1: 163840 0x23C14A: <piston_window::prelude::PistonWindow<W> as window::BuildFromWindowSettings>::build_from_window_settings (in /home/killpop/Рабочий стол/some/pathfinders/target/release/pathfinding_algorithms)
                 n1: 163840 0x22E598: pathfinding_algorithms::main (in /home/killpop/Рабочий стол/some/pathfinders/target/release/pathfinding_algorithms)
                  n1: 163840 0x24E8E2: std::sys::backtrace::__rust_begin_short_backtrace (in /home/killpop/Рабочий стол/some/pathfinders/target/release/pathfinding_algorithms)
                   n1: 163840 0x23C5B8: std::rt::lang_start::{{closure}} (in /home/killpop/Рабочий стол/some/pathfinders/target/release/pathfinding_algorithms)
                    n1: 163840 0x44BFC3: std::rt::lang_start_internal (in /home/killpop/Рабочий стол/some/pathfinders/target/release/pathfinding_algorithms)
                     n0: 163840 0x236444: main (in /home/killpop/Рабочий стол/some/pathfinders/target/release/pathfinding_algorithms)
  n1: 154512 0x5F95879: ??? (in /usr/lib/x86_64-linux-gnu/libnvidia-glcore.so.580.173.02)
   n1: 154512 0x5F96561: ??? (in /usr/lib/x86_64-linux-gnu/libnvidia-glcore.so.580.173.02)
    n1: 154512 0x5F80DCB: ??? (in /usr/lib/x86_64-linux-gnu/libnvidia-glcore.so.580.173.02)
     n1: 154512 0x5F3A8EB: ??? (in /usr/lib/x86_64-linux-gnu/libnvidia-glcore.so.580.173.02)
      n1: 154512 0x53D344F: ??? (in /usr/lib/x86_64-linux-gnu/libGLX_nvidia.so.580.173.02)
       n1: 154512 0x54010E9: ??? (in /usr/lib/x86_64-linux-gnu/libGLX_nvidia.so.580.173.02)
        n1: 154512 0x53605B1: ??? (in /usr/lib/x86_64-linux-gnu/libGLX.so.0.0.0)
         n1: 154512 0x53629A1: ??? (in /usr/lib/x86_64-linux-gnu/libGLX.so.0.0.0)
          n1: 154512 0x53675E4: ??? (in /usr/lib/x86_64-linux-gnu/libGLX.so.0.0.0)
           n1: 154512 0x2BF65D: glutin::api::glx::last_glx_error (in /home/killpop/Рабочий стол/some/pathfinders/target/release/pathfinding_algorithms)
            n1: 154512 0x27BBB5: <glutin::context::NotCurrentContext as glutin::context::NotCurrentGlContextSurfaceAccessor<T>>::make_current (in /home/killpop/Рабочий стол/some/pathfinders/target/release/pathfinding_algorithms)
             n1: 154512 0x291765: glutin_window::GlutinWindow::from_raw (in /home/killpop/Рабочий стол/some/pathfinders/target/release/pathfinding_algorithms)
              n1: 154512 0x290C68: glutin_window::GlutinWindow::new (in /home/killpop/Рабочий стол/some/pathfinders/target/release/pathfinding_algorithms)
               n1: 154512 0x23C14A: <piston_window::prelude::PistonWindow<W> as window::BuildFromWindowSettings>::build_from_window_settings (in /home/killpop/Рабочий стол/some/pathfinders/target/release/pathfinding_algorithms)
                n1: 154512 0x22E598: pathfinding_algorithms::main (in /home/killpop/Рабочий стол/some/pathfinders/target/release/pathfinding_algorithms)
                 n1: 154512 0x24E8E2: std::sys::backtrace::__rust_begin_short_backtrace (in /home/killpop/Рабочий стол/some/pathfinders/target/release/pathfinding_algorithms)
                  n1: 154512 0x23C5B8: std::rt::lang_start::{{closure}} (in /home/killpop/Рабочий стол/some/pathfinders/target/release/pathfinding_algorithms)
                   n1: 154512 0x44BFC3: std::rt::lang_start_internal (in /home/killpop/Рабочий стол/some/pathfinders/target/release/pathfinding_algorithms)
                    n0: 154512 0x236444: main (in /home/killpop/Рабочий стол/some/pathfinders/target/release/pathfinding_algorithms)
  n1: 150472 0x5F3836F: ??? (in /usr/lib/x86_64-linux-gnu/libnvidia-glcore.so.580.173.02)
   n1: 150472 0x5F4C655: ??? (in /usr/lib/x86_64-linux-gnu/libnvidia-glcore.so.580.173.02)
    n1: 150472 0x53D43A0: ??? (in /usr/lib/x86_64-linux-gnu/libGLX_nvidia.so.580.173.02)
     n1: 150472 0x53D44D7: ??? (in /usr/lib/x86_64-linux-gnu/libGLX_nvidia.so.580.173.02)
      n1: 150472 0x53FA5E4: ??? (in /usr/lib/x86_64-linux-gnu/libGLX_nvidia.so.580.173.02)
       n1: 150472 0x53FF9E7: ??? (in /usr/lib/x86_64-linux-gnu/libGLX_nvidia.so.580.173.02)
        n1: 150472 0x53F4045: glXCreateContextAttribsARB (in /usr/lib/x86_64-linux-gnu/libGLX_nvidia.so.580.173.02)
         n1: 150472 0x5367E02: ??? (in /usr/lib/x86_64-linux-gnu/libGLX.so.0.0.0)
          n1: 150472 0x3C0110: glutin::api::glx::last_glx_error (in /home/killpop/Рабочий стол/some/pathfinders/target/release/pathfinding_algorithms)
           n1: 150472 0x3C92F0: glutin::api::glx::context::<impl glutin::api::glx::display::Display>::create_context (in /home/killpop/Рабочий стол/some/pathfinders/target/release/pathfinding_algorithms)
            n1: 150472 0x3C80BD: <glutin::display::Display as glutin::display::GlDisplay>::create_context (in /home/killpop/Рабочий стол/some/pathfinders/target/release/pathfinding_algorithms)
             n1: 150472 0x29145D: glutin_window::GlutinWindow::from_raw (in /home/killpop/Рабочий стол/some/pathfinders/target/release/pathfinding_algorithms)
              n1: 150472 0x290C68: glutin_window::GlutinWindow::new (in /home/killpop/Рабочий стол/some/pathfinders/target/release/pathfinding_algorithms)
               n1: 150472 0x23C14A: <piston_window::prelude::PistonWindow<W> as window::BuildFromWindowSettings>::build_from_window_settings (in /home/killpop/Рабочий стол/some/pathfinders/target/release/pathfinding_algorithms)
                n1: 150472 0x22E598: pathfinding_algorithms::main (in /home/killpop/Рабочий стол/some/pathfinders/target/release/pathfinding_algorithms)
                 n1: 150472 0x24E8E2: std::sys::backtrace::__rust_begin_short_backtrace (in /home/killpop/Рабочий стол/some/pathfinders/target/release/pathfinding_algorithms)
                  n1: 150472 0x23C5B8: std::rt::lang_start::{{closure}} (in /home/killpop/Рабочий стол/some/pathfinders/target/release/pathfinding_algorithms)
                   n1: 150472 0x44BFC3: std::rt::lang_start_internal (in /home/killpop/Рабочий стол/some/pathfinders/target/release/pathfinding_algorithms)
                    n0: 150472 0x236444: main (in /home/killpop/Рабочий стол/some/pathfinders/target/release/pathfinding_algorithms)
  n1: 123648 0x65CBF3F: ??? (in /usr/lib/x86_64-linux-gnu/libnvidia-glcore.so.580.173.02)
   n0: 123648 in 8 places, all below massif's threshold (1.00%)
 n3: 1881728 0x41A83E: alloc::raw_vec::RawVecInner<A>::finish_grow (in /home/killpop/Рабочий стол/some/pathfinders/target/release/pathfinding_algorithms)
  n3: 1697600 0x41A8F3: alloc::raw_vec::RawVecInner<A>::reserve::do_reserve_and_handle (in /home/killpop/Рабочий стол/some/pathfinders/target/release/pathfinding_algorithms)
   n1: 1310720 0x408A94: <gfx_device_gl::command::CommandBuffer as gfx_core::command::Buffer<gfx_device_gl::Resources>>::set_ref_values (in /home/killpop/Рабочий стол/some/pathfinders/target/release/pathfinding_algorithms)
    n1: 1310720 0x2504DC: gfx::encoder::Encoder<R,C>::draw (in /home/killpop/Рабочий стол/some/pathfinders/target/release/pathfinding_algorithms)
     n1: 1310720 0x22C9E7: <gfx_graphics::back_end::GfxGraphics<R,C> as graphics::graphics::Graphics>::tri_list_uv (in /home/killpop/Рабочий стол/some/pathfinders/target/release/pathfinding_algorithms)
      n1: 1310720 0x252733: graphics::image::Image::draw_tri (in /home/killpop/Рабочий стол/some/pathfinders/target/release/pathfinding_algorithms)
       n2: 1310720 0x23BD6F: graphics::text::Text::draw (in /home/killpop/Рабочий стол/some/pathfinders/target/release/pathfinding_algorithms)
        n1: 1310720 0x2449C3: pathfinding_algorithms::app::App::render (in /home/killpop/Рабочий стол/some/pathfinders/target/release/pathfinding_algorithms)
         n1: 1310720 0x242457: pathfinding_algorithms::menu::AppMenu::render (in /home/killpop/Рабочий стол/some/pathfinders/target/release/pathfinding_algorithms)
          n1: 1310720 0x22AA7C: gfx_graphics::back_end::Gfx2d<R>::draw (in /home/killpop/Рабочий стол/some/pathfinders/target/release/pathfinding_algorithms)
           n1: 1310720 0x22E9E5: pathfinding_algorithms::main (in /home/killpop/Рабочий стол/some/pathfinders/target/release/pathfinding_algorithms)
            n1: 1310720 0x24E8E2: std::sys::backtrace::__rust_begin_short_backtrace (in /home/killpop/Рабочий стол/some/pathfinders/target/release/pathfinding_algorithms)
             n1: 1310720 0x23C5B8: std::rt::lang_start::{{closure}} (in /home/killpop/Рабочий стол/some/pathfinders/target/release/pathfinding_algorithms)
              n1: 1310720 0x44BFC3: std::rt::lang_start_internal (in /home/killpop/Рабочий стол/some/pathfinders/target/release/pathfinding_algorithms)
               n0: 1310720 0x236444: main (in /home/killpop/Рабочий стол/some/pathfinders/target/release/pathfinding_algorithms)
        n0: 0 in 1 place, below massif's threshold (1.00%)
   n2: 196608 0x408958: <gfx_device_gl::command::CommandBuffer as gfx_core::command::Buffer<gfx_device_gl::Resources>>::update_buffer (in /home/killpop/Рабочий стол/some/pathfinders/target/release/pathfinding_algorithms)
    n2: 196608 0x24F95F: gfx::encoder::Encoder<R,C>::update_buffer (in /home/killpop/Рабочий стол/some/pathfinders/target/release/pathfinding_algorithms)
     n1: 196608 0x22D265: <gfx_graphics::back_end::GfxGraphics<R,C> as graphics::graphics::Graphics>::tri_list (in /home/killpop/Рабочий стол/some/pathfinders/target/release/pathfinding_algorithms)
      n1: 196608 0x24C862: graphics::rectangle::Rectangle::draw_tri (in /home/killpop/Рабочий стол/some/pathfinders/target/release/pathfinding_algorithms)
       n1: 196608 0x2447BA: pathfinding_algorithms::app::App::render (in /home/killpop/Рабочий стол/some/pathfinders/target/release/pathfinding_algorithms)
        n1: 196608 0x242457: pathfinding_algorithms::menu::AppMenu::render (in /home/killpop/Рабочий стол/some/pathfinders/target/release/pathfinding_algorithms)
         n1: 196608 0x22AA7C: gfx_graphics::back_end::Gfx2d<R>::draw (in /home/killpop/Рабочий стол/some/pathfinders/target/release/pathfinding_algorithms)
          n1: 196608 0x22E9E5: pathfinding_algorithms::main (in /home/killpop/Рабочий стол/some/pathfinders/target/release/pathfinding_algorithms)
           n1: 196608 0x24E8E2: std::sys::backtrace::__rust_begin_short_backtrace (in /home/killpop/Рабочий стол/some/pathfinders/target/release/pathfinding_algorithms)
            n1: 196608 0x23C5B8: std::rt::lang_start::{{closure}} (in /home/killpop/Рабочий стол/some/pathfinders/target/release/pathfinding_algorithms)
             n1: 196608 0x44BFC3: std::rt::lang_start_internal (in /home/killpop/Рабочий стол/some/pathfinders/target/release/pathfinding_algorithms)
              n0: 196608 0x236444: main (in /home/killpop/Рабочий стол/some/pathfinders/target/release/pathfinding_algorithms)
     n0: 0 in 1 place, below massif's threshold (1.00%)
    n0: 0 in 2 places, all below massif's threshold (1.00%)
   n0: 190272 in 11 places, all below massif's threshold (1.00%)
  n1: 181568 0x41A659: alloc::raw_vec::RawVec<T,A>::grow_one (in /home/killpop/Рабочий стол/some/pathfinders/target/release/pathfinding_algorithms)
   n0: 181568 in 16 places, all below massif's threshold (1.00%)
  n0: 2560 in 1 place, below massif's threshold (1.00%)
 n0: 1032754 in 441 places, all below massif's threshold (1.00%)
 n1: 241664 0x52D64D7: ??? (in /usr/lib/x86_64-linux-gnu/libGLdispatch.so.0.0.0)
  n1: 241664 0x52D6C11: ??? (in /usr/lib/x86_64-linux-gnu/libGLdispatch.so.0.0.0)
   n1: 241664 0x52D6E68: __glDispatchMakeCurrent (in /usr/lib/x86_64-linux-gnu/libGLdispatch.so.0.0.0)
    n1: 241664 0x5362923: ??? (in /usr/lib/x86_64-linux-gnu/libGLX.so.0.0.0)
     n1: 241664 0x53675E4: ??? (in /usr/lib/x86_64-linux-gnu/libGLX.so.0.0.0)
      n1: 241664 0x2BF65D: glutin::api::glx::last_glx_error (in /home/killpop/Рабочий стол/some/pathfinders/target/release/pathfinding_algorithms)
       n1: 241664 0x27BBB5: <glutin::context::NotCurrentContext as glutin::context::NotCurrentGlContextSurfaceAccessor<T>>::make_current (in /home/killpop/Рабочий стол/some/pathfinders/target/release/pathfinding_algorithms)
        n1: 241664 0x291765: glutin_window::GlutinWindow::from_raw (in /home/killpop/Рабочий стол/some/pathfinders/target/release/pathfinding_algorithms)
         n1: 241664 0x290C68: glutin_window::GlutinWindow::new (in /home/killpop/Рабочий стол/some/pathfinders/target/release/pathfinding_algorithms)
          n1: 241664 0x23C14A: <piston_window::prelude::PistonWindow<W> as window::BuildFromWindowSettings>::build_from_window_settings (in /home/killpop/Рабочий стол/some/pathfinders/target/release/pathfinding_algorithms)
           n1: 241664 0x22E598: pathfinding_algorithms::main (in /home/killpop/Рабочий стол/some/pathfinders/target/release/pathfinding_algorithms)
            n1: 241664 0x24E8E2: std::sys::backtrace::__rust_begin_short_backtrace (in /home/killpop/Рабочий стол/some/pathfinders/target/release/pathfinding_algorithms)
             n1: 241664 0x23C5B8: std::rt::lang_start::{{closure}} (in /home/killpop/Рабочий стол/some/pathfinders/target/release/pathfinding_algorithms)
              n1: 241664 0x44BFC3: std::rt::lang_start_internal (in /home/killpop/Рабочий стол/some/pathfinders/target/release/pathfinding_algorithms)
               n0: 241664 0x236444: main (in /home/killpop/Рабочий стол/some/pathfinders/target/release/pathfinding_algorithms)
 n1: 149594 0x9B5EE4D: ??? (in /usr/lib/x86_64-linux-gnu/libnvidia-gpucomp.so.580.173.02)
  n1: 149594 0x9B0E478: ??? (in /usr/lib/x86_64-linux-gnu/libnvidia-gpucomp.so.580.173.02)
   n1: 149594 0x82C24BF: ??? (in /usr/lib/x86_64-linux-gnu/libnvidia-gpucomp.so.580.173.02)
    n0: 149594 in 58 places, all below massif's threshold (1.00%)
#-----------
snapshot=3
#-----------
time=439442102
mem_heap_B=11344597
mem_heap_extra_B=126827
mem_stacks_B=0
heap_tree=empty
#-----------
snapshot=4
#-----------
time=596960401
mem_heap_B=11344597
mem_heap_extra_B=126843
mem_stacks_B=0
heap_tree=empty
#-----------
snapshot=5
#-----------
time=705157683
mem_heap_B=11345085
mem_heap_extra_B=126883
mem_stacks_B=0
heap_tree=empty
#-----------
snapshot=6
#-----------
time=875062656
mem_heap_B=11346789
mem_heap_extra_B=126955
mem_stacks_B=0
heap_tree=empty
#-----------
snapshot=7
#-----------
time=1016682425
mem_heap_B=11346789
mem_heap_extra_B=126955
mem_stacks_B=0
heap_tree=empty
#-----------
snapshot=8
#-----------
time=1154122204
mem_heap_B=11346645
mem_heap_extra_B=126947
mem_stacks_B=0
heap_tree=empty
#-----------
snapshot=9
#-----------
time=1274962634
mem_heap_B=11346853
mem_heap_extra_B=126939
mem_stacks_B=0
heap_tree=empty
#-----------
snapshot=10
#-----------
time=1433223993
mem_heap_B=11349093
mem_heap_extra_B=126955
mem_stacks_B=0
heap_tree=peak
n6: 11349093 (heap allocation functions) malloc/new/new[], --alloc-fns, etc.
 n6: 5194331 0x5F521C1: ??? (in /usr/lib/x86_64-linux-gnu/libnvidia-glcore.so.580.173.02)
  n2: 2463597 0x5C76E4A: ??? (in /usr/lib/x86_64-linux-gnu/libnvidia-glcore.so.580.173.02)
   n1: 2463597 0x5C5A175: ??? (in /usr/lib/x86_64-linux-gnu/libnvidia-glcore.so.580.173.02)
    n1: 2463597 0x5C5EF6F: ??? (in /usr/lib/x86_64-linux-gnu/libnvidia-glcore.so.580.173.02)
     n1: 2463597 0x41683E: gfx_device_gl::factory::Factory::init_buffer (in /home/killpop/Рабочий стол/some/pathfinders/target/release/pathfinding_algorithms)
      n3: 2463597 0x415AD0: <gfx_device_gl::factory::Factory as gfx_core::factory::Factory<gfx_device_gl::Resources>>::create_buffer_raw (in /home/killpop/Рабочий стол/some/pathfinders/target/release/pathfinding_algorithms)
       n1: 1636871 0x227240: gfx_graphics::back_end::Gfx2d<R>::new (in /home/killpop/Рабочий стол/some/pathfinders/target/release/pathfinding_algorithms)
        n1: 1636871 0x23C30D: <piston_window::prelude::PistonWindow<W> as window::BuildFromWindowSettings>::build_from_window_settings (in /home/killpop/Рабочий стол/some/pathfinders/target/release/pathfinding_algorithms)
         n1: 1636871 0x22E598: pathfinding_algorithms::main (in /home/killpop/Рабочий стол/some/pathfinders/target/release/pathfinding_algorithms)
          n1: 1636871 0x24E8E2: std::sys::backtrace::__rust_begin_short_backtrace (in /home/killpop/Рабочий стол/some/pathfinders/target/release/pathfinding_algorithms)
           n1: 1636871 0x23C5B8: std::rt::lang_start::{{closure}} (in /home/killpop/Рабочий стол/some/pathfinders/target/release/pathfinding_algorithms)
            n1: 1636871 0x44BFC3: std::rt::lang_start_internal (in /home/killpop/Рабочий стол/some/pathfinders/target/release/pathfinding_algorithms)
             n0: 1636871 0x236444: main (in /home/killpop/Рабочий стол/some/pathfinders/target/release/pathfinding_algorithms)
       n1: 818471 0x2271DF: gfx_graphics::back_end::Gfx2d<R>::new (in /home/killpop/Рабочий стол/some/pathfinders/target/release/pathfinding_algorithms)
        n1: 818471 0x23C30D: <piston_window::prelude::PistonWindow<W> as window::BuildFromWindowSettings>::build_from_window_settings (in /home/killpop/Рабочий стол/some/pathfinders/target/release/pathfinding_algorithms)
         n1: 818471 0x22E598: pathfinding_algorithms::main (in /home/killpop/Рабочий стол/some/pathfinders/target/release/pathfinding_algorithms)
          n1: 818471 0x24E8E2: std::sys::backtrace::__rust_begin_short_backtrace (in /home/killpop/Рабочий стол/some/pathfinders/target/release/pathfinding_algorithms)
           n1: 818471 0x23C5B8: std::rt::lang_start::{{closure}} (in /home/killpop/Рабочий стол/some/pathfinders/target/release/pathfinding_algorithms)
            n1: 818471 0x44BFC3: std::rt::lang_start_internal (in /home/killpop/Рабочий стол/some/pathfinders/target/release/pathfinding_algorithms)
             n0: 818471 0x236444: main (in /home/killpop/Рабочий стол/some/pathfinders/target/release/pathfinding_algorithms)
       n0: 8255 in 1 place, below massif's threshold (1.00%)
   n0: 0 in 1 place, below massif's threshold (1.00%)
  n1: 1638400 0x5C0DD8F: ??? (in /usr/lib/x86_64-linux-gnu/libnvidia-glcore.so.580.173.02)
   n1: 1638400 0x5F88378: ??? (in /usr/lib/x86_64-linux-gnu/libnvidia-glcore.so.580.173.02)
    n1: 1638400 0x5F3A724: ??? (in /usr/lib/x86_64-linux-gnu/libnvidia-glcore.so.580.173.02)
     n1: 1638400 0x53D313F: ??? (in /usr/lib/x86_64-linux-gnu/libGLX_nvidia.so.580.173.02)
      n1: 1638400 0x53FA624: ??? (in /usr/lib/x86_64-linux-gnu/libGLX_nvidia.so.580.173.02)
       n1: 1638400 0x53FF9E7: ??? (in /usr/lib/x86_64-linux-gnu/libGLX_nvidia.so.580.173.02)
        n1: 1638400 0x53F4045: glXCreateContextAttribsARB (in /usr/lib/x86_64-linux-gnu/libGLX_nvidia.so.580.173.02)
         n1: 1638400 0x5367E02: ??? (in /usr/lib/x86_64-linux-gnu/libGLX.so.0.0.0)
          n1: 1638400 0x3C0110: glutin::api::glx::last_glx_error (in /home/killpop/Рабочий стол/some/pathfinders/target/release/pathfinding_algorithms)
           n1: 1638400 0x3C92F0: glutin::api::glx::context::<impl glutin::api::glx::display::Display>::create_context (in /home/killpop/Рабочий стол/some/pathfinders/target/release/pathfinding_algorithms)
            n1: 1638400 0x3C80BD: <glutin::display::Display as glutin::display::GlDisplay>::create_context (in /home/killpop/Рабочий стол/some/pathfinders/target/release/pathfinding_algorithms)
             n1: 1638400 0x29145D: glutin_window::GlutinWindow::from_raw (in /home/killpop/Рабочий стол/some/pathfinders/target/release/pathfinding_algorithms)
              n1: 1638400 0x290C68: glutin_window::GlutinWindow::new (in /home/killpop/Рабочий стол/some/pathfinders/target/release/pathfinding_algorithms)
               n1: 1638400 0x23C14A: <piston_window::prelude::PistonWindow<W> as window::BuildFromWindowSettings>::build_from_window_settings (in /home/killpop/Рабочий стол/some/pathfinders/target/release/pathfinding_algorithms)
                n1: 1638400 0x22E598: pathfinding_algorithms::main (in /home/killpop/Рабочий стол/some/pathfinders/target/release/pathfinding_algorithms)
                 n1: 1638400 0x24E8E2: std::sys::backtrace::__rust_begin_short_backtrace (in /home/killpop/Рабочий стол/some/pathfinders/target/release/pathfinding_algorithms)
                  n1: 1638400 0x23C5B8: std::rt::lang_start::{{closure}} (in /home/killpop/Рабочий стол/some/pathfinders/target/release/pathfinding_algorithms)
                   n1: 1638400 0x44BFC3: std::rt::lang_start_internal (in /home/killpop/Рабочий стол/some/pathfinders/target/release/pathfinding_algorithms)
                    n0: 1638400 0x236444: main (in /home/killpop/Рабочий стол/some/pathfinders/target/release/pathfinding_algorithms)
  n1: 385024 0x5FC30B3: ??? (in /usr/lib/x86_64-linux-gnu/libnvidia-glcore.so.580.173.02)
   n1: 385024 0x5F95B81: ??? (in /usr/lib/x86_64-linux-gnu/libnvidia-glcore.so.580.173.02)
    n1: 385024 0x5F96561: ??? (in /usr/lib/x86_64-linux-gnu/libnvidia-glcore.so.580.173.02)
     n1: 385024 0x5F80DCB: ??? (in /usr/lib/x86_64-linux-gnu/libnvidia-glcore.so.580.173.02)
      n1: 385024 0x5F3A8EB: ??? (in /usr/lib/x86_64-linux-gnu/libnvidia-glcore.so.580.173.02)
       n1: 385024 0x53D344F: ??? (in /usr/lib/x86_64-linux-gnu/libGLX_nvidia.so.580.173.02)
        n1: 385024 0x54010E9: ??? (in /usr/lib/x86_64-linux-gnu/libGLX_nvidia.so.580.173.02)
         n1: 385024 0x53605B1: ??? (in /usr/lib/x86_64-linux-gnu/libGLX.so.0.0.0)
          n1: 385024 0x53629A1: ??? (in /usr/lib/x86_64-linux-gnu/libGLX.so.0.0.0)
           n1: 385024 0x53675E4: ??? (in /usr/lib/x86_64-linux-gnu/libGLX.so.0.0.0)
            n1: 385024 0x2BF65D: glutin::api::glx::last_glx_error (in /home/killpop/Рабочий стол/some/pathfinders/target/release/pathfinding_algorithms)
             n1: 385024 0x27BBB5: <glutin::context::NotCurrentContext as glutin::context::NotCurrentGlContextSurfaceAccessor<T>>::make_current (in /home/killpop/Рабочий стол/some/pathfinders/target/release/pathfinding_algorithms)
              n1: 385024 0x291765: glutin_window::GlutinWindow::from_raw (in /home/killpop/Рабочий стол/some/pathfinders/target/release/pathfinding_algorithms)
               n1: 385024 0x290C68: glutin_window::GlutinWindow::new (in /home/killpop/Рабочий стол/some/pathfinders/target/release/pathfinding_algorithms)
                n1: 385024 0x23C14A: <piston_window::prelude::PistonWindow<W> as window::BuildFromWindowSettings>::build_from_window_settings (in /home/killpop/Рабочий стол/some/pathfinders/target/release/pathfinding_algorithms)
                 n1: 385024 0x22E598: pathfinding_algorithms::main (in /home/killpop/Рабочий стол/some/pathfinders/target/release/pathfinding_algorithms)
                  n1: 385024 0x24E8E2: std::sys::backtrace::__rust_begin_short_backtrace (in /home/killpop/Рабочий стол/some/pathfinders/target/release/pathfinding_algorithms)
                   n1: 385024 0x23C5B8: std::rt::lang_start::{{closure}} (in /home/killpop/Рабочий стол/some/pathfinders/target/release/pathfinding_algorithms)
                    n1: 385024 0x44BFC3: std::rt::lang_start_internal (in /home/killpop/Рабочий стол/some/pathfinders/target/release/pathfinding_algorithms)
                     n0: 385024 0x236444: main (in /home/killpop/Рабочий стол/some/pathfinders/target/release/pathfinding_algorithms)
  n0: 283178 in 225 places, all below massif's threshold (1.00%)
  n1: 262132 0x53FF724: ??? (in /usr/lib/x86_64-linux-gnu/libGLX_nvidia.so.580.173.02)
   n1: 262132 0x53F4045: glXCreateContextAttribsARB (in /usr/lib/x86_64-linux-gnu/libGLX_nvidia.so.580.173.02)
    n1: 262132 0x5367E02: ??? (in /usr/lib/x86_64-linux-gnu/libGLX.so.0.0.0)
     n1: 262132 0x3C0110: glutin::api::glx::last_glx_error (in /home/killpop/Рабочий стол/some/pathfinders/target/release/pathfinding_algorithms)
      n1: 262132 0x3C92F0: glutin::api::glx::context::<impl glutin::api::glx::display::Display>::create_context (in /home/killpop/Рабочий стол/some/pathfinders/target/release/pathfinding_algorithms)
       n1: 262132 0x3C80BD: <glutin::display::Display as glutin::display::GlDisplay>::create_context (in /home/killpop/Рабочий стол/some/pathfinders/target/release/pathfinding_algorithms)
        n1: 262132 0x29145D: glutin_window::GlutinWindow::from_raw (in /home/killpop/Рабочий стол/some/pathfinders/target/release/pathfinding_algorithms)
         n1: 262132 0x290C68: glutin_window::GlutinWindow::new (in /home/killpop/Рабочий стол/some/pathfinders/target/release/pathfinding_algorithms)
          n1: 262132 0x23C14A: <piston_window::prelude::PistonWindow<W> as window::BuildFromWindowSettings>::build_from_window_settings (in /home/killpop/Рабочий стол/some/pathfinders/target/release/pathfinding_algorithms)
           n1: 262132 0x22E598: pathfinding_algorithms::main (in /home/killpop/Рабочий стол/some/pathfinders/target/release/pathfinding_algorithms)
            n1: 262132 0x24E8E2: std::sys::backtrace::__rust_begin_short_backtrace (in /home/killpop/Рабочий стол/some/pathfinders/target/release/pathfinding_algorithms)
             n1: 262132 0x23C5B8: std::rt::lang_start::{{closure}} (in /home/killpop/Рабочий стол/some/pathfinders/target/release/pathfinding_algorithms)
              n1: 262132 0x44BFC3: std::rt::lang_start_internal (in /home/killpop/Рабочий стол/some/pathfinders/target/release/pathfinding_algorithms)
               n0: 262132 0x236444: main (in /home/killpop/Рабочий стол/some/pathfinders/target/release/pathfinding_algorithms)
  n1: 162000 0x653ADBC: ??? (in /usr/lib/x86_64-linux-gnu/libnvidia-glcore.so.580.173.02)
   n1: 162000 0x654403F: ??? (in /usr/lib/x86_64-linux-gnu/libnvidia-glcore.so.580.173.02)
    n1: 162000 0x5F4C308: ??? (in /usr/lib/x86_64-linux-gnu/libnvidia-glcore.so.580.173.02)
     n1: 162000 0x53D43A0: ??? (in /usr/lib/x86_64-linux-gnu/libGLX_nvidia.so.580.173.02)
      n1: 162000 0x53D44D7: ??? (in /usr/lib/x86_64-linux-gnu/libGLX_nvidia.so.580.173.02)
       n1: 162000 0x53FA5E4: ??? (in /usr/lib/x86_64-linux-gnu/libGLX_nvidia.so.580.173.02)
        n1: 162000 0x53FF9E7: ??? (in /usr/lib/x86_64-linux-gnu/libGLX_nvidia.so.580.173.02)
         n1: 162000 0x53F4045: glXCreateContextAttribsARB (in /usr/lib/x86_64-linux-gnu/libGLX_nvidia.so.580.173.02)
          n1: 162000 0x5367E02: ??? (in /usr/lib/x86_64-linux-gnu/libGLX.so.0.0.0)
           n1: 162000 0x3C0110: glutin::api::glx::last_glx_error (in /home/killpop/Рабочий стол/some/pathfinders/target/release/pathfinding_algorithms)
            n1: 162000 0x3C92F0: glutin::api::glx::context::<impl glutin::api::glx::display::Display>::create_context (in /home/killpop/Рабочий стол/some/pathfinders/target/release/pathfinding_algorithms)
             n1: 162000 0x3C80BD: <glutin::display::Display as glutin::display::GlDisplay>::create_context (in /home/killpop/Рабочий стол/some/pathfinders/target/release/pathfinding_algorithms)
              n1: 162000 0x29145D: glutin_window::GlutinWindow::from_raw (in /home/killpop/Рабочий стол/some/pathfinders/target/release/pathfinding_algorithms)
               n1: 162000 0x290C68: glutin_window::GlutinWindow::new (in /home/killpop/Рабочий стол/some/pathfinders/target/release/pathfinding_algorithms)
                n1: 162000 0x23C14A: <piston_window::prelude::PistonWindow<W> as window::BuildFromWindowSettings>::build_from_window_settings (in /home/killpop/Рабочий стол/some/pathfinders/target/release/pathfinding_algorithms)
                 n1: 162000 0x22E598: pathfinding_algorithms::main (in /home/killpop/Рабочий стол/some/pathfinders/target/release/pathfinding_algorithms)
                  n1: 162000 0x24E8E2: std::sys::backtrace::__rust_begin_short_backtrace (in /home/killpop/Рабочий стол/some/pathfinders/target/release/pathfinding_algorithms)
                   n1: 162000 0x23C5B8: std::rt::lang_start::{{closure}} (in /home/killpop/Рабочий стол/some/pathfinders/target/release/pathfinding_algorithms)
                    n1: 162000 0x44BFC3: std::rt::lang_start_internal (in /home/killpop/Рабочий стол/some/pathfinders/target/release/pathfinding_algorithms)
                     n0: 162000 0x236444: main (in /home/killpop/Рабочий стол/some/pathfinders/target/release/pathfinding_algorithms)
 n9: 2845478 0x5F5247D: ??? (in /usr/lib/x86_64-linux-gnu/libnvidia-glcore.so.580.173.02)
  n1: 825080 0x5F958BA: ??? (in /usr/lib/x86_64-linux-gnu/libnvidia-glcore.so.580.173.02)
   n1: 825080 0x5F96561: ??? (in /usr/lib/x86_64-linux-gnu/libnvidia-glcore.so.580.173.02)
    n1: 825080 0x5F80DCB: ??? (in /usr/lib/x86_64-linux-gnu/libnvidia-glcore.so.580.173.02)
     n1: 825080 0x5F3A8EB: ??? (in /usr/lib/x86_64-linux-gnu/libnvidia-glcore.so.580.173.02)
      n1: 825080 0x53D344F: ??? (in /usr/lib/x86_64-linux-gnu/libGLX_nvidia.so.580.173.02)
       n1: 825080 0x54010E9: ??? (in /usr/lib/x86_64-linux-gnu/libGLX_nvidia.so.580.173.02)
        n1: 825080 0x53605B1: ??? (in /usr/lib/x86_64-linux-gnu/libGLX.so.0.0.0)
         n1: 825080 0x53629A1: ??? (in /usr/lib/x86_64-linux-gnu/libGLX.so.0.0.0)
          n1: 825080 0x53675E4: ??? (in /usr/lib/x86_64-linux-gnu/libGLX.so.0.0.0)
           n1: 825080 0x2BF65D: glutin::api::glx::last_glx_error (in /home/killpop/Рабочий стол/some/pathfinders/target/release/pathfinding_algorithms)
            n1: 825080 0x27BBB5: <glutin::context::NotCurrentContext as glutin::context::NotCurrentGlContextSurfaceAccessor<T>>::make_current (in /home/killpop/Рабочий стол/some/pathfinders/target/release/pathfinding_algorithms)
             n1: 825080 0x291765: glutin_window::GlutinWindow::from_raw (in /home/killpop/Рабочий стол/some/pathfinders/target/release/pathfinding_algorithms)
              n1: 825080 0x290C68: glutin_window::GlutinWindow::new (in /home/killpop/Рабочий стол/some/pathfinders/target/release/pathfinding_algorithms)
               n1: 825080 0x23C14A: <piston_window::prelude::PistonWindow<W> as window::BuildFromWindowSettings>::build_from_window_settings (in /home/killpop/Рабочий стол/some/pathfinders/target/release/pathfinding_algorithms)
                n1: 825080 0x22E598: pathfinding_algorithms::main (in /home/killpop/Рабочий стол/some/pathfinders/target/release/pathfinding_algorithms)
                 n1: 825080 0x24E8E2: std::sys::backtrace::__rust_begin_short_backtrace (in /home/killpop/Рабочий стол/some/pathfinders/target/release/pathfinding_algorithms)
                  n1: 825080 0x23C5B8: std::rt::lang_start::{{closure}} (in /home/killpop/Рабочий стол/some/pathfinders/target/release/pathfinding_algorithms)
                   n1: 825080 0x44BFC3: std::rt::lang_start_internal (in /home/killpop/Рабочий стол/some/pathfinders/target/release/pathfinding_algorithms)
                    n0: 825080 0x236444: main (in /home/killpop/Рабочий стол/some/pathfinders/target/release/pathfinding_algorithms)
  n0: 781351 in 116 places, all below massif's threshold (1.00%)
  n1: 307311 0x5C75DBB: ??? (in /usr/lib/x86_64-linux-gnu/libnvidia-glcore.so.580.173.02)
   n1: 307311 0x53FAEBF: ??? (in /usr/lib/x86_64-linux-gnu/libGLX_nvidia.so.580.173.02)
    n1: 307311 0x5403FDB: ??? (in /usr/lib/x86_64-linux-gnu/libGLX_nvidia.so.580.173.02)
     n1: 307311 0x53D0A5A: ??? (in /usr/lib/x86_64-linux-gnu/libGLX_nvidia.so.580.173.02)
      n1: 307311 0x542C401: ??? (in /usr/lib/x86_64-linux-gnu/libGLX_nvidia.so.580.173.02)
       n1: 307311 0x53D0012: ??? (in /usr/lib/x86_64-linux-gnu/libGLX_nvidia.so.580.173.02)
        n1: 307311 0x4005823: call_init (dl-init.c:120)
         n1: 307311 0x4005823: _dl_init (dl-init.c:121)
          n1: 307311 0x40015B1: _dl_catch_exception (dl-catch.c:211)
           n1: 307311 0x400CD7B: dl_open_worker (dl-open.c:829)
            n1: 307311 0x400CD7B: dl_open_worker (dl-open.c:792)
             n1: 307311 0x400151B: _dl_catch_exception (dl-catch.c:237)
              n1: 307311 0x400D163: _dl_open (dl-open.c:905)
               n1: 307311 0x4A22283: dlopen_doit (dlopen.c:56)
                n1: 307311 0x400151B: _dl_catch_exception (dl-catch.c:237)
                 n1: 307311 0x4001668: _dl_catch_error (dl-catch.c:256)
                  n1: 307311 0x4A21D62: _dlerror_run (dlerror.c:138)
                   n1: 307311 0x4A2233E: dlopen_implementation (dlopen.c:71)
                    n1: 307311 0x4A2233E: dlopen@@GLIBC_2.34 (dlopen.c:81)
                     n1: 307311 0x536530A: ??? (in /usr/lib/x86_64-linux-gnu/libGLX.so.0.0.0)
                      n1: 307311 0x5367BAC: ??? (in /usr/lib/x86_64-linux-gnu/libGLX.so.0.0.0)
                       n1: 307311 0x53683B5: glXGetClientString (in /usr/lib/x86_64-linux-gnu/libGLX.so.0.0.0)
                        n1: 307311 0x3C956E: glutin::api::glx::display::Display::new (in /home/killpop/Рабочий стол/some/pathfinders/target/release/pathfinding_algorithms)
                         n1: 307311 0x3C7D97: glutin::display::Display::new (in /home/killpop/Рабочий стол/some/pathfinders/target/release/pathfinding_algorithms)
                          n1: 307311 0x27BED9: glutin_winit::DisplayBuilder::build (in /home/killpop/Рабочий стол/some/pathfinders/target/release/pathfinding_algorithms)
                           n1: 307311 0x290F37: glutin_window::GlutinWindow::from_raw (in /home/killpop/Рабочий стол/some/pathfinders/target/release/pathfinding_algorithms)
                            n1: 307311 0x290C68: glutin_window::GlutinWindow::new (in /home/killpop/Рабочий стол/some/pathfinders/target/release/pathfinding_algorithms)
                             n1: 307311 0x23C14A: <piston_window::prelude::PistonWindow<W> as window::BuildFromWindowSettings>::build_from_window_settings (in /home/killpop/Рабочий стол/some/pathfinders/target/release/pathfinding_algorithms)
                              n1: 307311 0x22E598: pathfinding_algorithms::main (in /home/killpop/Рабочий стол/some/pathfinders/target/release/pathfinding_algorithms)
                               n1: 307311 0x24E8E2: std::sys::backtrace::__rust_begin_short_backtrace (in /home/killpop/Рабочий стол/some/pathfinders/target/release/pathfinding_algorithms)
                                n1: 307311 0x23C5B8: std::rt::lang_start::{{closure}} (in /home/killpop/Рабочий стол/some/pathfinders/target/release/pathfinding_algorithms)
                                 n0: 307311 0x44BFC3: std::rt::lang_start_internal (in /home/killpop/Рабочий стол/some/pathfinders/target/release/pathfinding_algorithms)
  n1: 171760 0x5F6FCFE: ??? (in /usr/lib/x86_64-linux-gnu/libnvidia-glcore.so.580.173.02)
   n1: 171760 0x5F81285: ??? (in /usr/lib/x86_64-linux-gnu/libnvidia-glcore.so.580.173.02)
    n1: 171760 0x5F3A8EB: ??? (in /usr/lib/x86_64-linux-gnu/libnvidia-glcore.so.580.173.02)
     n1: 171760 0x53D344F: ??? (in /usr/lib/x86_64-linux-gnu/libGLX_nvidia.so.580.173.02)
      n1: 171760 0x54010E9: ??? (in /usr/lib/x86_64-linux-gnu/libGLX_nvidia.so.580.173.02)
       n1: 171760 0x53605B1: ??? (in /usr/lib/x86_64-linux-gnu/libGLX.so.0.0.0)
        n1: 171760 0x53629A1: ??? (in /usr/lib/x86_64-linux-gnu/libGLX.so.0.0.0)
         n1: 171760 0x53675E4: ??? (in /usr/lib/x86_64-linux-gnu/libGLX.so.0.0.0)
          n1: 171760 0x2BF65D: glutin::api::glx::last_glx_error (in /home/killpop/Рабочий стол/some/pathfinders/target/release/pathfinding_algorithms)
           n1: 171760 0x27BBB5: <glutin::context::NotCurrentContext as glutin::context::NotCurrentGlContextSurfaceAccessor<T>>::make_current (in /home/killpop/Рабочий стол/some/pathfinders/target/release/pathfinding_algorithms)
            n1: 171760 0x291765: glutin_window::GlutinWindow::from_raw (in /home/killpop/Рабочий стол/some/pathfinders/target/release/pathfinding_algorithms)
             n1: 171760 0x290C68: glutin_window::GlutinWindow::new (in /home/killpop/Рабочий стол/some/pathfinders/target/release/pathfinding_algorithms)
              n1: 171760 0x23C14A: <piston_window::prelude::PistonWindow<W> as window::BuildFromWindowSettings>::build_from_window_settings (in /home/killpop/Рабочий стол/some/pathfinders/target/release/pathfinding_algorithms)
               n1: 171760 0x22E598: pathfinding_algorithms::main (in /home/killpop/Рабочий стол/some/pathfinders/target/release/pathfinding_algorithms)
                n1: 171760 0x24E8E2: std::sys::backtrace::__rust_begin_short_backtrace (in /home/killpop/Рабочий стол/some/pathfinders/target/release/pathfinding_algorithms)
                 n1: 171760 0x23C5B8: std::rt::lang_start::{{closure}} (in /home/killpop/Рабочий стол/some/pathfinders/target/release/pathfinding_algorithms)
                  n1: 171760 0x44BFC3: std::rt::lang_start_internal (in /home/killpop/Рабочий стол/some/pathfinders/target/release/pathfinding_algorithms)
                   n0: 171760 0x236444: main (in /home/killpop/Рабочий стол/some/pathfinders/target/release/pathfinding_algorithms)
  n1: 167504 0x53D4323: ??? (in /usr/lib/x86_64-linux-gnu/libGLX_nvidia.so.580.173.02)
   n1: 167504 0x53D44D7: ??? (in /usr/lib/x86_64-linux-gnu/libGLX_nvidia.so.580.173.02)
    n1: 167504 0x53FA5E4: ??? (in /usr/lib/x86_64-linux-gnu/libGLX_nvidia.so.580.173.02)
     n1: 167504 0x53FF9E7: ??? (in /usr/lib/x86_64-linux-gnu/libGLX_nvidia.so.580.173.02)
      n1: 167504 0x53F4045: glXCreateContextAttribsARB (in /usr/lib/x86_64-linux-gnu/libGLX_nvidia.so.580.173.02)
       n1: 167504 0x5367E02: ??? (in /usr/lib/x86_64-linux-gnu/libGLX.so.0.0.0)
        n1: 167504 0x3C0110: glutin::api::glx::last_glx_error (in /home/killpop/Рабочий стол/some/pathfinders/target/release/pathfinding_algorithms)
         n1: 167504 0x3C92F0: glutin::api::glx::context::<impl glutin::api::glx::display::Display>::create_context (in /home/killpop/Рабочий стол/some/pathfinders/target/release/pathfinding_algorithms)
          n1: 167504 0x3C80BD: <glutin::display::Display as glutin::display::GlDisplay>::create_context (in /home/killpop/Рабочий стол/some/pathfinders/target/release/pathfinding_algorithms)
           n1: 167504 0x29145D: glutin_window::GlutinWindow::from_raw (in /home/killpop/Рабочий стол/some/pathfinders/target/release/pathfinding_algorithms)
            n1: 167504 0x290C68: glutin_window::GlutinWindow::new (in /home/killpop/Рабочий стол/some/pathfinders/target/release/pathfinding_algorithms)
             n1: 167504 0x23C14A: <piston_window::prelude::PistonWindow<W> as window::BuildFromWindowSettings>::build_from_window_settings (in /home/killpop/Рабочий стол/some/pathfinders/target/release/pathfinding_algorithms)
              n1: 167504 0x22E598: pathfinding_algorithms::main (in /home/killpop/Рабочий стол/some/pathfinders/target/release/pathfinding_algorithms)
               n1: 167504 0x24E8E2: std::sys::backtrace::__rust_begin_short_backtrace (in /home/killpop/Рабочий стол/some/pathfinders/target/release/pathfinding_algorithms)
                n1: 167504 0x23C5B8: std::rt::lang_start::{{closure}} (in /home/killpop/Рабочий стол/some/pathfinders/target/release/pathfinding_algorithms)
                 n1: 167504 0x44BFC3: std::rt::lang_start_internal (in /home/killpop/Рабочий стол/some/pathfinders/target/release/pathfinding_algorithms)
                  n0: 167504 0x236444: main (in /home/killpop/Рабочий стол/some/pathfinders/target/release/pathfinding_algorithms)
  n1: 163840 0x5FC2EB6: ??? (in /usr/lib/x86_64-linux-gnu/libnvidia-glcore.so.580.173.02)
   n1: 163840 0x5F95B81: ??? (in /usr/lib/x86_64-linux-gnu/libnvidia-glcore.so.580.173.02)
    n1: 163840 0x5F96561: ??? (in /usr/lib/x86_64-linux-gnu/libnvidia-glcore.so.580.173.02)
     n1: 163840 0x5F80DCB: ??? (in /usr/lib/x86_64-linux-gnu/libnvidia-glcore.so.580.173.02)
      n1: 163840 0x5F3A8EB: ??? (in /usr/lib/x86_64-linux-gnu/libnvidia-glcore.so.580.173.02)
       n1: 163840 0x53D344F: ??? (in /usr/lib/x86_64-linux-gnu/libGLX_nvidia.so.580.173.02)
        n1: 163840 0x54010E9: ??? (in /usr/lib/x86_64-linux-gnu/libGLX_nvidia.so.580.173.02)
         n1: 163840 0x53605B1: ??? (in /usr/lib/x86_64-linux-gnu/libGLX.so.0.0.0)
          n1: 163840 0x53629A1: ??? (in /usr/lib/x86_64-linux-gnu/libGLX.so.0.0.0)
           n1: 163840 0x53675E4: ??? (in /usr/lib/x86_64-linux-gnu/libGLX.so.0.0.0)
            n1: 163840 0x2BF65D: glutin::api::glx::last_glx_error (in /home/killpop/Рабочий стол/some/pathfinders/target/release/pathfinding_algorithms)
             n1: 163840 0x27BBB5: <glutin::context::NotCurrentContext as glutin::context::NotCurrentGlContextSurfaceAccessor<T>>::make_current (in /home/killpop/Рабочий стол/some/pathfinders/target/release/pathfinding_algorithms)
              n1: 163840 0x291765: glutin_window::GlutinWindow::from_raw (in /home/killpop/Рабочий стол/some/pathfinders/target/release/pathfinding_algorithms)
               n1: 163840 0x290C68: glutin_window::GlutinWindow::new (in /home/killpop/Рабочий стол/some/pathfinders/target/release/pathfinding_algorithms)
                n1: 163840 0x23C14A: <piston_window::prelude::PistonWindow<W> as window::BuildFromWindowSettings>::build_from_window_settings (in /home/killpop/Рабочий стол/some/pathfinders/target/release/pathfinding_algorithms)
                 n1: 163840 0x22E598: pathfinding_algorithms::main (in /home/killpop/Рабочий стол/some/pathfinders/target/release/pathfinding_algorithms)
                  n1: 163840 0x24E8E2: std::sys::backtrace::__rust_begin_short_backtrace (in /home/killpop/Рабочий стол/some/pathfinders/target/release/pathfinding_algorithms)
                   n1: 163840 0x23C5B8: std::rt::lang_start::{{closure}} (in /home/killpop/Рабочий стол/some/pathfinders/target/release/pathfinding_algorithms)
                    n1: 163840 0x44BFC3: std::rt::lang_start_internal (in /home/killpop/Рабочий стол/some/pathfinders/target/release/pathfinding_algorithms)
                     n0: 163840 0x236444: main (in /home/killpop/Рабочий стол/some/pathfinders/target/release/pathfinding_algorithms)
  n1: 154512 0x5F95879: ??? (in /usr/lib/x86_64-linux-gnu/libnvidia-glcore.so.580.173.02)
   n1: 154512 0x5F96561: ??? (in /usr/lib/x86_64-linux-gnu/libnvidia-glcore.so.580.173.02)
    n1: 154512 0x5F80DCB: ??? (in /usr/lib/x86_64-linux-gnu/libnvidia-glcore.so.580.173.02)
     n1: 154512 0x5F3A8EB: ??? (in /usr/lib/x86_64-linux-gnu/libnvidia-glcore.so.580.173.02)
      n1: 154512 0x53D344F: ??? (in /usr/lib/x86_64-linux-gnu/libGLX_nvidia.so.580.173.02)
       n1: 154512 0x54010E9: ??? (in /usr/lib/x86_64-linux-gnu/libGLX_nvidia.so.580.173.02)
        n1: 154512 0x53605B1: ??? (in /usr/lib/x86_64-linux-gnu/libGLX.so.0.0.0)
         n1: 154512 0x53629A1: ??? (in /usr/lib/x86_64-linux-gnu/libGLX.so.0.0.0)
          n1: 154512 0x53675E4: ??? (in /usr/lib/x86_64-linux-gnu/libGLX.so.0.0.0)
           n1: 154512 0x2BF65D: glutin::api::glx::last_glx_error (in /home/killpop/Рабочий стол/some/pathfinders/target/release/pathfinding_algorithms)
            n1: 154512 0x27BBB5: <glutin::context::NotCurrentContext as glutin::context::NotCurrentGlContextSurfaceAccessor<T>>::make_current (in /home/killpop/Рабочий стол/some/pathfinders/target/release/pathfinding_algorithms)
             n1: 154512 0x291765: glutin_window::GlutinWindow::from_raw (in /home/killpop/Рабочий стол/some/pathfinders/target/release/pathfinding_algorithms)
              n1: 154512 0x290C68: glutin_window::GlutinWindow::new (in /home/killpop/Рабочий стол/some/pathfinders/target/release/pathfinding_algorithms)
               n1: 154512 0x23C14A: <piston_window::prelude::PistonWindow<W> as window::BuildFromWindowSettings>::build_from_window_settings (in /home/killpop/Рабочий стол/some/pathfinders/target/release/pathfinding_algorithms)
                n1: 154512 0x22E598: pathfinding_algorithms::main (in /home/killpop/Рабочий стол/some/pathfinders/target/release/pathfinding_algorithms)
                 n1: 154512 0x24E8E2: std::sys::backtrace::__rust_begin_short_backtrace (in /home/killpop/Рабочий стол/some/pathfinders/target/release/pathfinding_algorithms)
                  n1: 154512 0x23C5B8: std::rt::lang_start::{{closure}} (in /home/killpop/Рабочий стол/some/pathfinders/target/release/pathfinding_algorithms)
                   n1: 154512 0x44BFC3: std::rt::lang_start_internal (in /home/killpop/Рабочий стол/some/pathfinders/target/release/pathfinding_algorithms)
                    n0: 154512 0x236444: main (in /home/killpop/Рабочий стол/some/pathfinders/target/release/pathfinding_algorithms)
  n1: 150472 0x5F3836F: ??? (in /usr/lib/x86_64-linux-gnu/libnvidia-glcore.so.580.173.02)
   n1: 150472 0x5F4C655: ??? (in /usr/lib/x86_64-linux-gnu/libnvidia-glcore.so.580.173.02)
    n1: 150472 0x53D43A0: ??? (in /usr/lib/x86_64-linux-gnu/libGLX_nvidia.so.580.173.02)
     n1: 150472 0x53D44D7: ??? (in /usr/lib/x86_64-linux-gnu/libGLX_nvidia.so.580.173.02)
      n1: 150472 0x53FA5E4: ??? (in /usr/lib/x86_64-linux-gnu/libGLX_nvidia.so.580.173.02)
       n1: 150472 0x53FF9E7: ??? (in /usr/lib/x86_64-linux-gnu/libGLX_nvidia.so.580.173.02)
        n1: 150472 0x53F4045: glXCreateContextAttribsARB (in /usr/lib/x86_64-linux-gnu/libGLX_nvidia.so.580.173.02)
         n1: 150472 0x5367E02: ??? (in /usr/lib/x86_64-linux-gnu/libGLX.so.0.0.0)
          n1: 150472 0x3C0110: glutin::api::glx::last_glx_error (in /home/killpop/Рабочий стол/some/pathfinders/target/release/pathfinding_algorithms)
           n1: 150472 0x3C92F0: glutin::api::glx::context::<impl glutin::api::glx::display::Display>::create_context (in /home/killpop/Рабочий стол/some/pathfinders/target/release/pathfinding_algorithms)
            n1: 150472 0x3C80BD: <glutin::display::Display as glutin::display::GlDisplay>::create_context (in /home/killpop/Рабочий стол/some/pathfinders/target/release/pathfinding_algorithms)
             n1: 150472 0x29145D: glutin_window::GlutinWindow::from_raw (in /home/killpop/Рабочий стол/some/pathfinders/target/release/pathfinding_algorithms)
              n1: 150472 0x290C68: glutin_window::GlutinWindow::new (in /home/killpop/Рабочий стол/some/pathfinders/target/release/pathfinding_algorithms)
               n1: 150472 0x23C14A: <piston_window::prelude::PistonWindow<W> as window::BuildFromWindowSettings>::build_from_window_settings (in /home/killpop/Рабочий стол/some/pathfinders/target/release/pathfinding_algorithms)
                n1: 150472 0x22E598: pathfinding_algorithms::main (in /home/killpop/Рабочий стол/some/pathfinders/target/release/pathfinding_algorithms)
                 n1: 150472 0x24E8E2: std::sys::backtrace::__rust_begin_short_backtrace (in /home/killpop/Рабочий стол/some/pathfinders/target/release/pathfinding_algorithms)
                  n1: 150472 0x23C5B8: std::rt::lang_start::{{closure}} (in /home/killpop/Рабочий стол/some/pathfinders/target/release/pathfinding_algorithms)
                   n1: 150472 0x44BFC3: std::rt::lang_start_internal (in /home/killpop/Рабочий стол/some/pathfinders/target/release/pathfinding_algorithms)
                    n0: 150472 0x236444: main (in /home/killpop/Рабочий стол/some/pathfinders/target/release/pathfinding_algorithms)
  n1: 123648 0x65CBF3F: ??? (in /usr/lib/x86_64-linux-gnu/libnvidia-glcore.so.580.173.02)
   n0: 123648 in 8 places, all below massif's threshold (1.00%)
 n3: 1881728 0x41A83E: alloc::raw_vec::RawVecInner<A>::finish_grow (in /home/killpop/Рабочий стол/some/pathfinders/target/release/pathfinding_algorithms)
  n3: 1697600 0x41A8F3: alloc::raw_vec::RawVecInner<A>::reserve::do_reserve_and_handle (in /home/killpop/Рабочий стол/some/pathfinders/target/release/pathfinding_algorithms)
   n1: 1310720 0x408A94: <gfx_device_gl::command::CommandBuffer as gfx_core::command::Buffer<gfx_device_gl::Resources>>::set_ref_values (in /home/killpop/Рабочий стол/some/pathfinders/target/release/pathfinding_algorithms)
    n1: 1310720 0x2504DC: gfx::encoder::Encoder<R,C>::draw (in /home/killpop/Рабочий стол/some/pathfinders/target/release/pathfinding_algorithms)
     n1: 1310720 0x22C9E7: <gfx_graphics::back_end::GfxGraphics<R,C> as graphics::graphics::Graphics>::tri_list_uv (in /home/killpop/Рабочий стол/some/pathfinders/target/release/pathfinding_algorithms)
      n1: 1310720 0x252733: graphics::image::Image::draw_tri (in /home/killpop/Рабочий стол/some/pathfinders/target/release/pathfinding_algorithms)
       n2: 1310720 0x23BD6F: graphics::text::Text::draw (in /home/killpop/Рабочий стол/some/pathfinders/target/release/pathfinding_algorithms)
        n1: 1310720 0x2449C3: pathfinding_algorithms::app::App::render (in /home/killpop/Рабочий стол/some/pathfinders/target/release/pathfinding_algorithms)
         n1: 1310720 0x242457: pathfinding_algorithms::menu::AppMenu::render (in /home/killpop/Рабочий стол/some/pathfinders/target/release/pathfinding_algorithms)
          n1: 1310720 0x22AA7C: gfx_graphics::back_end::Gfx2d<R>::draw (in /home/killpop/Рабочий стол/some/pathfinders/target/release/pathfinding_algorithms)
           n1: 1310720 0x22E9E5: pathfinding_algorithms::main (in /home/killpop/Рабочий стол/some/pathfinders/target/release/pathfinding_algorithms)
            n1: 1310720 0x24E8E2: std::sys::backtrace::__rust_begin_short_backtrace (in /home/killpop/Рабочий стол/some/pathfinders/target/release/pathfinding_algorithms)
             n1: 1310720 0x23C5B8: std::rt::lang_start::{{closure}} (in /home/killpop/Рабочий стол/some/pathfinders/target/release/pathfinding_algorithms)
              n1: 1310720 0x44BFC3: std::rt::lang_start_internal (in /home/killpop/Рабочий стол/some/pathfinders/target/release/pathfinding_algorithms)
               n0: 1310720 0x236444: main (in /home/killpop/Рабочий стол/some/pathfinders/target/release/pathfinding_algorithms)
        n0: 0 in 1 place, below massif's threshold (1.00%)
   n2: 196608 0x408958: <gfx_device_gl::command::CommandBuffer as gfx_core::command::Buffer<gfx_device_gl::Resources>>::update_buffer (in /home/killpop/Рабочий стол/some/pathfinders/target/release/pathfinding_algorithms)
    n2: 196608 0x24F95F: gfx::encoder::Encoder<R,C>::update_buffer (in /home/killpop/Рабочий стол/some/pathfinders/target/release/pathfinding_algorithms)
     n1: 196608 0x22D265: <gfx_graphics::back_end::GfxGraphics<R,C> as graphics::graphics::Graphics>::tri_list (in /home/killpop/Рабочий стол/some/pathfinders/target/release/pathfinding_algorithms)
      n1: 196608 0x24C862: graphics::rectangle::Rectangle::draw_tri (in /home/killpop/Рабочий стол/some/pathfinders/target/release/pathfinding_algorithms)
       n1: 196608 0x2447BA: pathfinding_algorithms::app::App::render (in /home/killpop/Рабочий стол/some/pathfinders/target/release/pathfinding_algorithms)
        n1: 196608 0x242457: pathfinding_algorithms::menu::AppMenu::render (in /home/killpop/Рабочий стол/some/pathfinders/target/release/pathfinding_algorithms)
         n1: 196608 0x22AA7C: gfx_graphics::back_end::Gfx2d<R>::draw (in /home/killpop/Рабочий стол/some/pathfinders/target/release/pathfinding_algorithms)
          n1: 196608 0x22E9E5: pathfinding_algorithms::main (in /home/killpop/Рабочий стол/some/pathfinders/target/release/pathfinding_algorithms)
           n1: 196608 0x24E8E2: std::sys::backtrace::__rust_begin_short_backtrace (in /home/killpop/Рабочий стол/some/pathfinders/target/release/pathfinding_algorithms)
            n1: 196608 0x23C5B8: std::rt::lang_start::{{closure}} (in /home/killpop/Рабочий стол/some/pathfinders/target/release/pathfinding_algorithms)
             n1: 196608 0x44BFC3: std::rt::lang_start_internal (in /home/killpop/Рабочий стол/some/pathfinders/target/release/pathfinding_algorithms)
              n0: 196608 0x236444: main (in /home/killpop/Рабочий стол/some/pathfinders/target/release/pathfinding_algorithms)
     n0: 0 in 1 place, below massif's threshold (1.00%)
    n0: 0 in 2 places, all below massif's threshold (1.00%)
   n0: 190272 in 11 places, all below massif's threshold (1.00%)
  n1: 181568 0x41A659: alloc::raw_vec::RawVec<T,A>::grow_one (in /home/killpop/Рабочий стол/some/pathfinders/target/release/pathfinding_algorithms)
   n0: 181568 in 16 places, all below massif's threshold (1.00%)
  n0: 2560 in 1 place, below massif's threshold (1.00%)
 n0: 1036298 in 441 places, all below massif's threshold (1.00%)
 n1: 241664 0x52D64D7: ??? (in /usr/lib/x86_64-linux-gnu/libGLdispatch.so.0.0.0)
  n1: 241664 0x52D6C11: ??? (in /usr/lib/x86_64-linux-gnu/libGLdispatch.so.0.0.0)
   n1: 241664 0x52D6E68: __glDispatchMakeCurrent (in /usr/lib/x86_64-linux-gnu/libGLdispatch.so.0.0.0)
    n1: 241664 0x5362923: ??? (in /usr/lib/x86_64-linux-gnu/libGLX.so.0.0.0)
     n1: 241664 0x53675E4: ??? (in /usr/lib/x86_64-linux-gnu/libGLX.so.0.0.0)
      n1: 241664 0x2BF65D: glutin::api::glx::last_glx_error (in /home/killpop/Рабочий стол/some/pathfinders/target/release/pathfinding_algorithms)
       n1: 241664 0x27BBB5: <glutin::context::NotCurrentContext as glutin::context::NotCurrentGlContextSurfaceAccessor<T>>::make_current (in /home/killpop/Рабочий стол/some/pathfinders/target/release/pathfinding_algorithms)
        n1: 241664 0x291765: glutin_window::GlutinWindow::from_raw (in /home/killpop/Рабочий стол/some/pathfinders/target/release/pathfinding_algorithms)
         n1: 241664 0x290C68: glutin_window::GlutinWindow::new (in /home/killpop/Рабочий стол/some/pathfinders/target/release/pathfinding_algorithms)
          n1: 241664 0x23C14A: <piston_window::prelude::PistonWindow<W> as window::BuildFromWindowSettings>::build_from_window_settings (in /home/killpop/Рабочий стол/some/pathfinders/target/release/pathfinding_algorithms)
           n1: 241664 0x22E598: pathfinding_algorithms::main (in /home/killpop/Рабочий стол/some/pathfinders/target/release/pathfinding_algorithms)
            n1: 241664 0x24E8E2: std::sys::backtrace::__rust_begin_short_backtrace (in /home/killpop/Рабочий стол/some/pathfinders/target/release/pathfinding_algorithms)
             n1: 241664 0x23C5B8: std::rt::lang_start::{{closure}} (in /home/killpop/Рабочий стол/some/pathfinders/target/release/pathfinding_algorithms)
              n1: 241664 0x44BFC3: std::rt::lang_start_internal (in /home/killpop/Рабочий стол/some/pathfinders/target/release/pathfinding_algorithms)
               n0: 241664 0x236444: main (in /home/killpop/Рабочий стол/some/pathfinders/target/release/pathfinding_algorithms)
 n1: 149594 0x9B5EE4D: ??? (in /usr/lib/x86_64-linux-gnu/libnvidia-gpucomp.so.580.173.02)
  n1: 149594 0x9B0E478: ??? (in /usr/lib/x86_64-linux-gnu/libnvidia-gpucomp.so.580.173.02)
   n1: 149594 0x82C24BF: ??? (in /usr/lib/x86_64-linux-gnu/libnvidia-gpucomp.so.580.173.02)
    n0: 149594 in 58 places, all below massif's threshold (1.00%)
#-----------
snapshot=11
#-----------
time=1590311627
mem_heap_B=11348757
mem_heap_extra_B=126947
mem_stacks_B=0
heap_tree=empty
#-----------
snapshot=12
#-----------
time=1699041254
mem_heap_B=11348965
mem_heap_extra_B=126955
mem_stacks_B=0
heap_tree=empty
#-----------
snapshot=13
#-----------
time=1855441377
mem_heap_B=11349269
mem_heap_extra_B=126947
mem_stacks_B=0
heap_tree=empty
#-----------
snapshot=14
#-----------
time=2006578287
mem_heap_B=11349477
mem_heap_extra_B=126955
mem_stacks_B=0
heap_tree=empty
#-----------
snapshot=15
#-----------
time=2101051595
mem_heap_B=11349477
mem_heap_extra_B=126955
mem_stacks_B=0
heap_tree=empty
#-----------
snapshot=16
#-----------
time=2233287864
mem_heap_B=11349477
mem_heap_extra_B=126955
mem_stacks_B=0
heap_tree=empty
#-----------
snapshot=17
#-----------
time=2384437439
mem_heap_B=11349269
mem_heap_extra_B=126947
mem_stacks_B=0
heap_tree=empty
#-----------
snapshot=18
#-----------
time=2592260374
mem_heap_B=11349541
mem_heap_extra_B=126947
mem_stacks_B=0
heap_tree=detailed
n6: 11349541 (heap allocation functions) malloc/new/new[], --alloc-fns, etc.
 n6: 5195355 0x5F521C1: ??? (in /usr/lib/x86_64-linux-gnu/libnvidia-glcore.so.580.173.02)
  n2: 2463597 0x5C76E4A: ??? (in /usr/lib/x86_64-linux-gnu/libnvidia-glcore.so.580.173.02)
   n1: 2463597 0x5C5A175: ??? (in /usr/lib/x86_64-linux-gnu/libnvidia-glcore.so.580.173.02)
    n1: 2463597 0x5C5EF6F: ??? (in /usr/lib/x86_64-linux-gnu/libnvidia-glcore.so.580.173.02)
     n1: 2463597 0x41683E: gfx_device_gl::factory::Factory::init_buffer (in /home/killpop/Рабочий стол/some/pathfinders/target/release/pathfinding_algorithms)
      n3: 2463597 0x415AD0: <gfx_device_gl::factory::Factory as gfx_core::factory::Factory<gfx_device_gl::Resources>>::create_buffer_raw (in /home/killpop/Рабочий стол/some/pathfinders/target/release/pathfinding_algorithms)
       n1: 1636871 0x227240: gfx_graphics::back_end::Gfx2d<R>::new (in /home/killpop/Рабочий стол/some/pathfinders/target/release/pathfinding_algorithms)
        n1: 1636871 0x23C30D: <piston_window::prelude::PistonWindow<W> as window::BuildFromWindowSettings>::build_from_window_settings (in /home/killpop/Рабочий стол/some/pathfinders/target/release/pathfinding_algorithms)
         n1: 1636871 0x22E598: pathfinding_algorithms::main (in /home/killpop/Рабочий стол/some/pathfinders/target/release/pathfinding_algorithms)
          n1: 1636871 0x24E8E2: std::sys::backtrace::__rust_begin_short_backtrace (in /home/killpop/Рабочий стол/some/pathfinders/target/release/pathfinding_algorithms)
           n1: 1636871 0x23C5B8: std::rt::lang_start::{{closure}} (in /home/killpop/Рабочий стол/some/pathfinders/target/release/pathfinding_algorithms)
            n1: 1636871 0x44BFC3: std::rt::lang_start_internal (in /home/killpop/Рабочий стол/some/pathfinders/target/release/pathfinding_algorithms)
             n0: 1636871 0x236444: main (in /home/killpop/Рабочий стол/some/pathfinders/target/release/pathfinding_algorithms)
       n1: 818471 0x2271DF: gfx_graphics::back_end::Gfx2d<R>::new (in /home/killpop/Рабочий стол/some/pathfinders/target/release/pathfinding_algorithms)
        n1: 818471 0x23C30D: <piston_window::prelude::PistonWindow<W> as window::BuildFromWindowSettings>::build_from_window_settings (in /home/killpop/Рабочий стол/some/pathfinders/target/release/pathfinding_algorithms)
         n1: 818471 0x22E598: pathfinding_algorithms::main (in /home/killpop/Рабочий стол/some/pathfinders/target/release/pathfinding_algorithms)
          n1: 818471 0x24E8E2: std::sys::backtrace::__rust_begin_short_backtrace (in /home/killpop/Рабочий стол/some/pathfinders/target/release/pathfinding_algorithms)
           n1: 818471 0x23C5B8: std::rt::lang_start::{{closure}} (in /home/killpop/Рабочий стол/some/pathfinders/target/release/pathfinding_algorithms)
            n1: 818471 0x44BFC3: std::rt::lang_start_internal (in /home/killpop/Рабочий стол/some/pathfinders/target/release/pathfinding_algorithms)
             n0: 818471 0x236444: main (in /home/killpop/Рабочий стол/some/pathfinders/target/release/pathfinding_algorithms)
       n0: 8255 in 1 place, below massif's threshold (1.00%)
   n0: 0 in 1 place, below massif's threshold (1.00%)
  n1: 1638400 0x5C0DD8F: ??? (in /usr/lib/x86_64-linux-gnu/libnvidia-glcore.so.580.173.02)
   n1: 1638400 0x5F88378: ??? (in /usr/lib/x86_64-linux-gnu/libnvidia-glcore.so.580.173.02)
    n1: 1638400 0x5F3A724: ??? (in /usr/lib/x86_64-linux-gnu/libnvidia-glcore.so.580.173.02)
     n1: 1638400 0x53D313F: ??? (in /usr/lib/x86_64-linux-gnu/libGLX_nvidia.so.580.173.02)
      n1: 1638400 0x53FA624: ??? (in /usr/lib/x86_64-linux-gnu/libGLX_nvidia.so.580.173.02)
       n1: 1638400 0x53FF9E7: ??? (in /usr/lib/x86_64-linux-gnu/libGLX_nvidia.so.580.173.02)
        n1: 1638400 0x53F4045: glXCreateContextAttribsARB (in /usr/lib/x86_64-linux-gnu/libGLX_nvidia.so.580.173.02)
         n1: 1638400 0x5367E02: ??? (in /usr/lib/x86_64-linux-gnu/libGLX.so.0.0.0)
          n1: 1638400 0x3C0110: glutin::api::glx::last_glx_error (in /home/killpop/Рабочий стол/some/pathfinders/target/release/pathfinding_algorithms)
           n1: 1638400 0x3C92F0: glutin::api::glx::context::<impl glutin::api::glx::display::Display>::create_context (in /home/killpop/Рабочий стол/some/pathfinders/target/release/pathfinding_algorithms)
            n1: 1638400 0x3C80BD: <glutin::display::Display as glutin::display::GlDisplay>::create_context (in /home/killpop/Рабочий стол/some/pathfinders/target/release/pathfinding_algorithms)
             n1: 1638400 0x29145D: glutin_window::GlutinWindow::from_raw (in /home/killpop/Рабочий стол/some/pathfinders/target/release/pathfinding_algorithms)
              n1: 1638400 0x290C68: glutin_window::GlutinWindow::new (in /home/killpop/Рабочий стол/some/pathfinders/target/release/pathfinding_algorithms)
               n1: 1638400 0x23C14A: <piston_window::prelude::PistonWindow<W> as window::BuildFromWindowSettings>::build_from_window_settings (in /home/killpop/Рабочий стол/some/pathfinders/target/release/pathfinding_algorithms)
                n1: 1638400 0x22E598: pathfinding_algorithms::main (in /home/killpop/Рабочий стол/some/pathfinders/target/release/pathfinding_algorithms)
                 n1: 1638400 0x24E8E2: std::sys::backtrace::__rust_begin_short_backtrace (in /home/killpop/Рабочий стол/some/pathfinders/target/release/pathfinding_algorithms)
                  n1: 1638400 0x23C5B8: std::rt::lang_start::{{closure}} (in /home/killpop/Рабочий стол/some/pathfinders/target/release/pathfinding_algorithms)
                   n1: 1638400 0x44BFC3: std::rt::lang_start_internal (in /home/killpop/Рабочий стол/some/pathfinders/target/release/pathfinding_algorithms)
                    n0: 1638400 0x236444: main (in /home/killpop/Рабочий стол/some/pathfinders/target/release/pathfinding_algorithms)
  n1: 385024 0x5FC30B3: ??? (in /usr/lib/x86_64-linux-gnu/libnvidia-glcore.so.580.173.02)
   n1: 385024 0x5F95B81: ??? (in /usr/lib/x86_64-linux-gnu/libnvidia-glcore.so.580.173.02)
    n1: 385024 0x5F96561: ??? (in /usr/lib/x86_64-linux-gnu/libnvidia-glcore.so.580.173.02)
     n1: 385024 0x5F80DCB: ??? (in /usr/lib/x86_64-linux-gnu/libnvidia-glcore.so.580.173.02)
      n1: 385024 0x5F3A8EB: ??? (in /usr/lib/x86_64-linux-gnu/libnvidia-glcore.so.580.173.02)
       n1: 385024 0x53D344F: ??? (in /usr/lib/x86_64-linux-gnu/libGLX_nvidia.so.580.173.02)
        n1: 385024 0x54010E9: ??? (in /usr/lib/x86_64-linux-gnu/libGLX_nvidia.so.580.173.02)
         n1: 385024 0x53605B1: ??? (in /usr/lib/x86_64-linux-gnu/libGLX.so.0.0.0)
          n1: 385024 0x53629A1: ??? (in /usr/lib/x86_64-linux-gnu/libGLX.so.0.0.0)
           n1: 385024 0x53675E4: ??? (in /usr/lib/x86_64-linux-gnu/libGLX.so.0.0.0)
            n1: 385024 0x2BF65D: glutin::api::glx::last_glx_error (in /home/killpop/Рабочий стол/some/pathfinders/target/release/pathfinding_algorithms)
             n1: 385024 0x27BBB5: <glutin::context::NotCurrentContext as glutin::context::NotCurrentGlContextSurfaceAccessor<T>>::make_current (in /home/killpop/Рабочий стол/some/pathfinders/target/release/pathfinding_algorithms)
              n1: 385024 0x291765: glutin_window::GlutinWindow::from_raw (in /home/killpop/Рабочий стол/some/pathfinders/target/release/pathfinding_algorithms)
               n1: 385024 0x290C68: glutin_window::GlutinWindow::new (in /home/killpop/Рабочий стол/some/pathfinders/target/release/pathfinding_algorithms)
                n1: 385024 0x23C14A: <piston_window::prelude::PistonWindow<W> as window::BuildFromWindowSettings>::build_from_window_settings (in /home/killpop/Рабочий стол/some/pathfinders/target/release/pathfinding_algorithms)
                 n1: 385024 0x22E598: pathfinding_algorithms::main (in /home/killpop/Рабочий стол/some/pathfinders/target/release/pathfinding_algorithms)
                  n1: 385024 0x24E8E2: std::sys::backtrace::__rust_begin_short_backtrace (in /home/killpop/Рабочий стол/some/pathfinders/target/release/pathfinding_algorithms)
                   n1: 385024 0x23C5B8: std::rt::lang_start::{{closure}} (in /home/killpop/Рабочий стол/some/pathfinders/target/release/pathfinding_algorithms)
                    n1: 385024 0x44BFC3: std::rt::lang_start_internal (in /home/killpop/Рабочий стол/some/pathfinders/target/release/pathfinding_algorithms)
                     n0: 385024 0x236444: main (in /home/killpop/Рабочий стол/some/pathfinders/target/release/pathfinding_algorithms)
  n0: 284202 in 225 places, all below massif's threshold (1.00%)
  n1: 262132 0x53FF724: ??? (in /usr/lib/x86_64-linux-gnu/libGLX_nvidia.so.580.173.02)
   n1: 262132 0x53F4045: glXCreateContextAttribsARB (in /usr/lib/x86_64-linux-gnu/libGLX_nvidia.so.580.173.02)
    n1: 262132 0x5367E02: ??? (in /usr/lib/x86_64-linux-gnu/libGLX.so.0.0.0)
     n1: 262132 0x3C0110: glutin::api::glx::last_glx_error (in /home/killpop/Рабочий стол/some/pathfinders/target/release/pathfinding_algorithms)
      n1: 262132 0x3C92F0: glutin::api::glx::context::<impl glutin::api::glx::display::Display>::create_context (in /home/killpop/Рабочий стол/some/pathfinders/target/release/pathfinding_algorithms)
       n1: 262132 0x3C80BD: <glutin::display::Display as glutin::display::GlDisplay>::create_context (in /home/killpop/Рабочий стол/some/pathfinders/target/release/pathfinding_algorithms)
        n1: 262132 0x29145D: glutin_window::GlutinWindow::from_raw (in /home/killpop/Рабочий стол/some/pathfinders/target/release/pathfinding_algorithms)
         n1: 262132 0x290C68: glutin_window::GlutinWindow::new (in /home/killpop/Рабочий стол/some/pathfinders/target/release/pathfinding_algorithms)
          n1: 262132 0x23C14A: <piston_window::prelude::PistonWindow<W> as window::BuildFromWindowSettings>::build_from_window_settings (in /home/killpop/Рабочий стол/some/pathfinders/target/release/pathfinding_algorithms)
           n1: 262132 0x22E598: pathfinding_algorithms::main (in /home/killpop/Рабочий стол/some/pathfinders/target/release/pathfinding_algorithms)
            n1: 262132 0x24E8E2: std::sys::backtrace::__rust_begin_short_backtrace (in /home/killpop/Рабочий стол/some/pathfinders/target/release/pathfinding_algorithms)
             n1: 262132 0x23C5B8: std::rt::lang_start::{{closure}} (in /home/killpop/Рабочий стол/some/pathfinders/target/release/pathfinding_algorithms)
              n1: 262132 0x44BFC3: std::rt::lang_start_internal (in /home/killpop/Рабочий стол/some/pathfinders/target/release/pathfinding_algorithms)
               n0: 262132 0x236444: main (in /home/killpop/Рабочий стол/some/pathfinders/target/release/pathfinding_algorithms)
  n1: 162000 0x653ADBC: ??? (in /usr/lib/x86_64-linux-gnu/libnvidia-glcore.so.580.173.02)
   n1: 162000 0x654403F: ??? (in /usr/lib/x86_64-linux-gnu/libnvidia-glcore.so.580.173.02)
    n1: 162000 0x5F4C308: ??? (in /usr/lib/x86_64-linux-gnu/libnvidia-glcore.so.580.173.02)
     n1: 162000 0x53D43A0: ??? (in /usr/lib/x86_64-linux-gnu/libGLX_nvidia.so.580.173.02)
      n1: 162000 0x53D44D7: ??? (in /usr/lib/x86_64-linux-gnu/libGLX_nvidia.so.580.173.02)
       n1: 162000 0x53FA5E4: ??? (in /usr/lib/x86_64-linux-gnu/libGLX_nvidia.so.580.173.02)
        n1: 162000 0x53FF9E7: ??? (in /usr/lib/x86_64-linux-gnu/libGLX_nvidia.so.580.173.02)
         n1: 162000 0x53F4045: glXCreateContextAttribsARB (in /usr/lib/x86_64-linux-gnu/libGLX_nvidia.so.580.173.02)
          n1: 162000 0x5367E02: ??? (in /usr/lib/x86_64-linux-gnu/libGLX.so.0.0.0)
           n1: 162000 0x3C0110: glutin::api::glx::last_glx_error (in /home/killpop/Рабочий стол/some/pathfinders/target/release/pathfinding_algorithms)
            n1: 162000 0x3C92F0: glutin::api::glx::context::<impl glutin::api::glx::display::Display>::create_context (in /home/killpop/Рабочий стол/some/pathfinders/target/release/pathfinding_algorithms)
             n1: 162000 0x3C80BD: <glutin::display::Display as glutin::display::GlDisplay>::create_context (in /home/killpop/Рабочий стол/some/pathfinders/target/release/pathfinding_algorithms)
              n1: 162000 0x29145D: glutin_window::GlutinWindow::from_raw (in /home/killpop/Рабочий стол/some/pathfinders/target/release/pathfinding_algorithms)
               n1: 162000 0x290C68: glutin_window::GlutinWindow::new (in /home/killpop/Рабочий стол/some/pathfinders/target/release/pathfinding_algorithms)
                n1: 162000 0x23C14A: <piston_window::prelude::PistonWindow<W> as window::BuildFromWindowSettings>::build_from_window_settings (in /home/killpop/Рабочий стол/some/pathfinders/target/release/pathfinding_algorithms)
                 n1: 162000 0x22E598: pathfinding_algorithms::main (in /home/killpop/Рабочий стол/some/pathfinders/target/release/pathfinding_algorithms)
                  n1: 162000 0x24E8E2: std::sys::backtrace::__rust_begin_short_backtrace (in /home/killpop/Рабочий стол/some/pathfinders/target/release/pathfinding_algorithms)
                   n1: 162000 0x23C5B8: std::rt::lang_start::{{closure}} (in /home/killpop/Рабочий стол/some/pathfinders/target/release/pathfinding_algorithms)
                    n1: 162000 0x44BFC3: std::rt::lang_start_internal (in /home/killpop/Рабочий стол/some/pathfinders/target/release/pathfinding_algorithms)
                     n0: 162000 0x236444: main (in /home/killpop/Рабочий стол/some/pathfinders/target/release/pathfinding_algorithms)
 n9: 2845550 0x5F5247D: ??? (in /usr/lib/x86_64-linux-gnu/libnvidia-glcore.so.580.173.02)
  n1: 825080 0x5F958BA: ??? (in /usr/lib/x86_64-linux-gnu/libnvidia-glcore.so.580.173.02)
   n1: 825080 0x5F96561: ??? (in /usr/lib/x86_64-linux-gnu/libnvidia-glcore.so.580.173.02)
    n1: 825080 0x5F80DCB: ??? (in /usr/lib/x86_64-linux-gnu/libnvidia-glcore.so.580.173.02)
     n1: 825080 0x5F3A8EB: ??? (in /usr/lib/x86_64-linux-gnu/libnvidia-glcore.so.580.173.02)
      n1: 825080 0x53D344F: ??? (in /usr/lib/x86_64-linux-gnu/libGLX_nvidia.so.580.173.02)
       n1: 825080 0x54010E9: ??? (in /usr/lib/x86_64-linux-gnu/libGLX_nvidia.so.580.173.02)
        n1: 825080 0x53605B1: ??? (in /usr/lib/x86_64-linux-gnu/libGLX.so.0.0.0)
         n1: 825080 0x53629A1: ??? (in /usr/lib/x86_64-linux-gnu/libGLX.so.0.0.0)
          n1: 825080 0x53675E4: ??? (in /usr/lib/x86_64-linux-gnu/libGLX.so.0.0.0)
           n1: 825080 0x2BF65D: glutin::api::glx::last_glx_error (in /home/killpop/Рабочий стол/some/pathfinders/target/release/pathfinding_algorithms)
            n1: 825080 0x27BBB5: <glutin::context::NotCurrentContext as glutin::context::NotCurrentGlContextSurfaceAccessor<T>>::make_current (in /home/killpop/Рабочий стол/some/pathfinders/target/release/pathfinding_algorithms)
             n1: 825080 0x291765: glutin_window::GlutinWindow::from_raw (in /home/killpop/Рабочий стол/some/pathfinders/target/release/pathfinding_algorithms)
              n1: 825080 0x290C68: glutin_window::GlutinWindow::new (in /home/killpop/Рабочий стол/some/pathfinders/target/release/pathfinding_algorithms)
               n1: 825080 0x23C14A: <piston_window::prelude::PistonWindow<W> as window::BuildFromWindowSettings>::build_from_window_settings (in /home/killpop/Рабочий стол/some/pathfinders/target/release/pathfinding_algorithms)
                n1: 825080 0x22E598: pathfinding_algorithms::main (in /home/killpop/Рабочий стол/some/pathfinders/target/release/pathfinding_algorithms)
                 n1: 825080 0x24E8E2: std::sys::backtrace::__rust_begin_short_backtrace (in /home/killpop/Рабочий стол/some/pathfinders/target/release/pathfinding_algorithms)
                  n1: 825080 0x23C5B8: std::rt::lang_start::{{closure}} (in /home/killpop/Рабочий стол/some/pathfinders/target/release/pathfinding_algorithms)
                   n1: 825080 0x44BFC3: std::rt::lang_start_internal (in /home/killpop/Рабочий стол/some/pathfinders/target/release/pathfinding_algorithms)
                    n0: 825080 0x236444: main (in /home/killpop/Рабочий стол/some/pathfinders/target/release/pathfinding_algorithms)
  n0: 781423 in 116 places, all below massif's threshold (1.00%)
  n1: 307311 0x5C75DBB: ??? (in /usr/lib/x86_64-linux-gnu/libnvidia-glcore.so.580.173.02)
   n1: 307311 0x53FAEBF: ??? (in /usr/lib/x86_64-linux-gnu/libGLX_nvidia.so.580.173.02)
    n1: 307311 0x5403FDB: ??? (in /usr/lib/x86_64-linux-gnu/libGLX_nvidia.so.580.173.02)
     n1: 307311 0x53D0A5A: ??? (in /usr/lib/x86_64-linux-gnu/libGLX_nvidia.so.580.173.02)
      n1: 307311 0x542C401: ??? (in /usr/lib/x86_64-linux-gnu/libGLX_nvidia.so.580.173.02)
       n1: 307311 0x53D0012: ??? (in /usr/lib/x86_64-linux-gnu/libGLX_nvidia.so.580.173.02)
        n1: 307311 0x4005823: call_init (dl-init.c:120)
         n1: 307311 0x4005823: _dl_init (dl-init.c:121)
          n1: 307311 0x40015B1: _dl_catch_exception (dl-catch.c:211)
           n1: 307311 0x400CD7B: dl_open_worker (dl-open.c:829)
            n1: 307311 0x400CD7B: dl_open_worker (dl-open.c:792)
             n1: 307311 0x400151B: _dl_catch_exception (dl-catch.c:237)
              n1: 307311 0x400D163: _dl_open (dl-open.c:905)
               n1: 307311 0x4A22283: dlopen_doit (dlopen.c:56)
                n1: 307311 0x400151B: _dl_catch_exception (dl-catch.c:237)
                 n1: 307311 0x4001668: _dl_catch_error (dl-catch.c:256)
                  n1: 307311 0x4A21D62: _dlerror_run (dlerror.c:138)
                   n1: 307311 0x4A2233E: dlopen_implementation (dlopen.c:71)
                    n1: 307311 0x4A2233E: dlopen@@GLIBC_2.34 (dlopen.c:81)
                     n1: 307311 0x536530A: ??? (in /usr/lib/x86_64-linux-gnu/libGLX.so.0.0.0)
                      n1: 307311 0x5367BAC: ??? (in /usr/lib/x86_64-linux-gnu/libGLX.so.0.0.0)
                       n1: 307311 0x53683B5: glXGetClientString (in /usr/lib/x86_64-linux-gnu/libGLX.so.0.0.0)
                        n1: 307311 0x3C956E: glutin::api::glx::display::Display::new (in /home/killpop/Рабочий стол/some/pathfinders/target/release/pathfinding_algorithms)
                         n1: 307311 0x3C7D97: glutin::display::Display::new (in /home/killpop/Рабочий стол/some/pathfinders/target/release/pathfinding_algorithms)
                          n1: 307311 0x27BED9: glutin_winit::DisplayBuilder::build (in /home/killpop/Рабочий стол/some/pathfinders/target/release/pathfinding_algorithms)
                           n1: 307311 0x290F37: glutin_window::GlutinWindow::from_raw (in /home/killpop/Рабочий стол/some/pathfinders/target/release/pathfinding_algorithms)
                            n1: 307311 0x290C68: glutin_window::GlutinWindow::new (in /home/killpop/Рабочий стол/some/pathfinders/target/release/pathfinding_algorithms)
                             n1: 307311 0x23C14A: <piston_window::prelude::PistonWindow<W> as window::BuildFromWindowSettings>::build_from_window_settings (in /home/killpop/Рабочий стол/some/pathfinders/target/release/pathfinding_algorithms)
                              n1: 307311 0x22E598: pathfinding_algorithms::main (in /home/killpop/Рабочий стол/some/pathfinders/target/release/pathfinding_algorithms)
                               n1: 307311 0x24E8E2: std::sys::backtrace::__rust_begin_short_backtrace (in /home/killpop/Рабочий стол/some/pathfinders/target/release/pathfinding_algorithms)
                                n1: 307311 0x23C5B8: std::rt::lang_start::{{closure}} (in /home/killpop/Рабочий стол/some/pathfinders/target/release/pathfinding_algorithms)
                                 n0: 307311 0x44BFC3: std::rt::lang_start_internal (in /home/killpop/Рабочий стол/some/pathfinders/target/release/pathfinding_algorithms)
  n1: 171760 0x5F6FCFE: ??? (in /usr/lib/x86_64-linux-gnu/libnvidia-glcore.so.580.173.02)
   n1: 171760 0x5F81285: ??? (in /usr/lib/x86_64-linux-gnu/libnvidia-glcore.so.580.173.02)
    n1: 171760 0x5F3A8EB: ??? (in /usr/lib/x86_64-linux-gnu/libnvidia-glcore.so.580.173.02)
     n1: 171760 0x53D344F: ??? (in /usr/lib/x86_64-linux-gnu/libGLX_nvidia.so.580.173.02)
      n1: 171760 0x54010E9: ??? (in /usr/lib/x86_64-linux-gnu/libGLX_nvidia.so.580.173.02)
       n1: 171760 0x53605B1: ??? (in /usr/lib/x86_64-linux-gnu/libGLX.so.0.0.0)
        n1: 171760 0x53629A1: ??? (in /usr/lib/x86_64-linux-gnu/libGLX.so.0.0.0)
         n1: 171760 0x53675E4: ??? (in /usr/lib/x86_64-linux-gnu/libGLX.so.0.0.0)
          n1: 171760 0x2BF65D: glutin::api::glx::last_glx_error (in /home/killpop/Рабочий стол/some/pathfinders/target/release/pathfinding_algorithms)
           n1: 171760 0x27BBB5: <glutin::context::NotCurrentContext as glutin::context::NotCurrentGlContextSurfaceAccessor<T>>::make_current (in /home/killpop/Рабочий стол/some/pathfinders/target/release/pathfinding_algorithms)
            n1: 171760 0x291765: glutin_window::GlutinWindow::from_raw (in /home/killpop/Рабочий стол/some/pathfinders/target/release/pathfinding_algorithms)
             n1: 171760 0x290C68: glutin_window::GlutinWindow::new (in /home/killpop/Рабочий стол/some/pathfinders/target/release/pathfinding_algorithms)
              n1: 171760 0x23C14A: <piston_window::prelude::PistonWindow<W> as window::BuildFromWindowSettings>::build_from_window_settings (in /home/killpop/Рабочий стол/some/pathfinders/target/release/pathfinding_algorithms)
               n1: 171760 0x22E598: pathfinding_algorithms::main (in /home/killpop/Рабочий стол/some/pathfinders/target/release/pathfinding_algorithms)
                n1: 171760 0x24E8E2: std::sys::backtrace::__rust_begin_short_backtrace (in /home/killpop/Рабочий стол/some/pathfinders/target/release/pathfinding_algorithms)
                 n1: 171760 0x23C5B8: std::rt::lang_start::{{closure}} (in /home/killpop/Рабочий стол/some/pathfinders/target/release/pathfinding_algorithms)
                  n1: 171760 0x44BFC3: std::rt::lang_start_internal (in /home/killpop/Рабочий стол/some/pathfinders/target/release/pathfinding_algorithms)
                   n0: 171760 0x236444: main (in /home/killpop/Рабочий стол/some/pathfinders/target/release/pathfinding_algorithms)
  n1: 167504 0x53D4323: ??? (in /usr/lib/x86_64-linux-gnu/libGLX_nvidia.so.580.173.02)
   n1: 167504 0x53D44D7: ??? (in /usr/lib/x86_64-linux-gnu/libGLX_nvidia.so.580.173.02)
    n1: 167504 0x53FA5E4: ??? (in /usr/lib/x86_64-linux-gnu/libGLX_nvidia.so.580.173.02)
     n1: 167504 0x53FF9E7: ??? (in /usr/lib/x86_64-linux-gnu/libGLX_nvidia.so.580.173.02)
      n1: 167504 0x53F4045: glXCreateContextAttribsARB (in /usr/lib/x86_64-linux-gnu/libGLX_nvidia.so.580.173.02)
       n1: 167504 0x5367E02: ??? (in /usr/lib/x86_64-linux-gnu/libGLX.so.0.0.0)
        n1: 167504 0x3C0110: glutin::api::glx::last_glx_error (in /home/killpop/Рабочий стол/some/pathfinders/target/release/pathfinding_algorithms)
         n1: 167504 0x3C92F0: glutin::api::glx::context::<impl glutin::api::glx::display::Display>::create_context (in /home/killpop/Рабочий стол/some/pathfinders/target/release/pathfinding_algorithms)
          n1: 167504 0x3C80BD: <glutin::display::Display as glutin::display::GlDisplay>::create_context (in /home/killpop/Рабочий стол/some/pathfinders/target/release/pathfinding_algorithms)
           n1: 167504 0x29145D: glutin_window::GlutinWindow::from_raw (in /home/killpop/Рабочий стол/some/pathfinders/target/release/pathfinding_algorithms)
            n1: 167504 0x290C68: glutin_window::GlutinWindow::new (in /home/killpop/Рабочий стол/some/pathfinders/target/release/pathfinding_algorithms)
             n1: 167504 0x23C14A: <piston_window::prelude::PistonWindow<W> as window::BuildFromWindowSettings>::build_from_window_settings (in /home/killpop/Рабочий стол/some/pathfinders/target/release/pathfinding_algorithms)
              n1: 167504 0x22E598: pathfinding_algorithms::main (in /home/killpop/Рабочий стол/some/pathfinders/target/release/pathfinding_algorithms)
               n1: 167504 0x24E8E2: std::sys::backtrace::__rust_begin_short_backtrace (in /home/killpop/Рабочий стол/some/pathfinders/target/release/pathfinding_algorithms)
                n1: 167504 0x23C5B8: std::rt::lang_start::{{closure}} (in /home/killpop/Рабочий стол/some/pathfinders/target/release/pathfinding_algorithms)
                 n1: 167504 0x44BFC3: std::rt::lang_start_internal (in /home/killpop/Рабочий стол/some/pathfinders/target/release/pathfinding_algorithms)
                  n0: 167504 0x236444: main (in /home/killpop/Рабочий стол/some/pathfinders/target/release/pathfinding_algorithms)
  n1: 163840 0x5FC2EB6: ??? (in /usr/lib/x86_64-linux-gnu/libnvidia-glcore.so.580.173.02)
   n1: 163840 0x5F95B81: ??? (in /usr/lib/x86_64-linux-gnu/libnvidia-glcore.so.580.173.02)
    n1: 163840 0x5F96561: ??? (in /usr/lib/x86_64-linux-gnu/libnvidia-glcore.so.580.173.02)
     n1: 163840 0x5F80DCB: ??? (in /usr/lib/x86_64-linux-gnu/libnvidia-glcore.so.580.173.02)
      n1: 163840 0x5F3A8EB: ??? (in /usr/lib/x86_64-linux-gnu/libnvidia-glcore.so.580.173.02)
       n1: 163840 0x53D344F: ??? (in /usr/lib/x86_64-linux-gnu/libGLX_nvidia.so.580.173.02)
        n1: 163840 0x54010E9: ??? (in /usr/lib/x86_64-linux-gnu/libGLX_nvidia.so.580.173.02)
         n1: 163840 0x53605B1: ??? (in /usr/lib/x86_64-linux-gnu/libGLX.so.0.0.0)
          n1: 163840 0x53629A1: ??? (in /usr/lib/x86_64-linux-gnu/libGLX.so.0.0.0)
           n1: 163840 0x53675E4: ??? (in /usr/lib/x86_64-linux-gnu/libGLX.so.0.0.0)
            n1: 163840 0x2BF65D: glutin::api::glx::last_glx_error (in /home/killpop/Рабочий стол/some/pathfinders/target/release/pathfinding_algorithms)
             n1: 163840 0x27BBB5: <glutin::context::NotCurrentContext as glutin::context::NotCurrentGlContextSurfaceAccessor<T>>::make_current (in /home/killpop/Рабочий стол/some/pathfinders/target/release/pathfinding_algorithms)
              n1: 163840 0x291765: glutin_window::GlutinWindow::from_raw (in /home/killpop/Рабочий стол/some/pathfinders/target/release/pathfinding_algorithms)
               n1: 163840 0x290C68: glutin_window::GlutinWindow::new (in /home/killpop/Рабочий стол/some/pathfinders/target/release/pathfinding_algorithms)
                n1: 163840 0x23C14A: <piston_window::prelude::PistonWindow<W> as window::BuildFromWindowSettings>::build_from_window_settings (in /home/killpop/Рабочий стол/some/pathfinders/target/release/pathfinding_algorithms)
                 n1: 163840 0x22E598: pathfinding_algorithms::main (in /home/killpop/Рабочий стол/some/pathfinders/target/release/pathfinding_algorithms)
                  n1: 163840 0x24E8E2: std::sys::backtrace::__rust_begin_short_backtrace (in /home/killpop/Рабочий стол/some/pathfinders/target/release/pathfinding_algorithms)
                   n1: 163840 0x23C5B8: std::rt::lang_start::{{closure}} (in /home/killpop/Рабочий стол/some/pathfinders/target/release/pathfinding_algorithms)
                    n1: 163840 0x44BFC3: std::rt::lang_start_internal (in /home/killpop/Рабочий стол/some/pathfinders/target/release/pathfinding_algorithms)
                     n0: 163840 0x236444: main (in /home/killpop/Рабочий стол/some/pathfinders/target/release/pathfinding_algorithms)
  n1: 154512 0x5F95879: ??? (in /usr/lib/x86_64-linux-gnu/libnvidia-glcore.so.580.173.02)
   n1: 154512 0x5F96561: ??? (in /usr/lib/x86_64-linux-gnu/libnvidia-glcore.so.580.173.02)
    n1: 154512 0x5F80DCB: ??? (in /usr/lib/x86_64-linux-gnu/libnvidia-glcore.so.580.173.02)
     n1: 154512 0x5F3A8EB: ??? (in /usr/lib/x86_64-linux-gnu/libnvidia-glcore.so.580.173.02)
      n1: 154512 0x53D344F: ??? (in /usr/lib/x86_64-linux-gnu/libGLX_nvidia.so.580.173.02)
       n1: 154512 0x54010E9: ??? (in /usr/lib/x86_64-linux-gnu/libGLX_nvidia.so.580.173.02)
        n1: 154512 0x53605B1: ??? (in /usr/lib/x86_64-linux-gnu/libGLX.so.0.0.0)
         n1: 154512 0x53629A1: ??? (in /usr/lib/x86_64-linux-gnu/libGLX.so.0.0.0)
          n1: 154512 0x53675E4: ??? (in /usr/lib/x86_64-linux-gnu/libGLX.so.0.0.0)
           n1: 154512 0x2BF65D: glutin::api::glx::last_glx_error (in /home/killpop/Рабочий стол/some/pathfinders/target/release/pathfinding_algorithms)
            n1: 154512 0x27BBB5: <glutin::context::NotCurrentContext as glutin::context::NotCurrentGlContextSurfaceAccessor<T>>::make_current (in /home/killpop/Рабочий стол/some/pathfinders/target/release/pathfinding_algorithms)
             n1: 154512 0x291765: glutin_window::GlutinWindow::from_raw (in /home/killpop/Рабочий стол/some/pathfinders/target/release/pathfinding_algorithms)
              n1: 154512 0x290C68: glutin_window::GlutinWindow::new (in /home/killpop/Рабочий стол/some/pathfinders/target/release/pathfinding_algorithms)
               n1: 154512 0x23C14A: <piston_window::prelude::PistonWindow<W> as window::BuildFromWindowSettings>::build_from_window_settings (in /home/killpop/Рабочий стол/some/pathfinders/target/release/pathfinding_algorithms)
                n1: 154512 0x22E598: pathfinding_algorithms::main (in /home/killpop/Рабочий стол/some/pathfinders/target/release/pathfinding_algorithms)
                 n1: 154512 0x24E8E2: std::sys::backtrace::__rust_begin_short_backtrace (in /home/killpop/Рабочий стол/some/pathfinders/target/release/pathfinding_algorithms)
                  n1: 154512 0x23C5B8: std::rt::lang_start::{{closure}} (in /home/killpop/Рабочий стол/some/pathfinders/target/release/pathfinding_algorithms)
                   n1: 154512 0x44BFC3: std::rt::lang_start_internal (in /home/killpop/Рабочий стол/some/pathfinders/target/release/pathfinding_algorithms)
                    n0: 154512 0x236444: main (in /home/killpop/Рабочий стол/some/pathfinders/target/release/pathfinding_algorithms)
  n1: 150472 0x5F3836F: ??? (in /usr/lib/x86_64-linux-gnu/libnvidia-glcore.so.580.173.02)
   n1: 150472 0x5F4C655: ??? (in /usr/lib/x86_64-linux-gnu/libnvidia-glcore.so.580.173.02)
    n1: 150472 0x53D43A0: ??? (in /usr/lib/x86_64-linux-gnu/libGLX_nvidia.so.580.173.02)
     n1: 150472 0x53D44D7: ??? (in /usr/lib/x86_64-linux-gnu/libGLX_nvidia.so.580.173.02)
      n1: 150472 0x53FA5E4: ??? (in /usr/lib/x86_64-linux-gnu/libGLX_nvidia.so.580.173.02)
       n1: 150472 0x53FF9E7: ??? (in /usr/lib/x86_64-linux-gnu/libGLX_nvidia.so.580.173.02)
        n1: 150472 0x53F4045: glXCreateContextAttribsARB (in /usr/lib/x86_64-linux-gnu/libGLX_nvidia.so.580.173.02)
         n1: 150472 0x5367E02: ??? (in /usr/lib/x86_64-linux-gnu/libGLX.so.0.0.0)
          n1: 150472 0x3C0110: glutin::api::glx::last_glx_error (in /home/killpop/Рабочий стол/some/pathfinders/target/release/pathfinding_algorithms)
           n1: 150472 0x3C92F0: glutin::api::glx::context::<impl glutin::api::glx::display::Display>::create_context (in /home/killpop/Рабочий стол/some/pathfinders/target/release/pathfinding_algorithms)
            n1: 150472 0x3C80BD: <glutin::display::Display as glutin::display::GlDisplay>::create_context (in /home/killpop/Рабочий стол/some/pathfinders/target/release/pathfinding_algorithms)
             n1: 150472 0x29145D: glutin_window::GlutinWindow::from_raw (in /home/killpop/Рабочий стол/some/pathfinders/target/release/pathfinding_algorithms)
              n1: 150472 0x290C68: glutin_window::GlutinWindow::new (in /home/killpop/Рабочий стол/some/pathfinders/target/release/pathfinding_algorithms)
               n1: 150472 0x23C14A: <piston_window::prelude::PistonWindow<W> as window::BuildFromWindowSettings>::build_from_window_settings (in /home/killpop/Рабочий стол/some/pathfinders/target/release/pathfinding_algorithms)
                n1: 150472 0x22E598: pathfinding_algorithms::main (in /home/killpop/Рабочий стол/some/pathfinders/target/release/pathfinding_algorithms)
                 n1: 150472 0x24E8E2: std::sys::backtrace::__rust_begin_short_backtrace (in /home/killpop/Рабочий стол/some/pathfinders/target/release/pathfinding_algorithms)
                  n1: 150472 0x23C5B8: std::rt::lang_start::{{closure}} (in /home/killpop/Рабочий стол/some/pathfinders/target/release/pathfinding_algorithms)
                   n1: 150472 0x44BFC3: std::rt::lang_start_internal (in /home/killpop/Рабочий стол/some/pathfinders/target/release/pathfinding_algorithms)
                    n0: 150472 0x236444: main (in /home/killpop/Рабочий стол/some/pathfinders/target/release/pathfinding_algorithms)
  n1: 123648 0x65CBF3F: ??? (in /usr/lib/x86_64-linux-gnu/libnvidia-glcore.so.580.173.02)
   n0: 123648 in 8 places, all below massif's threshold (1.00%)
 n3: 1881728 0x41A83E: alloc::raw_vec::RawVecInner<A>::finish_grow (in /home/killpop/Рабочий стол/some/pathfinders/target/release/pathfinding_algorithms)
  n3: 1697600 0x41A8F3: alloc::raw_vec::RawVecInner<A>::reserve::do_reserve_and_handle (in /home/killpop/Рабочий стол/some/pathfinders/target/release/pathfinding_algorithms)
   n1: 1310720 0x408A94: <gfx_device_gl::command::CommandBuffer as gfx_core::command::Buffer<gfx_device_gl::Resources>>::set_ref_values (in /home/killpop/Рабочий стол/some/pathfinders/target/release/pathfinding_algorithms)
    n1: 1310720 0x2504DC: gfx::encoder::Encoder<R,C>::draw (in /home/killpop/Рабочий стол/some/pathfinders/target/release/pathfinding_algorithms)
     n1: 1310720 0x22C9E7: <gfx_graphics::back_end::GfxGraphics<R,C> as graphics::graphics::Graphics>::tri_list_uv (in /home/killpop/Рабочий стол/some/pathfinders/target/release/pathfinding_algorithms)
      n1: 1310720 0x252733: graphics::image::Image::draw_tri (in /home/killpop/Рабочий стол/some/pathfinders/target/release/pathfinding_algorithms)
       n2: 1310720 0x23BD6F: graphics::text::Text::draw (in /home/killpop/Рабочий стол/some/pathfinders/target/release/pathfinding_algorithms)
        n1: 1310720 0x2449C3: pathfinding_algorithms::app::App::render (in /home/killpop/Рабочий стол/some/pathfinders/target/release/pathfinding_algorithms)
         n1: 1310720 0x242457: pathfinding_algorithms::menu::AppMenu::render (in /home/killpop/Рабочий стол/some/pathfinders/target/release/pathfinding_algorithms)
          n1: 1310720 0x22AA7C: gfx_graphics::back_end::Gfx2d<R>::draw (in /home/killpop/Рабочий стол/some/pathfinders/target/release/pathfinding_algorithms)
           n1: 1310720 0x22E9E5: pathfinding_algorithms::main (in /home/killpop/Рабочий стол/some/pathfinders/target/release/pathfinding_algorithms)
            n1: 1310720 0x24E8E2: std::sys::backtrace::__rust_begin_short_backtrace (in /home/killpop/Рабочий стол/some/pathfinders/target/release/pathfinding_algorithms)
             n1: 1310720 0x23C5B8: std::rt::lang_start::{{closure}} (in /home/killpop/Рабочий стол/some/pathfinders/target/release/pathfinding_algorithms)
              n1: 1310720 0x44BFC3: std::rt::lang_start_internal (in /home/killpop/Рабочий стол/some/pathfinders/target/release/pathfinding_algorithms)
               n0: 1310720 0x236444: main (in /home/killpop/Рабочий стол/some/pathfinders/target/release/pathfinding_algorithms)
        n0: 0 in 1 place, below massif's threshold (1.00%)
   n2: 196608 0x408958: <gfx_device_gl::command::CommandBuffer as gfx_core::command::Buffer<gfx_device_gl::Resources>>::update_buffer (in /home/killpop/Рабочий стол/some/pathfinders/target/release/pathfinding_algorithms)
    n2: 196608 0x24F95F: gfx::encoder::Encoder<R,C>::update_buffer (in /home/killpop/Рабочий стол/some/pathfinders/target/release/pathfinding_algorithms)
     n1: 196608 0x22D265: <gfx_graphics::back_end::GfxGraphics<R,C> as graphics::graphics::Graphics>::tri_list (in /home/killpop/Рабочий стол/some/pathfinders/target/release/pathfinding_algorithms)
      n1: 196608 0x24C862: graphics::rectangle::Rectangle::draw_tri (in /home/killpop/Рабочий стол/some/pathfinders/target/release/pathfinding_algorithms)
       n1: 196608 0x2447BA: pathfinding_algorithms::app::App::render (in /home/killpop/Рабочий стол/some/pathfinders/target/release/pathfinding_algorithms)
        n1: 196608 0x242457: pathfinding_algorithms::menu::AppMenu::render (in /home/killpop/Рабочий стол/some/pathfinders/target/release/pathfinding_algorithms)
         n1: 196608 0x22AA7C: gfx_graphics::back_end::Gfx2d<R>::draw (in /home/killpop/Рабочий стол/some/pathfinders/target/release/pathfinding_algorithms)
          n1: 196608 0x22E9E5: pathfinding_algorithms::main (in /home/killpop/Рабочий стол/some/pathfinders/target/release/pathfinding_algorithms)
           n1: 196608 0x24E8E2: std::sys::backtrace::__rust_begin_short_backtrace (in /home/killpop/Рабочий стол/some/pathfinders/target/release/pathfinding_algorithms)
            n1: 196608 0x23C5B8: std::rt::lang_start::{{closure}} (in /home/killpop/Рабочий стол/some/pathfinders/target/release/pathfinding_algorithms)
             n1: 196608 0x44BFC3: std::rt::lang_start_internal (in /home/killpop/Рабочий стол/some/pathfinders/target/release/pathfinding_algorithms)
              n0: 196608 0x236444: main (in /home/killpop/Рабочий стол/some/pathfinders/target/release/pathfinding_algorithms)
     n0: 0 in 1 place, below massif's threshold (1.00%)
    n0: 0 in 2 places, all below massif's threshold (1.00%)
   n0: 190272 in 11 places, all below massif's threshold (1.00%)
  n1: 181568 0x41A659: alloc::raw_vec::RawVec<T,A>::grow_one (in /home/killpop/Рабочий стол/some/pathfinders/target/release/pathfinding_algorithms)
   n0: 181568 in 16 places, all below massif's threshold (1.00%)
  n0: 2560 in 1 place, below massif's threshold (1.00%)
 n0: 1035650 in 441 places, all below massif's threshold (1.00%)
 n1: 241664 0x52D64D7: ??? (in /usr/lib/x86_64-linux-gnu/libGLdispatch.so.0.0.0)
  n1: 241664 0x52D6C11: ??? (in /usr/lib/x86_64-linux-gnu/libGLdispatch.so.0.0.0)
   n1: 241664 0x52D6E68: __glDispatchMakeCurrent (in /usr/lib/x86_64-linux-gnu/libGLdispatch.so.0.0.0)
    n1: 241664 0x5362923: ??? (in /usr/lib/x86_64-linux-gnu/libGLX.so.0.0.0)
     n1: 241664 0x53675E4: ??? (in /usr/lib/x86_64-linux-gnu/libGLX.so.0.0.0)
      n1: 241664 0x2BF65D: glutin::api::glx::last_glx_error (in /home/killpop/Рабочий стол/some/pathfinders/target/release/pathfinding_algorithms)
       n1: 241664 0x27BBB5: <glutin::context::NotCurrentContext as glutin::context::NotCurrentGlContextSurfaceAccessor<T>>::make_current (in /home/killpop/Рабочий стол/some/pathfinders/target/release/pathfinding_algorithms)
        n1: 241664 0x291765: glutin_window::GlutinWindow::from_raw (in /home/killpop/Рабочий стол/some/pathfinders/target/release/pathfinding_algorithms)
         n1: 241664 0x290C68: glutin_window::GlutinWindow::new (in /home/killpop/Рабочий стол/some/pathfinders/target/release/pathfinding_algorithms)
          n1: 241664 0x23C14A: <piston_window::prelude::PistonWindow<W> as window::BuildFromWindowSettings>::build_from_window_settings (in /home/killpop/Рабочий стол/some/pathfinders/target/release/pathfinding_algorithms)
           n1: 241664 0x22E598: pathfinding_algorithms::main (in /home/killpop/Рабочий стол/some/pathfinders/target/release/pathfinding_algorithms)
            n1: 241664 0x24E8E2: std::sys::backtrace::__rust_begin_short_backtrace (in /home/killpop/Рабочий стол/some/pathfinders/target/release/pathfinding_algorithms)
             n1: 241664 0x23C5B8: std::rt::lang_start::{{closure}} (in /home/killpop/Рабочий стол/some/pathfinders/target/release/pathfinding_algorithms)
              n1: 241664 0x44BFC3: std::rt::lang_start_internal (in /home/killpop/Рабочий стол/some/pathfinders/target/release/pathfinding_algorithms)
               n0: 241664 0x236444: main (in /home/killpop/Рабочий стол/some/pathfinders/target/release/pathfinding_algorithms)
 n1: 149594 0x9B5EE4D: ??? (in /usr/lib/x86_64-linux-gnu/libnvidia-gpucomp.so.580.173.02)
  n1: 149594 0x9B0E478: ??? (in /usr/lib/x86_64-linux-gnu/libnvidia-gpucomp.so.580.173.02)
   n1: 149594 0x82C24BF: ??? (in /usr/lib/x86_64-linux-gnu/libnvidia-gpucomp.so.580.173.02)
    n0: 149594 in 58 places, all below massif's threshold (1.00%)
#-----------
snapshot=19
#-----------
time=2769869004
mem_heap_B=11349269
mem_heap_extra_B=126947
mem_stacks_B=0
heap_tree=empty
#-----------
snapshot=20
#-----------
time=2905907508
mem_heap_B=11349269
mem_heap_extra_B=126947
mem_stacks_B=0
heap_tree=empty
#-----------
snapshot=21
#-----------
time=3041937777
mem_heap_B=11349261
mem_heap_extra_B=126915
mem_stacks_B=0
heap_tree=empty
#-----------
snapshot=22
#-----------
time=3245993513
mem_heap_B=11351437
mem_heap_extra_B=126915
mem_stacks_B=0
heap_tree=empty
#-----------
snapshot=23
#-----------
time=3382036295
mem_heap_B=11351445
mem_heap_extra_B=126931
mem_stacks_B=0
heap_tree=empty
#-----------
snapshot=24
#-----------
time=3552093579
mem_heap_B=11352594
mem_heap_extra_B=126934
mem_stacks_B=0
heap_tree=detailed
n6: 11352594 (heap allocation functions) malloc/new/new[], --alloc-fns, etc.
 n6: 5195355 0x5F521C1: ??? (in /usr/lib/x86_64-linux-gnu/libnvidia-glcore.so.580.173.02)
  n2: 2463597 0x5C76E4A: ??? (in /usr/lib/x86_64-linux-gnu/libnvidia-glcore.so.580.173.02)
   n1: 2463597 0x5C5A175: ??? (in /usr/lib/x86_64-linux-gnu/libnvidia-glcore.so.580.173.02)
    n1: 2463597 0x5C5EF6F: ??? (in /usr/lib/x86_64-linux-gnu/libnvidia-glcore.so.580.173.02)
     n1: 2463597 0x41683E: gfx_device_gl::factory::Factory::init_buffer (in /home/killpop/Рабочий стол/some/pathfinders/target/release/pathfinding_algorithms)
      n3: 2463597 0x415AD0: <gfx_device_gl::factory::Factory as gfx_core::factory::Factory<gfx_device_gl::Resources>>::create_buffer_raw (in /home/killpop/Рабочий стол/some/pathfinders/target/release/pathfinding_algorithms)
       n1: 1636871 0x227240: gfx_graphics::back_end::Gfx2d<R>::new (in /home/killpop/Рабочий стол/some/pathfinders/target/release/pathfinding_algorithms)
        n1: 1636871 0x23C30D: <piston_window::prelude::PistonWindow<W> as window::BuildFromWindowSettings>::build_from_window_settings (in /home/killpop/Рабочий стол/some/pathfinders/target/release/pathfinding_algorithms)
         n1: 1636871 0x22E598: pathfinding_algorithms::main (in /home/killpop/Рабочий стол/some/pathfinders/target/release/pathfinding_algorithms)
          n1: 1636871 0x24E8E2: std::sys::backtrace::__rust_begin_short_backtrace (in /home/killpop/Рабочий стол/some/pathfinders/target/release/pathfinding_algorithms)
           n1: 1636871 0x23C5B8: std::rt::lang_start::{{closure}} (in /home/killpop/Рабочий стол/some/pathfinders/target/release/pathfinding_algorithms)
            n1: 1636871 0x44BFC3: std::rt::lang_start_internal (in /home/killpop/Рабочий стол/some/pathfinders/target/release/pathfinding_algorithms)
             n0: 1636871 0x236444: main (in /home/killpop/Рабочий стол/some/pathfinders/target/release/pathfinding_algorithms)
       n1: 818471 0x2271DF: gfx_graphics::back_end::Gfx2d<R>::new (in /home/killpop/Рабочий стол/some/pathfinders/target/release/pathfinding_algorithms)
        n1: 818471 0x23C30D: <piston_window::prelude::PistonWindow<W> as window::BuildFromWindowSettings>::build_from_window_settings (in /home/killpop/Рабочий стол/some/pathfinders/target/release/pathfinding_algorithms)
         n1: 818471 0x22E598: pathfinding_algorithms::main (in /home/killpop/Рабочий стол/some/pathfinders/target/release/pathfinding_algorithms)
          n1: 818471 0x24E8E2: std::sys::backtrace::__rust_begin_short_backtrace (in /home/killpop/Рабочий стол/some/pathfinders/target/release/pathfinding_algorithms)
           n1: 818471 0x23C5B8: std::rt::lang_start::{{closure}} (in /home/killpop/Рабочий стол/some/pathfinders/target/release/pathfinding_algorithms)
            n1: 818471 0x44BFC3: std::rt::lang_start_internal (in /home/killpop/Рабочий стол/some/pathfinders/target/release/pathfinding_algorithms)
             n0: 818471 0x236444: main (in /home/killpop/Рабочий стол/some/pathfinders/target/release/pathfinding_algorithms)
       n0: 8255 in 1 place, below massif's threshold (1.00%)
   n0: 0 in 1 place, below massif's threshold (1.00%)
  n1: 1638400 0x5C0DD8F: ??? (in /usr/lib/x86_64-linux-gnu/libnvidia-glcore.so.580.173.02)
   n1: 1638400 0x5F88378: ??? (in /usr/lib/x86_64-linux-gnu/libnvidia-glcore.so.580.173.02)
    n1: 1638400 0x5F3A724: ??? (in /usr/lib/x86_64-linux-gnu/libnvidia-glcore.so.580.173.02)
     n1: 1638400 0x53D313F: ??? (in /usr/lib/x86_64-linux-gnu/libGLX_nvidia.so.580.173.02)
      n1: 1638400 0x53FA624: ??? (in /usr/lib/x86_64-linux-gnu/libGLX_nvidia.so.580.173.02)
       n1: 1638400 0x53FF9E7: ??? (in /usr/lib/x86_64-linux-gnu/libGLX_nvidia.so.580.173.02)
        n1: 1638400 0x53F4045: glXCreateContextAttribsARB (in /usr/lib/x86_64-linux-gnu/libGLX_nvidia.so.580.173.02)
         n1: 1638400 0x5367E02: ??? (in /usr/lib/x86_64-linux-gnu/libGLX.so.0.0.0)
          n1: 1638400 0x3C0110: glutin::api::glx::last_glx_error (in /home/killpop/Рабочий стол/some/pathfinders/target/release/pathfinding_algorithms)
           n1: 1638400 0x3C92F0: glutin::api::glx::context::<impl glutin::api::glx::display::Display>::create_context (in /home/killpop/Рабочий стол/some/pathfinders/target/release/pathfinding_algorithms)
            n1: 1638400 0x3C80BD: <glutin::display::Display as glutin::display::GlDisplay>::create_context (in /home/killpop/Рабочий стол/some/pathfinders/target/release/pathfinding_algorithms)
             n1: 1638400 0x29145D: glutin_window::GlutinWindow::from_raw (in /home/killpop/Рабочий стол/some/pathfinders/target/release/pathfinding_algorithms)
              n1: 1638400 0x290C68: glutin_window::GlutinWindow::new (in /home/killpop/Рабочий стол/some/pathfinders/target/release/pathfinding_algorithms)
               n1: 1638400 0x23C14A: <piston_window::prelude::PistonWindow<W> as window::BuildFromWindowSettings>::build_from_window_settings (in /home/killpop/Рабочий стол/some/pathfinders/target/release/pathfinding_algorithms)
                n1: 1638400 0x22E598: pathfinding_algorithms::main (in /home/killpop/Рабочий стол/some/pathfinders/target/release/pathfinding_algorithms)
                 n1: 1638400 0x24E8E2: std::sys::backtrace::__rust_begin_short_backtrace (in /home/killpop/Рабочий стол/some/pathfinders/target/release/pathfinding_algorithms)
                  n1: 1638400 0x23C5B8: std::rt::lang_start::{{closure}} (in /home/killpop/Рабочий стол/some/pathfinders/target/release/pathfinding_algorithms)
                   n1: 1638400 0x44BFC3: std::rt::lang_start_internal (in /home/killpop/Рабочий стол/some/pathfinders/target/release/pathfinding_algorithms)
                    n0: 1638400 0x236444: main (in /home/killpop/Рабочий стол/some/pathfinders/target/release/pathfinding_algorithms)
  n1: 385024 0x5FC30B3: ??? (in /usr/lib/x86_64-linux-gnu/libnvidia-glcore.so.580.173.02)
   n1: 385024 0x5F95B81: ??? (in /usr/lib/x86_64-linux-gnu/libnvidia-glcore.so.580.173.02)
    n1: 385024 0x5F96561: ??? (in /usr/lib/x86_64-linux-gnu/libnvidia-glcore.so.580.173.02)
     n1: 385024 0x5F80DCB: ??? (in /usr/lib/x86_64-linux-gnu/libnvidia-glcore.so.580.173.02)
      n1: 385024 0x5F3A8EB: ??? (in /usr/lib/x86_64-linux-gnu/libnvidia-glcore.so.580.173.02)
       n1: 385024 0x53D344F: ??? (in /usr/lib/x86_64-linux-gnu/libGLX_nvidia.so.580.173.02)
        n1: 385024 0x54010E9: ??? (in /usr/lib/x86_64-linux-gnu/libGLX_nvidia.so.580.173.02)
         n1: 385024 0x53605B1: ??? (in /usr/lib/x86_64-linux-gnu/libGLX.so.0.0.0)
          n1: 385024 0x53629A1: ??? (in /usr/lib/x86_64-linux-gnu/libGLX.so.0.0.0)
           n1: 385024 0x53675E4: ??? (in /usr/lib/x86_64-linux-gnu/libGLX.so.0.0.0)
            n1: 385024 0x2BF65D: glutin::api::glx::last_glx_error (in /home/killpop/Рабочий стол/some/pathfinders/target/release/pathfinding_algorithms)
             n1: 385024 0x27BBB5: <glutin::context::NotCurrentContext as glutin::context::NotCurrentGlContextSurfaceAccessor<T>>::make_current (in /home/killpop/Рабочий стол/some/pathfinders/target/release/pathfinding_algorithms)
              n1: 385024 0x291765: glutin_window::GlutinWindow::from_raw (in /home/killpop/Рабочий стол/some/pathfinders/target/release/pathfinding_algorithms)
               n1: 385024 0x290C68: glutin_window::GlutinWindow::new (in /home/killpop/Рабочий стол/some/pathfinders/target/release/pathfinding_algorithms)
                n1: 385024 0x23C14A: <piston_window::prelude::PistonWindow<W> as window::BuildFromWindowSettings>::build_from_window_settings (in /home/killpop/Рабочий стол/some/pathfinders/target/release/pathfinding_algorithms)
                 n1: 385024 0x22E598: pathfinding_algorithms::main (in /home/killpop/Рабочий стол/some/pathfinders/target/release/pathfinding_algorithms)
                  n1: 385024 0x24E8E2: std::sys::backtrace::__rust_begin_short_backtrace (in /home/killpop/Рабочий стол/some/pathfinders/target/release/pathfinding_algorithms)
                   n1: 385024 0x23C5B8: std::rt::lang_start::{{closure}} (in /home/killpop/Рабочий стол/some/pathfinders/target/release/pathfinding_algorithms)
                    n1: 385024 0x44BFC3: std::rt::lang_start_internal (in /home/killpop/Рабочий стол/some/pathfinders/target/release/pathfinding_algorithms)
                     n0: 385024 0x236444: main (in /home/killpop/Рабочий стол/some/pathfinders/target/release/pathfinding_algorithms)
  n0: 284202 in 225 places, all below massif's threshold (1.00%)
  n1: 262132 0x53FF724: ??? (in /usr/lib/x86_64-linux-gnu/libGLX_nvidia.so.580.173.02)
   n1: 262132 0x53F4045: glXCreateContextAttribsARB (in /usr/lib/x86_64-linux-gnu/libGLX_nvidia.so.580.173.02)
    n1: 262132 0x5367E02: ??? (in /usr/lib/x86_64-linux-gnu/libGLX.so.0.0.0)
     n1: 262132 0x3C0110: glutin::api::glx::last_glx_error (in /home/killpop/Рабочий стол/some/pathfinders/target/release/pathfinding_algorithms)
      n1: 262132 0x3C92F0: glutin::api::glx::context::<impl glutin::api::glx::display::Display>::create_context (in /home/killpop/Рабочий стол/some/pathfinders/target/release/pathfinding_algorithms)
       n1: 262132 0x3C80BD: <glutin::display::Display as glutin::display::GlDisplay>::create_context (in /home/killpop/Рабочий стол/some/pathfinders/target/release/pathfinding_algorithms)
        n1: 262132 0x29145D: glutin_window::GlutinWindow::from_raw (in /home/killpop/Рабочий стол/some/pathfinders/target/release/pathfinding_algorithms)
         n1: 262132 0x290C68: glutin_window::GlutinWindow::new (in /home/killpop/Рабочий стол/some/pathfinders/target/release/pathfinding_algorithms)
          n1: 262132 0x23C14A: <piston_window::prelude::PistonWindow<W> as window::BuildFromWindowSettings>::build_from_window_settings (in /home/killpop/Рабочий стол/some/pathfinders/target/release/pathfinding_algorithms)
           n1: 262132 0x22E598: pathfinding_algorithms::main (in /home/killpop/Рабочий стол/some/pathfinders/target/release/pathfinding_algorithms)
            n1: 262132 0x24E8E2: std::sys::backtrace::__rust_begin_short_backtrace (in /home/killpop/Рабочий стол/some/pathfinders/target/release/pathfinding_algorithms)
             n1: 262132 0x23C5B8: std::rt::lang_start::{{closure}} (in /home/killpop/Рабочий стол/some/pathfinders/target/release/pathfinding_algorithms)
              n1: 262132 0x44BFC3: std::rt::lang_start_internal (in /home/killpop/Рабочий стол/some/pathfinders/target/release/pathfinding_algorithms)
               n0: 262132 0x236444: main (in /home/killpop/Рабочий стол/some/pathfinders/target/release/pathfinding_algorithms)
  n1: 162000 0x653ADBC: ??? (in /usr/lib/x86_64-linux-gnu/libnvidia-glcore.so.580.173.02)
   n1: 162000 0x654403F: ??? (in /usr/lib/x86_64-linux-gnu/libnvidia-glcore.so.580.173.02)
    n1: 162000 0x5F4C308: ??? (in /usr/lib/x86_64-linux-gnu/libnvidia-glcore.so.580.173.02)
     n1: 162000 0x53D43A0: ??? (in /usr/lib/x86_64-linux-gnu/libGLX_nvidia.so.580.173.02)
      n1: 162000 0x53D44D7: ??? (in /usr/lib/x86_64-linux-gnu/libGLX_nvidia.so.580.173.02)
       n1: 162000 0x53FA5E4: ??? (in /usr/lib/x86_64-linux-gnu/libGLX_nvidia.so.580.173.02)
        n1: 162000 0x53FF9E7: ??? (in /usr/lib/x86_64-linux-gnu/libGLX_nvidia.so.580.173.02)
         n1: 162000 0x53F4045: glXCreateContextAttribsARB (in /usr/lib/x86_64-linux-gnu/libGLX_nvidia.so.580.173.02)
          n1: 162000 0x5367E02: ??? (in /usr/lib/x86_64-linux-gnu/libGLX.so.0.0.0)
           n1: 162000 0x3C0110: glutin::api::glx::last_glx_error (in /home/killpop/Рабочий стол/some/pathfinders/target/release/pathfinding_algorithms)
            n1: 162000 0x3C92F0: glutin::api::glx::context::<impl glutin::api::glx::display::Display>::create_context (in /home/killpop/Рабочий стол/some/pathfinders/target/release/pathfinding_algorithms)
             n1: 162000 0x3C80BD: <glutin::display::Display as glutin::display::GlDisplay>::create_context (in /home/killpop/Рабочий стол/some/pathfinders/target/release/pathfinding_algorithms)
              n1: 162000 0x29145D: glutin_window::GlutinWindow::from_raw (in /home/killpop/Рабочий стол/some/pathfinders/target/release/pathfinding_algorithms)
               n1: 162000 0x290C68: glutin_window::GlutinWindow::new (in /home/killpop/Рабочий стол/some/pathfinders/target/release/pathfinding_algorithms)
                n1: 162000 0x23C14A: <piston_window::prelude::PistonWindow<W> as window::BuildFromWindowSettings>::build_from_window_settings (in /home/killpop/Рабочий стол/some/pathfinders/target/release/pathfinding_algorithms)
                 n1: 162000 0x22E598: pathfinding_algorithms::main (in /home/killpop/Рабочий стол/some/pathfinders/target/release/pathfinding_algorithms)
                  n1: 162000 0x24E8E2: std::sys::backtrace::__rust_begin_short_backtrace (in /home/killpop/Рабочий стол/some/pathfinders/target/release/pathfinding_algorithms)
                   n1: 162000 0x23C5B8: std::rt::lang_start::{{closure}} (in /home/killpop/Рабочий стол/some/pathfinders/target/release/pathfinding_algorithms)
                    n1: 162000 0x44BFC3: std::rt::lang_start_internal (in /home/killpop/Рабочий стол/some/pathfinders/target/release/pathfinding_algorithms)
                     n0: 162000 0x236444: main (in /home/killpop/Рабочий стол/some/pathfinders/target/release/pathfinding_algorithms)
 n9: 2845270 0x5F5247D: ??? (in /usr/lib/x86_64-linux-gnu/libnvidia-glcore.so.580.173.02)
  n1: 825080 0x5F958BA: ??? (in /usr/lib/x86_64-linux-gnu/libnvidia-glcore.so.580.173.02)
   n1: 825080 0x5F96561: ??? (in /usr/lib/x86_64-linux-gnu/libnvidia-glcore.so.580.173.02)
    n1: 825080 0x5F80DCB: ??? (in /usr/lib/x86_64-linux-gnu/libnvidia-glcore.so.580.173.02)
     n1: 825080 0x5F3A8EB: ??? (in /usr/lib/x86_64-linux-gnu/libnvidia-glcore.so.580.173.02)
      n1: 825080 0x53D344F: ??? (in /usr/lib/x86_64-linux-gnu/libGLX_nvidia.so.580.173.02)
       n1: 825080 0x54010E9: ??? (in /usr/lib/x86_64-linux-gnu/libGLX_nvidia.so.580.173.02)
        n1: 825080 0x53605B1: ??? (in /usr/lib/x86_64-linux-gnu/libGLX.so.0.0.0)
         n1: 825080 0x53629A1: ??? (in /usr/lib/x86_64-linux-gnu/libGLX.so.0.0.0)
          n1: 825080 0x53675E4: ??? (in /usr/lib/x86_64-linux-gnu/libGLX.so.0.0.0)
           n1: 825080 0x2BF65D: glutin::api::glx::last_glx_error (in /home/killpop/Рабочий стол/some/pathfinders/target/release/pathfinding_algorithms)
            n1: 825080 0x27BBB5: <glutin::context::NotCurrentContext as glutin::context::NotCurrentGlContextSurfaceAccessor<T>>::make_current (in /home/killpop/Рабочий стол/some/pathfinders/target/release/pathfinding_algorithms)
             n1: 825080 0x291765: glutin_window::GlutinWindow::from_raw (in /home/killpop/Рабочий стол/some/pathfinders/target/release/pathfinding_algorithms)
              n1: 825080 0x290C68: glutin_window::GlutinWindow::new (in /home/killpop/Рабочий стол/some/pathfinders/target/release/pathfinding_algorithms)
               n1: 825080 0x23C14A: <piston_window::prelude::PistonWindow<W> as window::BuildFromWindowSettings>::build_from_window_settings (in /home/killpop/Рабочий стол/some/pathfinders/target/release/pathfinding_algorithms)
                n1: 825080 0x22E598: pathfinding_algorithms::main (in /home/killpop/Рабочий стол/some/pathfinders/target/release/pathfinding_algorithms)
                 n1: 825080 0x24E8E2: std::sys::backtrace::__rust_begin_short_backtrace (in /home/killpop/Рабочий стол/some/pathfinders/target/release/pathfinding_algorithms)
                  n1: 825080 0x23C5B8: std::rt::lang_start::{{closure}} (in /home/killpop/Рабочий стол/some/pathfinders/target/release/pathfinding_algorithms)
                   n1: 825080 0x44BFC3: std::rt::lang_start_internal (in /home/killpop/Рабочий стол/some/pathfinders/target/release/pathfinding_algorithms)
                    n0: 825080 0x236444: main (in /home/killpop/Рабочий стол/some/pathfinders/target/release/pathfinding_algorithms)
  n0: 781143 in 116 places, all below massif's threshold (1.00%)
  n1: 307311 0x5C75DBB: ??? (in /usr/lib/x86_64-linux-gnu/libnvidia-glcore.so.580.173.02)
   n1: 307311 0x53FAEBF: ??? (in /usr/lib/x86_64-linux-gnu/libGLX_nvidia.so.580.173.02)
    n1: 307311 0x5403FDB: ??? (in /usr/lib/x86_64-linux-gnu/libGLX_nvidia.so.580.173.02)
     n1: 307311 0x53D0A5A: ??? (in /usr/lib/x86_64-linux-gnu/libGLX_nvidia.so.580.173.02)
      n1: 307311 0x542C401: ??? (in /usr/lib/x86_64-linux-gnu/libGLX_nvidia.so.580.173.02)
       n1: 307311 0x53D0012: ??? (in /usr/lib/x86_64-linux-gnu/libGLX_nvidia.so.580.173.02)
        n1: 307311 0x4005823: call_init (dl-init.c:120)
         n1: 307311 0x4005823: _dl_init (dl-init.c:121)
          n1: 307311 0x40015B1: _dl_catch_exception (dl-catch.c:211)
           n1: 307311 0x400CD7B: dl_open_worker (dl-open.c:829)
            n1: 307311 0x400CD7B: dl_open_worker (dl-open.c:792)
             n1: 307311 0x400151B: _dl_catch_exception (dl-catch.c:237)
              n1: 307311 0x400D163: _dl_open (dl-open.c:905)
               n1: 307311 0x4A22283: dlopen_doit (dlopen.c:56)
                n1: 307311 0x400151B: _dl_catch_exception (dl-catch.c:237)
                 n1: 307311 0x4001668: _dl_catch_error (dl-catch.c:256)
                  n1: 307311 0x4A21D62: _dlerror_run (dlerror.c:138)
                   n1: 307311 0x4A2233E: dlopen_implementation (dlopen.c:71)
                    n1: 307311 0x4A2233E: dlopen@@GLIBC_2.34 (dlopen.c:81)
                     n1: 307311 0x536530A: ??? (in /usr/lib/x86_64-linux-gnu/libGLX.so.0.0.0)
                      n1: 307311 0x5367BAC: ??? (in /usr/lib/x86_64-linux-gnu/libGLX.so.0.0.0)
                       n1: 307311 0x53683B5: glXGetClientString (in /usr/lib/x86_64-linux-gnu/libGLX.so.0.0.0)
                        n1: 307311 0x3C956E: glutin::api::glx::display::Display::new (in /home/killpop/Рабочий стол/some/pathfinders/target/release/pathfinding_algorithms)
                         n1: 307311 0x3C7D97: glutin::display::Display::new (in /home/killpop/Рабочий стол/some/pathfinders/target/release/pathfinding_algorithms)
                          n1: 307311 0x27BED9: glutin_winit::DisplayBuilder::build (in /home/killpop/Рабочий стол/some/pathfinders/target/release/pathfinding_algorithms)
                           n1: 307311 0x290F37: glutin_window::GlutinWindow::from_raw (in /home/killpop/Рабочий стол/some/pathfinders/target/release/pathfinding_algorithms)
                            n1: 307311 0x290C68: glutin_window::GlutinWindow::new (in /home/killpop/Рабочий стол/some/pathfinders/target/release/pathfinding_algorithms)
                             n1: 307311 0x23C14A: <piston_window::prelude::PistonWindow<W> as window::BuildFromWindowSettings>::build_from_window_settings (in /home/killpop/Рабочий стол/some/pathfinders/target/release/pathfinding_algorithms)
                              n1: 307311 0x22E598: pathfinding_algorithms::main (in /home/killpop/Рабочий стол/some/pathfinders/target/release/pathfinding_algorithms)
                               n1: 307311 0x24E8E2: std::sys::backtrace::__rust_begin_short_backtrace (in /home/killpop/Рабочий стол/some/pathfinders/target/release/pathfinding_algorithms)
                                n1: 307311 0x23C5B8: std::rt::lang_start::{{closure}} (in /home/killpop/Рабочий стол/some/pathfinders/target/release/pathfinding_algorithms)
                                 n0: 307311 0x44BFC3: std::rt::lang_start_internal (in /home/killpop/Рабочий стол/some/pathfinders/target/release/pathfinding_algorithms)
  n1: 171760 0x5F6FCFE: ??? (in /usr/lib/x86_64-linux-gnu/libnvidia-glcore.so.580.173.02)
   n1: 171760 0x5F81285: ??? (in /usr/lib/x86_64-linux-gnu/libnvidia-glcore.so.580.173.02)
    n1: 171760 0x5F3A8EB: ??? (in /usr/lib/x86_64-linux-gnu/libnvidia-glcore.so.580.173.02)
     n1: 171760 0x53D344F: ??? (in /usr/lib/x86_64-linux-gnu/libGLX_nvidia.so.580.173.02)
      n1: 171760 0x54010E9: ??? (in /usr/lib/x86_64-linux-gnu/libGLX_nvidia.so.580.173.02)
       n1: 171760 0x53605B1: ??? (in /usr/lib/x86_64-linux-gnu/libGLX.so.0.0.0)
        n1: 171760 0x53629A1: ??? (in /usr/lib/x86_64-linux-gnu/libGLX.so.0.0.0)
         n1: 171760 0x53675E4: ??? (in /usr/lib/x86_64-linux-gnu/libGLX.so.0.0.0)
          n1: 171760 0x2BF65D: glutin::api::glx::last_glx_error (in /home/killpop/Рабочий стол/some/pathfinders/target/release/pathfinding_algorithms)
           n1: 171760 0x27BBB5: <glutin::context::NotCurrentContext as glutin::context::NotCurrentGlContextSurfaceAccessor<T>>::make_current (in /home/killpop/Рабочий стол/some/pathfinders/target/release/pathfinding_algorithms)
            n1: 171760 0x291765: glutin_window::GlutinWindow::from_raw (in /home/killpop/Рабочий стол/some/pathfinders/target/release/pathfinding_algorithms)
             n1: 171760 0x290C68: glutin_window::GlutinWindow::new (in /home/killpop/Рабочий стол/some/pathfinders/target/release/pathfinding_algorithms)
              n1: 171760 0x23C14A: <piston_window::prelude::PistonWindow<W> as window::BuildFromWindowSettings>::build_from_window_settings (in /home/killpop/Рабочий стол/some/pathfinders/target/release/pathfinding_algorithms)
               n1: 171760 0x22E598: pathfinding_algorithms::main (in /home/killpop/Рабочий стол/some/pathfinders/target/release/pathfinding_algorithms)
                n1: 171760 0x24E8E2: std::sys::backtrace::__rust_begin_short_backtrace (in /home/killpop/Рабочий стол/some/pathfinders/target/release/pathfinding_algorithms)
                 n1: 171760 0x23C5B8: std::rt::lang_start::{{closure}} (in /home/killpop/Рабочий стол/some/pathfinders/target/release/pathfinding_algorithms)
                  n1: 171760 0x44BFC3: std::rt::lang_start_internal (in /home/killpop/Рабочий стол/some/pathfinders/target/release/pathfinding_algorithms)
                   n0: 171760 0x236444: main (in /home/killpop/Рабочий стол/some/pathfinders/target/release/pathfinding_algorithms)
  n1: 167504 0x53D4323: ??? (in /usr/lib/x86_64-linux-gnu/libGLX_nvidia.so.580.173.02)
   n1: 167504 0x53D44D7: ??? (in /usr/lib/x86_64-linux-gnu/libGLX_nvidia.so.580.173.02)
    n1: 167504 0x53FA5E4: ??? (in /usr/lib/x86_64-linux-gnu/libGLX_nvidia.so.580.173.02)
     n1: 167504 0x53FF9E7: ??? (in /usr/lib/x86_64-linux-gnu/libGLX_nvidia.so.580.173.02)
      n1: 167504 0x53F4045: glXCreateContextAttribsARB (in /usr/lib/x86_64-linux-gnu/libGLX_nvidia.so.580.173.02)
       n1: 167504 0x5367E02: ??? (in /usr/lib/x86_64-linux-gnu/libGLX.so.0.0.0)
        n1: 167504 0x3C0110: glutin::api::glx::last_glx_error (in /home/killpop/Рабочий стол/some/pathfinders/target/release/pathfinding_algorithms)
         n1: 167504 0x3C92F0: glutin::api::glx::context::<impl glutin::api::glx::display::Display>::create_context (in /home/killpop/Рабочий стол/some/pathfinders/target/release/pathfinding_algorithms)
          n1: 167504 0x3C80BD: <glutin::display::Display as glutin::display::GlDisplay>::create_context (in /home/killpop/Рабочий стол/some/pathfinders/target/release/pathfinding_algorithms)
           n1: 167504 0x29145D: glutin_window::GlutinWindow::from_raw (in /home/killpop/Рабочий стол/some/pathfinders/target/release/pathfinding_algorithms)
            n1: 167504 0x290C68: glutin_window::GlutinWindow::new (in /home/killpop/Рабочий стол/some/pathfinders/target/release/pathfinding_algorithms)
             n1: 167504 0x23C14A: <piston_window::prelude::PistonWindow<W> as window::BuildFromWindowSettings>::build_from_window_settings (in /home/killpop/Рабочий стол/some/pathfinders/target/release/pathfinding_algorithms)
              n1: 167504 0x22E598: pathfinding_algorithms::main (in /home/killpop/Рабочий стол/some/pathfinders/target/release/pathfinding_algorithms)
               n1: 167504 0x24E8E2: std::sys::backtrace::__rust_begin_short_backtrace (in /home/killpop/Рабочий стол/some/pathfinders/target/release/pathfinding_algorithms)
                n1: 167504 0x23C5B8: std::rt::lang_start::{{closure}} (in /home/killpop/Рабочий стол/some/pathfinders/target/release/pathfinding_algorithms)
                 n1: 167504 0x44BFC3: std::rt::lang_start_internal (in /home/killpop/Рабочий стол/some/pathfinders/target/release/pathfinding_algorithms)
                  n0: 167504 0x236444: main (in /home/killpop/Рабочий стол/some/pathfinders/target/release/pathfinding_algorithms)
  n1: 163840 0x5FC2EB6: ??? (in /usr/lib/x86_64-linux-gnu/libnvidia-glcore.so.580.173.02)
   n1: 163840 0x5F95B81: ??? (in /usr/lib/x86_64-linux-gnu/libnvidia-glcore.so.580.173.02)
    n1: 163840 0x5F96561: ??? (in /usr/lib/x86_64-linux-gnu/libnvidia-glcore.so.580.173.02)
     n1: 163840 0x5F80DCB: ??? (in /usr/lib/x86_64-linux-gnu/libnvidia-glcore.so.580.173.02)
      n1: 163840 0x5F3A8EB: ??? (in /usr/lib/x86_64-linux-gnu/libnvidia-glcore.so.580.173.02)
       n1: 163840 0x53D344F: ??? (in /usr/lib/x86_64-linux-gnu/libGLX_nvidia.so.580.173.02)
        n1: 163840 0x54010E9: ??? (in /usr/lib/x86_64-linux-gnu/libGLX_nvidia.so.580.173.02)
         n1: 163840 0x53605B1: ??? (in /usr/lib/x86_64-linux-gnu/libGLX.so.0.0.0)
          n1: 163840 0x53629A1: ??? (in /usr/lib/x86_64-linux-gnu/libGLX.so.0.0.0)
           n1: 163840 0x53675E4: ??? (in /usr/lib/x86_64-linux-gnu/libGLX.so.0.0.0)
            n1: 163840 0x2BF65D: glutin::api::glx::last_glx_error (in /home/killpop/Рабочий стол/some/pathfinders/target/release/pathfinding_algorithms)
             n1: 163840 0x27BBB5: <glutin::context::NotCurrentContext as glutin::context::NotCurrentGlContextSurfaceAccessor<T>>::make_current (in /home/killpop/Рабочий стол/some/pathfinders/target/release/pathfinding_algorithms)
              n1: 163840 0x291765: glutin_window::GlutinWindow::from_raw (in /home/killpop/Рабочий стол/some/pathfinders/target/release/pathfinding_algorithms)
               n1: 163840 0x290C68: glutin_window::GlutinWindow::new (in /home/killpop/Рабочий стол/some/pathfinders/target/release/pathfinding_algorithms)
                n1: 163840 0x23C14A: <piston_window::prelude::PistonWindow<W> as window::BuildFromWindowSettings>::build_from_window_settings (in /home/killpop/Рабочий стол/some/pathfinders/target/release/pathfinding_algorithms)
                 n1: 163840 0x22E598: pathfinding_algorithms::main (in /home/killpop/Рабочий стол/some/pathfinders/target/release/pathfinding_algorithms)
                  n1: 163840 0x24E8E2: std::sys::backtrace::__rust_begin_short_backtrace (in /home/killpop/Рабочий стол/some/pathfinders/target/release/pathfinding_algorithms)
                   n1: 163840 0x23C5B8: std::rt::lang_start::{{closure}} (in /home/killpop/Рабочий стол/some/pathfinders/target/release/pathfinding_algorithms)
                    n1: 163840 0x44BFC3: std::rt::lang_start_internal (in /home/killpop/Рабочий стол/some/pathfinders/target/release/pathfinding_algorithms)
                     n0: 163840 0x236444: main (in /home/killpop/Рабочий стол/some/pathfinders/target/release/pathfinding_algorithms)
  n1: 154512 0x5F95879: ??? (in /usr/lib/x86_64-linux-gnu/libnvidia-glcore.so.580.173.02)
   n1: 154512 0x5F96561: ??? (in /usr/lib/x86_64-linux-gnu/libnvidia-glcore.so.580.173.02)
    n1: 154512 0x5F80DCB: ??? (in /usr/lib/x86_64-linux-gnu/libnvidia-glcore.so.580.173.02)
     n1: 154512 0x5F3A8EB: ??? (in /usr/lib/x86_64-linux-gnu/libnvidia-glcore.so.580.173.02)
      n1: 154512 0x53D344F: ??? (in /usr/lib/x86_64-linux-gnu/libGLX_nvidia.so.580.173.02)
       n1: 154512 0x54010E9: ??? (in /usr/lib/x86_64-linux-gnu/libGLX_nvidia.so.580.173.02)
        n1: 154512 0x53605B1: ??? (in /usr/lib/x86_64-linux-gnu/libGLX.so.0.0.0)
         n1: 154512 0x53629A1: ??? (in /usr/lib/x86_64-linux-gnu/libGLX.so.0.0.0)
          n1: 154512 0x53675E4: ??? (in /usr/lib/x86_64-linux-gnu/libGLX.so.0.0.0)
           n1: 154512 0x2BF65D: glutin::api::glx::last_glx_error (in /home/killpop/Рабочий стол/some/pathfinders/target/release/pathfinding_algorithms)
            n1: 154512 0x27BBB5: <glutin::context::NotCurrentContext as glutin::context::NotCurrentGlContextSurfaceAccessor<T>>::make_current (in /home/killpop/Рабочий стол/some/pathfinders/target/release/pathfinding_algorithms)
             n1: 154512 0x291765: glutin_window::GlutinWindow::from_raw (in /home/killpop/Рабочий стол/some/pathfinders/target/release/pathfinding_algorithms)
              n1: 154512 0x290C68: glutin_window::GlutinWindow::new (in /home/killpop/Рабочий стол/some/pathfinders/target/release/pathfinding_algorithms)
               n1: 154512 0x23C14A: <piston_window::prelude::PistonWindow<W> as window::BuildFromWindowSettings>::build_from_window_settings (in /home/killpop/Рабочий стол/some/pathfinders/target/release/pathfinding_algorithms)
                n1: 154512 0x22E598: pathfinding_algorithms::main (in /home/killpop/Рабочий стол/some/pathfinders/target/release/pathfinding_algorithms)
                 n1: 154512 0x24E8E2: std::sys::backtrace::__rust_begin_short_backtrace (in /home/killpop/Рабочий стол/some/pathfinders/target/release/pathfinding_algorithms)
                  n1: 154512 0x23C5B8: std::rt::lang_start::{{closure}} (in /home/killpop/Рабочий стол/some/pathfinders/target/release/pathfinding_algorithms)
                   n1: 154512 0x44BFC3: std::rt::lang_start_internal (in /home/killpop/Рабочий стол/some/pathfinders/target/release/pathfinding_algorithms)
                    n0: 154512 0x236444: main (in /home/killpop/Рабочий стол/some/pathfinders/target/release/pathfinding_algorithms)
  n1: 150472 0x5F3836F: ??? (in /usr/lib/x86_64-linux-gnu/libnvidia-glcore.so.580.173.02)
   n1: 150472 0x5F4C655: ??? (in /usr/lib/x86_64-linux-gnu/libnvidia-glcore.so.580.173.02)
    n1: 150472 0x53D43A0: ??? (in /usr/lib/x86_64-linux-gnu/libGLX_nvidia.so.580.173.02)
     n1: 150472 0x53D44D7: ??? (in /usr/lib/x86_64-linux-gnu/libGLX_nvidia.so.580.173.02)
      n1: 150472 0x53FA5E4: ??? (in /usr/lib/x86_64-linux-gnu/libGLX_nvidia.so.580.173.02)
       n1: 150472 0x53FF9E7: ??? (in /usr/lib/x86_64-linux-gnu/libGLX_nvidia.so.580.173.02)
        n1: 150472 0x53F4045: glXCreateContextAttribsARB (in /usr/lib/x86_64-linux-gnu/libGLX_nvidia.so.580.173.02)
         n1: 150472 0x5367E02: ??? (in /usr/lib/x86_64-linux-gnu/libGLX.so.0.0.0)
          n1: 150472 0x3C0110: glutin::api::glx::last_glx_error (in /home/killpop/Рабочий стол/some/pathfinders/target/release/pathfinding_algorithms)
           n1: 150472 0x3C92F0: glutin::api::glx::context::<impl glutin::api::glx::display::Display>::create_context (in /home/killpop/Рабочий стол/some/pathfinders/target/release/pathfinding_algorithms)
            n1: 150472 0x3C80BD: <glutin::display::Display as glutin::display::GlDisplay>::create_context (in /home/killpop/Рабочий стол/some/pathfinders/target/release/pathfinding_algorithms)
             n1: 150472 0x29145D: glutin_window::GlutinWindow::from_raw (in /home/killpop/Рабочий стол/some/pathfinders/target/release/pathfinding_algorithms)
              n1: 150472 0x290C68: glutin_window::GlutinWindow::new (in /home/killpop/Рабочий стол/some/pathfinders/target/release/pathfinding_algorithms)
               n1: 150472 0x23C14A: <piston_window::prelude::PistonWindow<W> as window::BuildFromWindowSettings>::build_from_window_settings (in /home/killpop/Рабочий стол/some/pathfinders/target/release/pathfinding_algorithms)
                n1: 150472 0x22E598: pathfinding_algorithms::main (in /home/killpop/Рабочий стол/some/pathfinders/target/release/pathfinding_algorithms)
                 n1: 150472 0x24E8E2: std::sys::backtrace::__rust_begin_short_backtrace (in /home/killpop/Рабочий стол/some/pathfinders/target/release/pathfinding_algorithms)
                  n1: 150472 0x23C5B8: std::rt::lang_start::{{closure}} (in /home/killpop/Рабочий стол/some/pathfinders/target/release/pathfinding_algorithms)
                   n1: 150472 0x44BFC3: std::rt::lang_start_internal (in /home/killpop/Рабочий стол/some/pathfinders/target/release/pathfinding_algorithms)
                    n0: 150472 0x236444: main (in /home/killpop/Рабочий стол/some/pathfinders/target/release/pathfinding_algorithms)
  n1: 123648 0x65CBF3F: ??? (in /usr/lib/x86_64-linux-gnu/libnvidia-glcore.so.580.173.02)
   n0: 123648 in 8 places, all below massif's threshold (1.00%)
 n3: 1881728 0x41A83E: alloc::raw_vec::RawVecInner<A>::finish_grow (in /home/killpop/Рабочий стол/some/pathfinders/target/release/pathfinding_algorithms)
  n3: 1697600 0x41A8F3: alloc::raw_vec::RawVecInner<A>::reserve::do_reserve_and_handle (in /home/killpop/Рабочий стол/some/pathfinders/target/release/pathfinding_algorithms)
   n1: 1310720 0x408A94: <gfx_device_gl::command::CommandBuffer as gfx_core::command::Buffer<gfx_device_gl::Resources>>::set_ref_values (in /home/killpop/Рабочий стол/some/pathfinders/target/release/pathfinding_algorithms)
    n1: 1310720 0x2504DC: gfx::encoder::Encoder<R,C>::draw (in /home/killpop/Рабочий стол/some/pathfinders/target/release/pathfinding_algorithms)
     n1: 1310720 0x22C9E7: <gfx_graphics::back_end::GfxGraphics<R,C> as graphics::graphics::Graphics>::tri_list_uv (in /home/killpop/Рабочий стол/some/pathfinders/target/release/pathfinding_algorithms)
      n1: 1310720 0x252733: graphics::image::Image::draw_tri (in /home/killpop/Рабочий стол/some/pathfinders/target/release/pathfinding_algorithms)
       n2: 1310720 0x23BD6F: graphics::text::Text::draw (in /home/killpop/Рабочий стол/some/pathfinders/target/release/pathfinding_algorithms)
        n1: 1310720 0x2449C3: pathfinding_algorithms::app::App::render (in /home/killpop/Рабочий стол/some/pathfinders/target/release/pathfinding_algorithms)
         n1: 1310720 0x242457: pathfinding_algorithms::menu::AppMenu::render (in /home/killpop/Рабочий стол/some/pathfinders/target/release/pathfinding_algorithms)
          n1: 1310720 0x22AA7C: gfx_graphics::back_end::Gfx2d<R>::draw (in /home/killpop/Рабочий стол/some/pathfinders/target/release/pathfinding_algorithms)
           n1: 1310720 0x22E9E5: pathfinding_algorithms::main (in /home/killpop/Рабочий стол/some/pathfinders/target/release/pathfinding_algorithms)
            n1: 1310720 0x24E8E2: std::sys::backtrace::__rust_begin_short_backtrace (in /home/killpop/Рабочий стол/some/pathfinders/target/release/pathfinding_algorithms)
             n1: 1310720 0x23C5B8: std::rt::lang_start::{{closure}} (in /home/killpop/Рабочий стол/some/pathfinders/target/release/pathfinding_algorithms)
              n1: 1310720 0x44BFC3: std::rt::lang_start_internal (in /home/killpop/Рабочий стол/some/pathfinders/target/release/pathfinding_algorithms)
               n0: 1310720 0x236444: main (in /home/killpop/Рабочий стол/some/pathfinders/target/release/pathfinding_algorithms)
        n0: 0 in 1 place, below massif's threshold (1.00%)
   n2: 196608 0x408958: <gfx_device_gl::command::CommandBuffer as gfx_core::command::Buffer<gfx_device_gl::Resources>>::update_buffer (in /home/killpop/Рабочий стол/some/pathfinders/target/release/pathfinding_algorithms)
    n2: 196608 0x24F95F: gfx::encoder::Encoder<R,C>::update_buffer (in /home/killpop/Рабочий стол/some/pathfinders/target/release/pathfinding_algorithms)
     n1: 196608 0x22D265: <gfx_graphics::back_end::GfxGraphics<R,C> as graphics::graphics::Graphics>::tri_list (in /home/killpop/Рабочий стол/some/pathfinders/target/release/pathfinding_algorithms)
      n1: 196608 0x24C862: graphics::rectangle::Rectangle::draw_tri (in /home/killpop/Рабочий стол/some/pathfinders/target/release/pathfinding_algorithms)
       n1: 196608 0x2447BA: pathfinding_algorithms::app::App::render (in /home/killpop/Рабочий стол/some/pathfinders/target/release/pathfinding_algorithms)
        n1: 196608 0x242457: pathfinding_algorithms::menu::AppMenu::render (in /home/killpop/Рабочий стол/some/pathfinders/target/release/pathfinding_algorithms)
         n1: 196608 0x22AA7C: gfx_graphics::back_end::Gfx2d<R>::draw (in /home/killpop/Рабочий стол/some/pathfinders/target/release/pathfinding_algorithms)
          n1: 196608 0x22E9E5: pathfinding_algorithms::main (in /home/killpop/Рабочий стол/some/pathfinders/target/release/pathfinding_algorithms)
           n1: 196608 0x24E8E2: std::sys::backtrace::__rust_begin_short_backtrace (in /home/killpop/Рабочий стол/some/pathfinders/target/release/pathfinding_algorithms)
            n1: 196608 0x23C5B8: std::rt::lang_start::{{closure}} (in /home/killpop/Рабочий стол/some/pathfinders/target/release/pathfinding_algorithms)
             n1: 196608 0x44BFC3: std::rt::lang_start_internal (in /home/killpop/Рабочий стол/some/pathfinders/target/release/pathfinding_algorithms)
              n0: 196608 0x236444: main (in /home/killpop/Рабочий стол/some/pathfinders/target/release/pathfinding_algorithms)
     n0: 0 in 1 place, below massif's threshold (1.00%)
    n0: 0 in 2 places, all below massif's threshold (1.00%)
   n0: 190272 in 11 places, all below massif's threshold (1.00%)
  n1: 181568 0x41A659: alloc::raw_vec::RawVec<T,A>::grow_one (in /home/killpop/Рабочий стол/some/pathfinders/target/release/pathfinding_algorithms)
   n0: 181568 in 16 places, all below massif's threshold (1.00%)
  n0: 2560 in 1 place, below massif's threshold (1.00%)
 n0: 1038983 in 441 places, all below massif's threshold (1.00%)
 n1: 241664 0x52D64D7: ??? (in /usr/lib/x86_64-linux-gnu/libGLdispatch.so.0.0.0)
  n1: 241664 0x52D6C11: ??? (in /usr/lib/x86_64-linux-gnu/libGLdispatch.so.0.0.0)
   n1: 241664 0x52D6E68: __glDispatchMakeCurrent (in /usr/lib/x86_64-linux-gnu/libGLdispatch.so.0.0.0)
    n1: 241664 0x5362923: ??? (in /usr/lib/x86_64-linux-gnu/libGLX.so.0.0.0)
     n1: 241664 0x53675E4: ??? (in /usr/lib/x86_64-linux-gnu/libGLX.so.0.0.0)
      n1: 241664 0x2BF65D: glutin::api::glx::last_glx_error (in /home/killpop/Рабочий стол/some/pathfinders/target/release/pathfinding_algorithms)
       n1: 241664 0x27BBB5: <glutin::context::NotCurrentContext as glutin::context::NotCurrentGlContextSurfaceAccessor<T>>::make_current (in /home/killpop/Рабочий стол/some/pathfinders/target/release/pathfinding_algorithms)
        n1: 241664 0x291765: glutin_window::GlutinWindow::from_raw (in /home/killpop/Рабочий стол/some/pathfinders/target/release/pathfinding_algorithms)
         n1: 241664 0x290C68: glutin_window::GlutinWindow::new (in /home/killpop/Рабочий стол/some/pathfinders/target/release/pathfinding_algorithms)
          n1: 241664 0x23C14A: <piston_window::prelude::PistonWindow<W> as window::BuildFromWindowSettings>::build_from_window_settings (in /home/killpop/Рабочий стол/some/pathfinders/target/release/pathfinding_algorithms)
           n1: 241664 0x22E598: pathfinding_algorithms::main (in /home/killpop/Рабочий стол/some/pathfinders/target/release/pathfinding_algorithms)
            n1: 241664 0x24E8E2: std::sys::backtrace::__rust_begin_short_backtrace (in /home/killpop/Рабочий стол/some/pathfinders/target/release/pathfinding_algorithms)
             n1: 241664 0x23C5B8: std::rt::lang_start::{{closure}} (in /home/killpop/Рабочий стол/some/pathfinders/target/release/pathfinding_algorithms)
              n1: 241664 0x44BFC3: std::rt::lang_start_internal (in /home/killpop/Рабочий стол/some/pathfinders/target/release/pathfinding_algorithms)
               n0: 241664 0x236444: main (in /home/killpop/Рабочий стол/some/pathfinders/target/release/pathfinding_algorithms)
 n1: 149594 0x9B5EE4D: ??? (in /usr/lib/x86_64-linux-gnu/libnvidia-gpucomp.so.580.173.02)
  n1: 149594 0x9B0E478: ??? (in /usr/lib/x86_64-linux-gnu/libnvidia-gpucomp.so.580.173.02)
   n1: 149594 0x82C24BF: ??? (in /usr/lib/x86_64-linux-gnu/libnvidia-gpucomp.so.580.173.02)
    n0: 149594 in 58 places, all below massif's threshold (1.00%)
#-----------
snapshot=25
#-----------
time=3756151066
mem_heap_B=11352805
mem_heap_extra_B=126939
mem_stacks_B=0
heap_tree=empty
#-----------
snapshot=26
#-----------
time=3892186328
mem_heap_B=11352805
mem_heap_extra_B=126939
mem_stacks_B=0
heap_tree=detailed
n6: 11352805 (heap allocation functions) malloc/new/new[], --alloc-fns, etc.
 n6: 5195363 0x5F521C1: ??? (in /usr/lib/x86_64-linux-gnu/libnvidia-glcore.so.580.173.02)
  n2: 2463597 0x5C76E4A: ??? (in /usr/lib/x86_64-linux-gnu/libnvidia-glcore.so.580.173.02)
   n1: 2463597 0x5C5A175: ??? (in /usr/lib/x86_64-linux-gnu/libnvidia-glcore.so.580.173.02)
    n1: 2463597 0x5C5EF6F: ??? (in /usr/lib/x86_64-linux-gnu/libnvidia-glcore.so.580.173.02)
     n1: 2463597 0x41683E: gfx_device_gl::factory::Factory::init_buffer (in /home/killpop/Рабочий стол/some/pathfinders/target/release/pathfinding_algorithms)
      n3: 2463597 0x415AD0: <gfx_device_gl::factory::Factory as gfx_core::factory::Factory<gfx_device_gl::Resources>>::create_buffer_raw (in /home/killpop/Рабочий стол/some/pathfinders/target/release/pathfinding_algorithms)
       n1: 1636871 0x227240: gfx_graphics::back_end::Gfx2d<R>::new (in /home/killpop/Рабочий стол/some/pathfinders/target/release/pathfinding_algorithms)
        n1: 1636871 0x23C30D: <piston_window::prelude::PistonWindow<W> as window::BuildFromWindowSettings>::build_from_window_settings (in /home/killpop/Рабочий стол/some/pathfinders/target/release/pathfinding_algorithms)
         n1: 1636871 0x22E598: pathfinding_algorithms::main (in /home/killpop/Рабочий стол/some/pathfinders/target/release/pathfinding_algorithms)
          n1: 1636871 0x24E8E2: std::sys::backtrace::__rust_begin_short_backtrace (in /home/killpop/Рабочий стол/some/pathfinders/target/release/pathfinding_algorithms)
           n1: 1636871 0x23C5B8: std::rt::lang_start::{{closure}} (in /home/killpop/Рабочий стол/some/pathfinders/target/release/pathfinding_algorithms)
            n1: 1636871 0x44BFC3: std::rt::lang_start_internal (in /home/killpop/Рабочий стол/some/pathfinders/target/release/pathfinding_algorithms)
             n0: 1636871 0x236444: main (in /home/killpop/Рабочий стол/some/pathfinders/target/release/pathfinding_algorithms)
       n1: 818471 0x2271DF: gfx_graphics::back_end::Gfx2d<R>::new (in /home/killpop/Рабочий стол/some/pathfinders/target/release/pathfinding_algorithms)
        n1: 818471 0x23C30D: <piston_window::prelude::PistonWindow<W> as window::BuildFromWindowSettings>::build_from_window_settings (in /home/killpop/Рабочий стол/some/pathfinders/target/release/pathfinding_algorithms)
         n1: 818471 0x22E598: pathfinding_algorithms::main (in /home/killpop/Рабочий стол/some/pathfinders/target/release/pathfinding_algorithms)
          n1: 818471 0x24E8E2: std::sys::backtrace::__rust_begin_short_backtrace (in /home/killpop/Рабочий стол/some/pathfinders/target/release/pathfinding_algorithms)
           n1: 818471 0x23C5B8: std::rt::lang_start::{{closure}} (in /home/killpop/Рабочий стол/some/pathfinders/target/release/pathfinding_algorithms)
            n1: 818471 0x44BFC3: std::rt::lang_start_internal (in /home/killpop/Рабочий стол/some/pathfinders/target/release/pathfinding_algorithms)
             n0: 818471 0x236444: main (in /home/killpop/Рабочий стол/some/pathfinders/target/release/pathfinding_algorithms)
       n0: 8255 in 1 place, below massif's threshold (1.00%)
   n0: 0 in 1 place, below massif's threshold (1.00%)
  n1: 1638400 0x5C0DD8F: ??? (in /usr/lib/x86_64-linux-gnu/libnvidia-glcore.so.580.173.02)
   n1: 1638400 0x5F88378: ??? (in /usr/lib/x86_64-linux-gnu/libnvidia-glcore.so.580.173.02)
    n1: 1638400 0x5F3A724: ??? (in /usr/lib/x86_64-linux-gnu/libnvidia-glcore.so.580.173.02)
     n1: 1638400 0x53D313F: ??? (in /usr/lib/x86_64-linux-gnu/libGLX_nvidia.so.580.173.02)
      n1: 1638400 0x53FA624: ??? (in /usr/lib/x86_64-linux-gnu/libGLX_nvidia.so.580.173.02)
       n1: 1638400 0x53FF9E7: ??? (in /usr/lib/x86_64-linux-gnu/libGLX_nvidia.so.580.173.02)
        n1: 1638400 0x53F4045: glXCreateContextAttribsARB (in /usr/lib/x86_64-linux-gnu/libGLX_nvidia.so.580.173.02)
         n1: 1638400 0x5367E02: ??? (in /usr/lib/x86_64-linux-gnu/libGLX.so.0.0.0)
          n1: 1638400 0x3C0110: glutin::api::glx::last_glx_error (in /home/killpop/Рабочий стол/some/pathfinders/target/release/pathfinding_algorithms)
           n1: 1638400 0x3C92F0: glutin::api::glx::context::<impl glutin::api::glx::display::Display>::create_context (in /home/killpop/Рабочий стол/some/pathfinders/target/release/pathfinding_algorithms)
            n1: 1638400 0x3C80BD: <glutin::display::Display as glutin::display::GlDisplay>::create_context (in /home/killpop/Рабочий стол/some/pathfinders/target/release/pathfinding_algorithms)
             n1: 1638400 0x29145D: glutin_window::GlutinWindow::from_raw (in /home/killpop/Рабочий стол/some/pathfinders/target/release/pathfinding_algorithms)
              n1: 1638400 0x290C68: glutin_window::GlutinWindow::new (in /home/killpop/Рабочий стол/some/pathfinders/target/release/pathfinding_algorithms)
               n1: 1638400 0x23C14A: <piston_window::prelude::PistonWindow<W> as window::BuildFromWindowSettings>::build_from_window_settings (in /home/killpop/Рабочий стол/some/pathfinders/target/release/pathfinding_algorithms)
                n1: 1638400 0x22E598: pathfinding_algorithms::main (in /home/killpop/Рабочий стол/some/pathfinders/target/release/pathfinding_algorithms)
                 n1: 1638400 0x24E8E2: std::sys::backtrace::__rust_begin_short_backtrace (in /home/killpop/Рабочий стол/some/pathfinders/target/release/pathfinding_algorithms)
                  n1: 1638400 0x23C5B8: std::rt::lang_start::{{closure}} (in /home/killpop/Рабочий стол/some/pathfinders/target/release/pathfinding_algorithms)
                   n1: 1638400 0x44BFC3: std::rt::lang_start_internal (in /home/killpop/Рабочий стол/some/pathfinders/target/release/pathfinding_algorithms)
                    n0: 1638400 0x236444: main (in /home/killpop/Рабочий стол/some/pathfinders/target/release/pathfinding_algorithms)
  n1: 385024 0x5FC30B3: ??? (in /usr/lib/x86_64-linux-gnu/libnvidia-glcore.so.580.173.02)
   n1: 385024 0x5F95B81: ??? (in /usr/lib/x86_64-linux-gnu/libnvidia-glcore.so.580.173.02)
    n1: 385024 0x5F96561: ??? (in /usr/lib/x86_64-linux-gnu/libnvidia-glcore.so.580.173.02)
     n1: 385024 0x5F80DCB: ??? (in /usr/lib/x86_64-linux-gnu/libnvidia-glcore.so.580.173.02)
      n1: 385024 0x5F3A8EB: ??? (in /usr/lib/x86_64-linux-gnu/libnvidia-glcore.so.580.173.02)
       n1: 385024 0x53D344F: ??? (in /usr/lib/x86_64-linux-gnu/libGLX_nvidia.so.580.173.02)
        n1: 385024 0x54010E9: ??? (in /usr/lib/x86_64-linux-gnu/libGLX_nvidia.so.580.173.02)
         n1: 385024 0x53605B1: ??? (in /usr/lib/x86_64-linux-gnu/libGLX.so.0.0.0)
          n1: 385024 0x53629A1: ??? (in /usr/lib/x86_64-linux-gnu/libGLX.so.0.0.0)
           n1: 385024 0x53675E4: ??? (in /usr/lib/x86_64-linux-gnu/libGLX.so.0.0.0)
            n1: 385024 0x2BF65D: glutin::api::glx::last_glx_error (in /home/killpop/Рабочий стол/some/pathfinders/target/release/pathfinding_algorithms)
             n1: 385024 0x27BBB5: <glutin::context::NotCurrentContext as glutin::context::NotCurrentGlContextSurfaceAccessor<T>>::make_current (in /home/killpop/Рабочий стол/some/pathfinders/target/release/pathfinding_algorithms)
              n1: 385024 0x291765: glutin_window::GlutinWindow::from_raw (in /home/killpop/Рабочий стол/some/pathfinders/target/release/pathfinding_algorithms)
               n1: 385024 0x290C68: glutin_window::GlutinWindow::new (in /home/killpop/Рабочий стол/some/pathfinders/target/release/pathfinding_algorithms)
                n1: 385024 0x23C14A: <piston_window::prelude::PistonWindow<W> as window::BuildFromWindowSettings>::build_from_window_settings (in /home/killpop/Рабочий стол/some/pathfinders/target/release/pathfinding_algorithms)
                 n1: 385024 0x22E598: pathfinding_algorithms::main (in /home/killpop/Рабочий стол/some/pathfinders/target/release/pathfinding_algorithms)
                  n1: 385024 0x24E8E2: std::sys::backtrace::__rust_begin_short_backtrace (in /home/killpop/Рабочий стол/some/pathfinders/target/release/pathfinding_algorithms)
                   n1: 385024 0x23C5B8: std::rt::lang_start::{{closure}} (in /home/killpop/Рабочий стол/some/pathfinders/target/release/pathfinding_algorithms)
                    n1: 385024 0x44BFC3: std::rt::lang_start_internal (in /home/killpop/Рабочий стол/some/pathfinders/target/release/pathfinding_algorithms)
                     n0: 385024 0x236444: main (in /home/killpop/Рабочий стол/some/pathfinders/target/release/pathfinding_algorithms)
  n0: 284210 in 225 places, all below massif's threshold (1.00%)
  n1: 262132 0x53FF724: ??? (in /usr/lib/x86_64-linux-gnu/libGLX_nvidia.so.580.173.02)
   n1: 262132 0x53F4045: glXCreateContextAttribsARB (in /usr/lib/x86_64-linux-gnu/libGLX_nvidia.so.580.173.02)
    n1: 262132 0x5367E02: ??? (in /usr/lib/x86_64-linux-gnu/libGLX.so.0.0.0)
     n1: 262132 0x3C0110: glutin::api::glx::last_glx_error (in /home/killpop/Рабочий стол/some/pathfinders/target/release/pathfinding_algorithms)
      n1: 262132 0x3C92F0: glutin::api::glx::context::<impl glutin::api::glx::display::Display>::create_context (in /home/killpop/Рабочий стол/some/pathfinders/target/release/pathfinding_algorithms)
       n1: 262132 0x3C80BD: <glutin::display::Display as glutin::display::GlDisplay>::create_context (in /home/killpop/Рабочий стол/some/pathfinders/target/release/pathfinding_algorithms)
        n1: 262132 0x29145D: glutin_window::GlutinWindow::from_raw (in /home/killpop/Рабочий стол/some/pathfinders/target/release/pathfinding_algorithms)
         n1: 262132 0x290C68: glutin_window::GlutinWindow::new (in /home/killpop/Рабочий стол/some/pathfinders/target/release/pathfinding_algorithms)
          n1: 262132 0x23C14A: <piston_window::prelude::PistonWindow<W> as window::BuildFromWindowSettings>::build_from_window_settings (in /home/killpop/Рабочий стол/some/pathfinders/target/release/pathfinding_algorithms)
           n1: 262132 0x22E598: pathfinding_algorithms::main (in /home/killpop/Рабочий стол/some/pathfinders/target/release/pathfinding_algorithms)
            n1: 262132 0x24E8E2: std::sys::backtrace::__rust_begin_short_backtrace (in /home/killpop/Рабочий стол/some/pathfinders/target/release/pathfinding_algorithms)
             n1: 262132 0x23C5B8: std::rt::lang_start::{{closure}} (in /home/killpop/Рабочий стол/some/pathfinders/target/release/pathfinding_algorithms)
              n1: 262132 0x44BFC3: std::rt::lang_start_internal (in /home/killpop/Рабочий стол/some/pathfinders/target/release/pathfinding_algorithms)
               n0: 262132 0x236444: main (in /home/killpop/Рабочий стол/some/pathfinders/target/release/pathfinding_algorithms)
  n1: 162000 0x653ADBC: ??? (in /usr/lib/x86_64-linux-gnu/libnvidia-glcore.so.580.173.02)
   n1: 162000 0x654403F: ??? (in /usr/lib/x86_64-linux-gnu/libnvidia-glcore.so.580.173.02)
    n1: 162000 0x5F4C308: ??? (in /usr/lib/x86_64-linux-gnu/libnvidia-glcore.so.580.173.02)
     n1: 162000 0x53D43A0: ??? (in /usr/lib/x86_64-linux-gnu/libGLX_nvidia.so.580.173.02)
      n1: 162000 0x53D44D7: ??? (in /usr/lib/x86_64-linux-gnu/libGLX_nvidia.so.580.173.02)
       n1: 162000 0x53FA5E4: ??? (in /usr/lib/x86_64-linux-gnu/libGLX_nvidia.so.580.173.02)
        n1: 162000 0x53FF9E7: ??? (in /usr/lib/x86_64-linux-gnu/libGLX_nvidia.so.580.173.02)
         n1: 162000 0x53F4045: glXCreateContextAttribsARB (in /usr/lib/x86_64-linux-gnu/libGLX_nvidia.so.580.173.02)
          n1: 162000 0x5367E02: ??? (in /usr/lib/x86_64-linux-gnu/libGLX.so.0.0.0)
           n1: 162000 0x3C0110: glutin::api::glx::last_glx_error (in /home/killpop/Рабочий стол/some/pathfinders/target/release/pathfinding_algorithms)
            n1: 162000 0x3C92F0: glutin::api::glx::context::<impl glutin::api::glx::display::Display>::create_context (in /home/killpop/Рабочий стол/some/pathfinders/target/release/pathfinding_algorithms)
             n1: 162000 0x3C80BD: <glutin::display::Display as glutin::display::GlDisplay>::create_context (in /home/killpop/Рабочий стол/some/pathfinders/target/release/pathfinding_algorithms)
              n1: 162000 0x29145D: glutin_window::GlutinWindow::from_raw (in /home/killpop/Рабочий стол/some/pathfinders/target/release/pathfinding_algorithms)
               n1: 162000 0x290C68: glutin_window::GlutinWindow::new (in /home/killpop/Рабочий стол/some/pathfinders/target/release/pathfinding_algorithms)
                n1: 162000 0x23C14A: <piston_window::prelude::PistonWindow<W> as window::BuildFromWindowSettings>::build_from_window_settings (in /home/killpop/Рабочий стол/some/pathfinders/target/release/pathfinding_algorithms)
                 n1: 162000 0x22E598: pathfinding_algorithms::main (in /home/killpop/Рабочий стол/some/pathfinders/target/release/pathfinding_algorithms)
                  n1: 162000 0x24E8E2: std::sys::backtrace::__rust_begin_short_backtrace (in /home/killpop/Рабочий стол/some/pathfinders/target/release/pathfinding_algorithms)
                   n1: 162000 0x23C5B8: std::rt::lang_start::{{closure}} (in /home/killpop/Рабочий стол/some/pathfinders/target/release/pathfinding_algorithms)
                    n1: 162000 0x44BFC3: std::rt::lang_start_internal (in /home/killpop/Рабочий стол/some/pathfinders/target/release/pathfinding_algorithms)
                     n0: 162000 0x236444: main (in /home/killpop/Рабочий стол/some/pathfinders/target/release/pathfinding_algorithms)
 n9: 2845478 0x5F5247D: ??? (in /usr/lib/x86_64-linux-gnu/libnvidia-glcore.so.580.173.02)
  n1: 825080 0x5F958BA: ??? (in /usr/lib/x86_64-linux-gnu/libnvidia-glcore.so.580.173.02)
   n1: 825080 0x5F96561: ??? (in /usr/lib/x86_64-linux-gnu/libnvidia-glcore.so.580.173.02)
    n1: 825080 0x5F80DCB: ??? (in /usr/lib/x86_64-linux-gnu/libnvidia-glcore.so.580.173.02)
     n1: 825080 0x5F3A8EB: ??? (in /usr/lib/x86_64-linux-gnu/libnvidia-glcore.so.580.173.02)
      n1: 825080 0x53D344F: ??? (in /usr/lib/x86_64-linux-gnu/libGLX_nvidia.so.580.173.02)
       n1: 825080 0x54010E9: ??? (in /usr/lib/x86_64-linux-gnu/libGLX_nvidia.so.580.173.02)
        n1: 825080 0x53605B1: ??? (in /usr/lib/x86_64-linux-gnu/libGLX.so.0.0.0)
         n1: 825080 0x53629A1: ??? (in /usr/lib/x86_64-linux-gnu/libGLX.so.0.0.0)
          n1: 825080 0x53675E4: ??? (in /usr/lib/x86_64-linux-gnu/libGLX.so.0.0.0)
           n1: 825080 0x2BF65D: glutin::api::glx::last_glx_error (in /home/killpop/Рабочий стол/some/pathfinders/target/release/pathfinding_algorithms)
            n1: 825080 0x27BBB5: <glutin::context::NotCurrentContext as glutin::context::NotCurrentGlContextSurfaceAccessor<T>>::make_current (in /home/killpop/Рабочий стол/some/pathfinders/target/release/pathfinding_algorithms)
             n1: 825080 0x291765: glutin_window::GlutinWindow::from_raw (in /home/killpop/Рабочий стол/some/pathfinders/target/release/pathfinding_algorithms)
              n1: 825080 0x290C68: glutin_window::GlutinWindow::new (in /home/killpop/Рабочий стол/some/pathfinders/target/release/pathfinding_algorithms)
               n1: 825080 0x23C14A: <piston_window::prelude::PistonWindow<W> as window::BuildFromWindowSettings>::build_from_window_settings (in /home/killpop/Рабочий стол/some/pathfinders/target/release/pathfinding_algorithms)
                n1: 825080 0x22E598: pathfinding_algorithms::main (in /home/killpop/Рабочий стол/some/pathfinders/target/release/pathfinding_algorithms)
                 n1: 825080 0x24E8E2: std::sys::backtrace::__rust_begin_short_backtrace (in /home/killpop/Рабочий стол/some/pathfinders/target/release/pathfinding_algorithms)
                  n1: 825080 0x23C5B8: std::rt::lang_start::{{closure}} (in /home/killpop/Рабочий стол/some/pathfinders/target/release/pathfinding_algorithms)
                   n1: 825080 0x44BFC3: std::rt::lang_start_internal (in /home/killpop/Рабочий стол/some/pathfinders/target/release/pathfinding_algorithms)
                    n0: 825080 0x236444: main (in /home/killpop/Рабочий стол/some/pathfinders/target/release/pathfinding_algorithms)
  n0: 781351 in 116 places, all below massif's threshold (1.00%)
  n1: 307311 0x5C75DBB: ??? (in /usr/lib/x86_64-linux-gnu/libnvidia-glcore.so.580.173.02)
   n1: 307311 0x53FAEBF: ??? (in /usr/lib/x86_64-linux-gnu/libGLX_nvidia.so.580.173.02)
    n1: 307311 0x5403FDB: ??? (in /usr/lib/x86_64-linux-gnu/libGLX_nvidia.so.580.173.02)
     n1: 307311 0x53D0A5A: ??? (in /usr/lib/x86_64-linux-gnu/libGLX_nvidia.so.580.173.02)
      n1: 307311 0x542C401: ??? (in /usr/lib/x86_64-linux-gnu/libGLX_nvidia.so.580.173.02)
       n1: 307311 0x53D0012: ??? (in /usr/lib/x86_64-linux-gnu/libGLX_nvidia.so.580.173.02)
        n1: 307311 0x4005823: call_init (dl-init.c:120)
         n1: 307311 0x4005823: _dl_init (dl-init.c:121)
          n1: 307311 0x40015B1: _dl_catch_exception (dl-catch.c:211)
           n1: 307311 0x400CD7B: dl_open_worker (dl-open.c:829)
            n1: 307311 0x400CD7B: dl_open_worker (dl-open.c:792)
             n1: 307311 0x400151B: _dl_catch_exception (dl-catch.c:237)
              n1: 307311 0x400D163: _dl_open (dl-open.c:905)
               n1: 307311 0x4A22283: dlopen_doit (dlopen.c:56)
                n1: 307311 0x400151B: _dl_catch_exception (dl-catch.c:237)
                 n1: 307311 0x4001668: _dl_catch_error (dl-catch.c:256)
                  n1: 307311 0x4A21D62: _dlerror_run (dlerror.c:138)
                   n1: 307311 0x4A2233E: dlopen_implementation (dlopen.c:71)
                    n1: 307311 0x4A2233E: dlopen@@GLIBC_2.34 (dlopen.c:81)
                     n1: 307311 0x536530A: ??? (in /usr/lib/x86_64-linux-gnu/libGLX.so.0.0.0)
                      n1: 307311 0x5367BAC: ??? (in /usr/lib/x86_64-linux-gnu/libGLX.so.0.0.0)
                       n1: 307311 0x53683B5: glXGetClientString (in /usr/lib/x86_64-linux-gnu/libGLX.so.0.0.0)
                        n1: 307311 0x3C956E: glutin::api::glx::display::Display::new (in /home/killpop/Рабочий стол/some/pathfinders/target/release/pathfinding_algorithms)
                         n1: 307311 0x3C7D97: glutin::display::Display::new (in /home/killpop/Рабочий стол/some/pathfinders/target/release/pathfinding_algorithms)
                          n1: 307311 0x27BED9: glutin_winit::DisplayBuilder::build (in /home/killpop/Рабочий стол/some/pathfinders/target/release/pathfinding_algorithms)
                           n1: 307311 0x290F37: glutin_window::GlutinWindow::from_raw (in /home/killpop/Рабочий стол/some/pathfinders/target/release/pathfinding_algorithms)
                            n1: 307311 0x290C68: glutin_window::GlutinWindow::new (in /home/killpop/Рабочий стол/some/pathfinders/target/release/pathfinding_algorithms)
                             n1: 307311 0x23C14A: <piston_window::prelude::PistonWindow<W> as window::BuildFromWindowSettings>::build_from_window_settings (in /home/killpop/Рабочий стол/some/pathfinders/target/release/pathfinding_algorithms)
                              n1: 307311 0x22E598: pathfinding_algorithms::main (in /home/killpop/Рабочий стол/some/pathfinders/target/release/pathfinding_algorithms)
                               n1: 307311 0x24E8E2: std::sys::backtrace::__rust_begin_short_backtrace (in /home/killpop/Рабочий стол/some/pathfinders/target/release/pathfinding_algorithms)
                                n1: 307311 0x23C5B8: std::rt::lang_start::{{closure}} (in /home/killpop/Рабочий стол/some/pathfinders/target/release/pathfinding_algorithms)
                                 n0: 307311 0x44BFC3: std::rt::lang_start_internal (in /home/killpop/Рабочий стол/some/pathfinders/target/release/pathfinding_algorithms)
  n1: 171760 0x5F6FCFE: ??? (in /usr/lib/x86_64-linux-gnu/libnvidia-glcore.so.580.173.02)
   n1: 171760 0x5F81285: ??? (in /usr/lib/x86_64-linux-gnu/libnvidia-glcore.so.580.173.02)
    n1: 171760 0x5F3A8EB: ??? (in /usr/lib/x86_64-linux-gnu/libnvidia-glcore.so.580.173.02)
     n1: 171760 0x53D344F: ??? (in /usr/lib/x86_64-linux-gnu/libGLX_nvidia.so.580.173.02)
      n1: 171760 0x54010E9: ??? (in /usr/lib/x86_64-linux-gnu/libGLX_nvidia.so.580.173.02)
       n1: 171760 0x53605B1: ??? (in /usr/lib/x86_64-linux-gnu/libGLX.so.0.0.0)
        n1: 171760 0x53629A1: ??? (in /usr/lib/x86_64-linux-gnu/libGLX.so.0.0.0)
         n1: 171760 0x53675E4: ??? (in /usr/lib/x86_64-linux-gnu/libGLX.so.0.0.0)
          n1: 171760 0x2BF65D: glutin::api::glx::last_glx_error (in /home/killpop/Рабочий стол/some/pathfinders/target/release/pathfinding_algorithms)
           n1: 171760 0x27BBB5: <glutin::context::NotCurrentContext as glutin::context::NotCurrentGlContextSurfaceAccessor<T>>::make_current (in /home/killpop/Рабочий стол/some/pathfinders/target/release/pathfinding_algorithms)
            n1: 171760 0x291765: glutin_window::GlutinWindow::from_raw (in /home/killpop/Рабочий стол/some/pathfinders/target/release/pathfinding_algorithms)
             n1: 171760 0x290C68: glutin_window::GlutinWindow::new (in /home/killpop/Рабочий стол/some/pathfinders/target/release/pathfinding_algorithms)
              n1: 171760 0x23C14A: <piston_window::prelude::PistonWindow<W> as window::BuildFromWindowSettings>::build_from_window_settings (in /home/killpop/Рабочий стол/some/pathfinders/target/release/pathfinding_algorithms)
               n1: 171760 0x22E598: pathfinding_algorithms::main (in /home/killpop/Рабочий стол/some/pathfinders/target/release/pathfinding_algorithms)
                n1: 171760 0x24E8E2: std::sys::backtrace::__rust_begin_short_backtrace (in /home/killpop/Рабочий стол/some/pathfinders/target/release/pathfinding_algorithms)
                 n1: 171760 0x23C5B8: std::rt::lang_start::{{closure}} (in /home/killpop/Рабочий стол/some/pathfinders/target/release/pathfinding_algorithms)
                  n1: 171760 0x44BFC3: std::rt::lang_start_internal (in /home/killpop/Рабочий стол/some/pathfinders/target/release/pathfinding_algorithms)
                   n0: 171760 0x236444: main (in /home/killpop/Рабочий стол/some/pathfinders/target/release/pathfinding_algorithms)
  n1: 167504 0x53D4323: ??? (in /usr/lib/x86_64-linux-gnu/libGLX_nvidia.so.580.173.02)
   n1: 167504 0x53D44D7: ??? (in /usr/lib/x86_64-linux-gnu/libGLX_nvidia.so.580.173.02)
    n1: 167504 0x53FA5E4: ??? (in /usr/lib/x86_64-linux-gnu/libGLX_nvidia.so.580.173.02)
     n1: 167504 0x53FF9E7: ??? (in /usr/lib/x86_64-linux-gnu/libGLX_nvidia.so.580.173.02)
      n1: 167504 0x53F4045: glXCreateContextAttribsARB (in /usr/lib/x86_64-linux-gnu/libGLX_nvidia.so.580.173.02)
       n1: 167504 0x5367E02: ??? (in /usr/lib/x86_64-linux-gnu/libGLX.so.0.0.0)
        n1: 167504 0x3C0110: glutin::api::glx::last_glx_error (in /home/killpop/Рабочий стол/some/pathfinders/target/release/pathfinding_algorithms)
         n1: 167504 0x3C92F0: glutin::api::glx::context::<impl glutin::api::glx::display::Display>::create_context (in /home/killpop/Рабочий стол/some/pathfinders/target/release/pathfinding_algorithms)
          n1: 167504 0x3C80BD: <glutin::display::Display as glutin::display::GlDisplay>::create_context (in /home/killpop/Рабочий стол/some/pathfinders/target/release/pathfinding_algorithms)
           n1: 167504 0x29145D: glutin_window::GlutinWindow::from_raw (in /home/killpop/Рабочий стол/some/pathfinders/target/release/pathfinding_algorithms)
            n1: 167504 0x290C68: glutin_window::GlutinWindow::new (in /home/killpop/Рабочий стол/some/pathfinders/target/release/pathfinding_algorithms)
             n1: 167504 0x23C14A: <piston_window::prelude::PistonWindow<W> as window::BuildFromWindowSettings>::build_from_window_settings (in /home/killpop/Рабочий стол/some/pathfinders/target/release/pathfinding_algorithms)
              n1: 167504 0x22E598: pathfinding_algorithms::main (in /home/killpop/Рабочий стол/some/pathfinders/target/release/pathfinding_algorithms)
               n1: 167504 0x24E8E2: std::sys::backtrace::__rust_begin_short_backtrace (in /home/killpop/Рабочий стол/some/pathfinders/target/release/pathfinding_algorithms)
                n1: 167504 0x23C5B8: std::rt::lang_start::{{closure}} (in /home/killpop/Рабочий стол/some/pathfinders/target/release/pathfinding_algorithms)
                 n1: 167504 0x44BFC3: std::rt::lang_start_internal (in /home/killpop/Рабочий стол/some/pathfinders/target/release/pathfinding_algorithms)
                  n0: 167504 0x236444: main (in /home/killpop/Рабочий стол/some/pathfinders/target/release/pathfinding_algorithms)
  n1: 163840 0x5FC2EB6: ??? (in /usr/lib/x86_64-linux-gnu/libnvidia-glcore.so.580.173.02)
   n1: 163840 0x5F95B81: ??? (in /usr/lib/x86_64-linux-gnu/libnvidia-glcore.so.580.173.02)
    n1: 163840 0x5F96561: ??? (in /usr/lib/x86_64-linux-gnu/libnvidia-glcore.so.580.173.02)
     n1: 163840 0x5F80DCB: ??? (in /usr/lib/x86_64-linux-gnu/libnvidia-glcore.so.580.173.02)
      n1: 163840 0x5F3A8EB: ??? (in /usr/lib/x86_64-linux-gnu/libnvidia-glcore.so.580.173.02)
       n1: 163840 0x53D344F: ??? (in /usr/lib/x86_64-linux-gnu/libGLX_nvidia.so.580.173.02)
        n1: 163840 0x54010E9: ??? (in /usr/lib/x86_64-linux-gnu/libGLX_nvidia.so.580.173.02)
         n1: 163840 0x53605B1: ??? (in /usr/lib/x86_64-linux-gnu/libGLX.so.0.0.0)
          n1: 163840 0x53629A1: ??? (in /usr/lib/x86_64-linux-gnu/libGLX.so.0.0.0)
           n1: 163840 0x53675E4: ??? (in /usr/lib/x86_64-linux-gnu/libGLX.so.0.0.0)
            n1: 163840 0x2BF65D: glutin::api::glx::last_glx_error (in /home/killpop/Рабочий стол/some/pathfinders/target/release/pathfinding_algorithms)
             n1: 163840 0x27BBB5: <glutin::context::NotCurrentContext as glutin::context::NotCurrentGlContextSurfaceAccessor<T>>::make_current (in /home/killpop/Рабочий стол/some/pathfinders/target/release/pathfinding_algorithms)
              n1: 163840 0x291765: glutin_window::GlutinWindow::from_raw (in /home/killpop/Рабочий стол/some/pathfinders/target/release/pathfinding_algorithms)
               n1: 163840 0x290C68: glutin_window::GlutinWindow::new (in /home/killpop/Рабочий стол/some/pathfinders/target/release/pathfinding_algorithms)
                n1: 163840 0x23C14A: <piston_window::prelude::PistonWindow<W> as window::BuildFromWindowSettings>::build_from_window_settings (in /home/killpop/Рабочий стол/some/pathfinders/target/release/pathfinding_algorithms)
                 n1: 163840 0x22E598: pathfinding_algorithms::main (in /home/killpop/Рабочий стол/some/pathfinders/target/release/pathfinding_algorithms)
                  n1: 163840 0x24E8E2: std::sys::backtrace::__rust_begin_short_backtrace (in /home/killpop/Рабочий стол/some/pathfinders/target/release/pathfinding_algorithms)
                   n1: 163840 0x23C5B8: std::rt::lang_start::{{closure}} (in /home/killpop/Рабочий стол/some/pathfinders/target/release/pathfinding_algorithms)
                    n1: 163840 0x44BFC3: std::rt::lang_start_internal (in /home/killpop/Рабочий стол/some/pathfinders/target/release/pathfinding_algorithms)
                     n0: 163840 0x236444: main (in /home/killpop/Рабочий стол/some/pathfinders/target/release/pathfinding_algorithms)
  n1: 154512 0x5F95879: ??? (in /usr/lib/x86_64-linux-gnu/libnvidia-glcore.so.580.173.02)
   n1: 154512 0x5F96561: ??? (in /usr/lib/x86_64-linux-gnu/libnvidia-glcore.so.580.173.02)
    n1: 154512 0x5F80DCB: ??? (in /usr/lib/x86_64-linux-gnu/libnvidia-glcore.so.580.173.02)
     n1: 154512 0x5F3A8EB: ??? (in /usr/lib/x86_64-linux-gnu/libnvidia-glcore.so.580.173.02)
      n1: 154512 0x53D344F: ??? (in /usr/lib/x86_64-linux-gnu/libGLX_nvidia.so.580.173.02)
       n1: 154512 0x54010E9: ??? (in /usr/lib/x86_64-linux-gnu/libGLX_nvidia.so.580.173.02)
        n1: 154512 0x53605B1: ??? (in /usr/lib/x86_64-linux-gnu/libGLX.so.0.0.0)
         n1: 154512 0x53629A1: ??? (in /usr/lib/x86_64-linux-gnu/libGLX.so.0.0.0)
          n1: 154512 0x53675E4: ??? (in /usr/lib/x86_64-linux-gnu/libGLX.so.0.0.0)
           n1: 154512 0x2BF65D: glutin::api::glx::last_glx_error (in /home/killpop/Рабочий стол/some/pathfinders/target/release/pathfinding_algorithms)
            n1: 154512 0x27BBB5: <glutin::context::NotCurrentContext as glutin::context::NotCurrentGlContextSurfaceAccessor<T>>::make_current (in /home/killpop/Рабочий стол/some/pathfinders/target/release/pathfinding_algorithms)
             n1: 154512 0x291765: glutin_window::GlutinWindow::from_raw (in /home/killpop/Рабочий стол/some/pathfinders/target/release/pathfinding_algorithms)
              n1: 154512 0x290C68: glutin_window::GlutinWindow::new (in /home/killpop/Рабочий стол/some/pathfinders/target/release/pathfinding_algorithms)
               n1: 154512 0x23C14A: <piston_window::prelude::PistonWindow<W> as window::BuildFromWindowSettings>::build_from_window_settings (in /home/killpop/Рабочий стол/some/pathfinders/target/release/pathfinding_algorithms)
                n1: 154512 0x22E598: pathfinding_algorithms::main (in /home/killpop/Рабочий стол/some/pathfinders/target/release/pathfinding_algorithms)
                 n1: 154512 0x24E8E2: std::sys::backtrace::__rust_begin_short_backtrace (in /home/killpop/Рабочий стол/some/pathfinders/target/release/pathfinding_algorithms)
                  n1: 154512 0x23C5B8: std::rt::lang_start::{{closure}} (in /home/killpop/Рабочий стол/some/pathfinders/target/release/pathfinding_algorithms)
                   n1: 154512 0x44BFC3: std::rt::lang_start_internal (in /home/killpop/Рабочий стол/some/pathfinders/target/release/pathfinding_algorithms)
                    n0: 154512 0x236444: main (in /home/killpop/Рабочий стол/some/pathfinders/target/release/pathfinding_algorithms)
  n1: 150472 0x5F3836F: ??? (in /usr/lib/x86_64-linux-gnu/libnvidia-glcore.so.580.173.02)
   n1: 150472 0x5F4C655: ??? (in /usr/lib/x86_64-linux-gnu/libnvidia-glcore.so.580.173.02)
    n1: 150472 0x53D43A0: ??? (in /usr/lib/x86_64-linux-gnu/libGLX_nvidia.so.580.173.02)
     n1: 150472 0x53D44D7: ??? (in /usr/lib/x86_64-linux-gnu/libGLX_nvidia.so.580.173.02)
      n1: 150472 0x53FA5E4: ??? (in /usr/lib/x86_64-linux-gnu/libGLX_nvidia.so.580.173.02)
       n1: 150472 0x53FF9E7: ??? (in /usr/lib/x86_64-linux-gnu/libGLX_nvidia.so.580.173.02)
        n1: 150472 0x53F4045: glXCreateContextAttribsARB (in /usr/lib/x86_64-linux-gnu/libGLX_nvidia.so.580.173.02)
         n1: 150472 0x5367E02: ??? (in /usr/lib/x86_64-linux-gnu/libGLX.so.0.0.0)
          n1: 150472 0x3C0110: glutin::api::glx::last_glx_error (in /home/killpop/Рабочий стол/some/pathfinders/target/release/pathfinding_algorithms)
           n1: 150472 0x3C92F0: glutin::api::glx::context::<impl glutin::api::glx::display::Display>::create_context (in /home/killpop/Рабочий стол/some/pathfinders/target/release/pathfinding_algorithms)
            n1: 150472 0x3C80BD: <glutin::display::Display as glutin::display::GlDisplay>::create_context (in /home/killpop/Рабочий стол/some/pathfinders/target/release/pathfinding_algorithms)
             n1: 150472 0x29145D: glutin_window::GlutinWindow::from_raw (in /home/killpop/Рабочий стол/some/pathfinders/target/release/pathfinding_algorithms)
              n1: 150472 0x290C68: glutin_window::GlutinWindow::new (in /home/killpop/Рабочий стол/some/pathfinders/target/release/pathfinding_algorithms)
               n1: 150472 0x23C14A: <piston_window::prelude::PistonWindow<W> as window::BuildFromWindowSettings>::build_from_window_settings (in /home/killpop/Рабочий стол/some/pathfinders/target/release/pathfinding_algorithms)
                n1: 150472 0x22E598: pathfinding_algorithms::main (in /home/killpop/Рабочий стол/some/pathfinders/target/release/pathfinding_algorithms)
                 n1: 150472 0x24E8E2: std::sys::backtrace::__rust_begin_short_backtrace (in /home/killpop/Рабочий стол/some/pathfinders/target/release/pathfinding_algorithms)
                  n1: 150472 0x23C5B8: std::rt::lang_start::{{closure}} (in /home/killpop/Рабочий стол/some/pathfinders/target/release/pathfinding_algorithms)
                   n1: 150472 0x44BFC3: std::rt::lang_start_internal (in /home/killpop/Рабочий стол/some/pathfinders/target/release/pathfinding_algorithms)
                    n0: 150472 0x236444: main (in /home/killpop/Рабочий стол/some/pathfinders/target/release/pathfinding_algorithms)
  n1: 123648 0x65CBF3F: ??? (in /usr/lib/x86_64-linux-gnu/libnvidia-glcore.so.580.173.02)
   n0: 123648 in 8 places, all below massif's threshold (1.00%)
 n3: 1881728 0x41A83E: alloc::raw_vec::RawVecInner<A>::finish_grow (in /home/killpop/Рабочий стол/some/pathfinders/target/release/pathfinding_algorithms)
  n3: 1697600 0x41A8F3: alloc::raw_vec::RawVecInner<A>::reserve::do_reserve_and_handle (in /home/killpop/Рабочий стол/some/pathfinders/target/release/pathfinding_algorithms)
   n1: 1310720 0x408A94: <gfx_device_gl::command::CommandBuffer as gfx_core::command::Buffer<gfx_device_gl::Resources>>::set_ref_values (in /home/killpop/Рабочий стол/some/pathfinders/target/release/pathfinding_algorithms)
    n1: 1310720 0x2504DC: gfx::encoder::Encoder<R,C>::draw (in /home/killpop/Рабочий стол/some/pathfinders/target/release/pathfinding_algorithms)
     n1: 1310720 0x22C9E7: <gfx_graphics::back_end::GfxGraphics<R,C> as graphics::graphics::Graphics>::tri_list_uv (in /home/killpop/Рабочий стол/some/pathfinders/target/release/pathfinding_algorithms)
      n1: 1310720 0x252733: graphics::image::Image::draw_tri (in /home/killpop/Рабочий стол/some/pathfinders/target/release/pathfinding_algorithms)
       n2: 1310720 0x23BD6F: graphics::text::Text::draw (in /home/killpop/Рабочий стол/some/pathfinders/target/release/pathfinding_algorithms)
        n1: 1310720 0x2449C3: pathfinding_algorithms::app::App::render (in /home/killpop/Рабочий стол/some/pathfinders/target/release/pathfinding_algorithms)
         n1: 1310720 0x242457: pathfinding_algorithms::menu::AppMenu::render (in /home/killpop/Рабочий стол/some/pathfinders/target/release/pathfinding_algorithms)
          n1: 1310720 0x22AA7C: gfx_graphics::back_end::Gfx2d<R>::draw (in /home/killpop/Рабочий стол/some/pathfinders/target/release/pathfinding_algorithms)
           n1: 1310720 0x22E9E5: pathfinding_algorithms::main (in /home/killpop/Рабочий стол/some/pathfinders/target/release/pathfinding_algorithms)
            n1: 1310720 0x24E8E2: std::sys::backtrace::__rust_begin_short_backtrace (in /home/killpop/Рабочий стол/some/pathfinders/target/release/pathfinding_algorithms)
             n1: 1310720 0x23C5B8: std::rt::lang_start::{{closure}} (in /home/killpop/Рабочий стол/some/pathfinders/target/release/pathfinding_algorithms)
              n1: 1310720 0x44BFC3: std::rt::lang_start_internal (in /home/killpop/Рабочий стол/some/pathfinders/target/release/pathfinding_algorithms)
               n0: 1310720 0x236444: main (in /home/killpop/Рабочий стол/some/pathfinders/target/release/pathfinding_algorithms)
        n0: 0 in 1 place, below massif's threshold (1.00%)
   n2: 196608 0x408958: <gfx_device_gl::command::CommandBuffer as gfx_core::command::Buffer<gfx_device_gl::Resources>>::update_buffer (in /home/killpop/Рабочий стол/some/pathfinders/target/release/pathfinding_algorithms)
    n2: 196608 0x24F95F: gfx::encoder::Encoder<R,C>::update_buffer (in /home/killpop/Рабочий стол/some/pathfinders/target/release/pathfinding_algorithms)
     n1: 196608 0x22D265: <gfx_graphics::back_end::GfxGraphics<R,C> as graphics::graphics::Graphics>::tri_list (in /home/killpop/Рабочий стол/some/pathfinders/target/release/pathfinding_algorithms)
      n1: 196608 0x24C862: graphics::rectangle::Rectangle::draw_tri (in /home/killpop/Рабочий стол/some/pathfinders/target/release/pathfinding_algorithms)
       n1: 196608 0x2447BA: pathfinding_algorithms::app::App::render (in /home/killpop/Рабочий стол/some/pathfinders/target/release/pathfinding_algorithms)
        n1: 196608 0x242457: pathfinding_algorithms::menu::AppMenu::render (in /home/killpop/Рабочий стол/some/pathfinders/target/release/pathfinding_algorithms)
         n1: 196608 0x22AA7C: gfx_graphics::back_end::Gfx2d<R>::draw (in /home/killpop/Рабочий стол/some/pathfinders/target/release/pathfinding_algorithms)
          n1: 196608 0x22E9E5: pathfinding_algorithms::main (in /home/killpop/Рабочий стол/some/pathfinders/target/release/pathfinding_algorithms)
           n1: 196608 0x24E8E2: std::sys::backtrace::__rust_begin_short_backtrace (in /home/killpop/Рабочий стол/some/pathfinders/target/release/pathfinding_algorithms)
            n1: 196608 0x23C5B8: std::rt::lang_start::{{closure}} (in /home/killpop/Рабочий стол/some/pathfinders/target/release/pathfinding_algorithms)
             n1: 196608 0x44BFC3: std::rt::lang_start_internal (in /home/killpop/Рабочий стол/some/pathfinders/target/release/pathfinding_algorithms)
              n0: 196608 0x236444: main (in /home/killpop/Рабочий стол/some/pathfinders/target/release/pathfinding_algorithms)
     n0: 0 in 1 place, below massif's threshold (1.00%)
    n0: 0 in 2 places, all below massif's threshold (1.00%)
   n0: 190272 in 11 places, all below massif's threshold (1.00%)
  n1: 181568 0x41A659: alloc::raw_vec::RawVec<T,A>::grow_one (in /home/killpop/Рабочий стол/some/pathfinders/target/release/pathfinding_algorithms)
   n0: 181568 in 16 places, all below massif's threshold (1.00%)
  n0: 2560 in 1 place, below massif's threshold (1.00%)
 n0: 1038978 in 441 places, all below massif's threshold (1.00%)
 n1: 241664 0x52D64D7: ??? (in /usr/lib/x86_64-linux-gnu/libGLdispatch.so.0.0.0)
  n1: 241664 0x52D6C11: ??? (in /usr/lib/x86_64-linux-gnu/libGLdispatch.so.0.0.0)
   n1: 241664 0x52D6E68: __glDispatchMakeCurrent (in /usr/lib/x86_64-linux-gnu/libGLdispatch.so.0.0.0)
    n1: 241664 0x5362923: ??? (in /usr/lib/x86_64-linux-gnu/libGLX.so.0.0.0)
     n1: 241664 0x53675E4: ??? (in /usr/lib/x86_64-linux-gnu/libGLX.so.0.0.0)
      n1: 241664 0x2BF65D: glutin::api::glx::last_glx_error (in /home/killpop/Рабочий стол/some/pathfinders/target/release/pathfinding_algorithms)
       n1: 241664 0x27BBB5: <glutin::context::NotCurrentContext as glutin::context::NotCurrentGlContextSurfaceAccessor<T>>::make_current (in /home/killpop/Рабочий стол/some/pathfinders/target/release/pathfinding_algorithms)
        n1: 241664 0x291765: glutin_window::GlutinWindow::from_raw (in /home/killpop/Рабочий стол/some/pathfinders/target/release/pathfinding_algorithms)
         n1: 241664 0x290C68: glutin_window::GlutinWindow::new (in /home/killpop/Рабочий стол/some/pathfinders/target/release/pathfinding_algorithms)
          n1: 241664 0x23C14A: <piston_window::prelude::PistonWindow<W> as window::BuildFromWindowSettings>::build_from_window_settings (in /home/killpop/Рабочий стол/some/pathfinders/target/release/pathfinding_algorithms)
           n1: 241664 0x22E598: pathfinding_algorithms::main (in /home/killpop/Рабочий стол/some/pathfinders/target/release/pathfinding_algorithms)
            n1: 241664 0x24E8E2: std::sys::backtrace::__rust_begin_short_backtrace (in /home/killpop/Рабочий стол/some/pathfinders/target/release/pathfinding_algorithms)
             n1: 241664 0x23C5B8: std::rt::lang_start::{{closure}} (in /home/killpop/Рабочий стол/some/pathfinders/target/release/pathfinding_algorithms)
              n1: 241664 0x44BFC3: std::rt::lang_start_internal (in /home/killpop/Рабочий стол/some/pathfinders/target/release/pathfinding_algorithms)
               n0: 241664 0x236444: main (in /home/killpop/Рабочий стол/some/pathfinders/target/release/pathfinding_algorithms)
 n1: 149594 0x9B5EE4D: ??? (in /usr/lib/x86_64-linux-gnu/libnvidia-gpucomp.so.580.173.02)
  n1: 149594 0x9B0E478: ??? (in /usr/lib/x86_64-linux-gnu/libnvidia-gpucomp.so.580.173.02)
   n1: 149594 0x82C24BF: ??? (in /usr/lib/x86_64-linux-gnu/libnvidia-gpucomp.so.580.173.02)
    n0: 149594 in 58 places, all below massif's threshold (1.00%)
#-----------
snapshot=27
#-----------
time=4028234695
mem_heap_B=11352805
mem_heap_extra_B=126939
mem_stacks_B=0
heap_tree=empty
#-----------
snapshot=28
#-----------
time=4164272568
mem_heap_B=11352597
mem_heap_extra_B=126931
mem_stacks_B=0
heap_tree=empty
#-----------
snapshot=29
#-----------
time=4300321385
mem_heap_B=11352597
mem_heap_extra_B=126931
mem_stacks_B=0
heap_tree=empty
#-----------
snapshot=30
#-----------
time=4420899602
mem_heap_B=11352805
mem_heap_extra_B=126939
mem_stacks_B=0
heap_tree=empty
#-----------
snapshot=31
#-----------
time=4525904107
mem_heap_B=11352597
mem_heap_extra_B=126931
mem_stacks_B=0
heap_tree=empty
#-----------
snapshot=32
#-----------
time=4683422186
mem_heap_B=11352613
mem_heap_extra_B=126931
mem_stacks_B=0
heap_tree=detailed
n6: 11352613 (heap allocation functions) malloc/new/new[], --alloc-fns, etc.
 n6: 5195355 0x5F521C1: ??? (in /usr/lib/x86_64-linux-gnu/libnvidia-glcore.so.580.173.02)
  n2: 2463597 0x5C76E4A: ??? (in /usr/lib/x86_64-linux-gnu/libnvidia-glcore.so.580.173.02)
   n1: 2463597 0x5C5A175: ??? (in /usr/lib/x86_64-linux-gnu/libnvidia-glcore.so.580.173.02)
    n1: 2463597 0x5C5EF6F: ??? (in /usr/lib/x86_64-linux-gnu/libnvidia-glcore.so.580.173.02)
     n1: 2463597 0x41683E: gfx_device_gl::factory::Factory::init_buffer (in /home/killpop/Рабочий стол/some/pathfinders/target/release/pathfinding_algorithms)
      n3: 2463597 0x415AD0: <gfx_device_gl::factory::Factory as gfx_core::factory::Factory<gfx_device_gl::Resources>>::create_buffer_raw (in /home/killpop/Рабочий стол/some/pathfinders/target/release/pathfinding_algorithms)
       n1: 1636871 0x227240: gfx_graphics::back_end::Gfx2d<R>::new (in /home/killpop/Рабочий стол/some/pathfinders/target/release/pathfinding_algorithms)
        n1: 1636871 0x23C30D: <piston_window::prelude::PistonWindow<W> as window::BuildFromWindowSettings>::build_from_window_settings (in /home/killpop/Рабочий стол/some/pathfinders/target/release/pathfinding_algorithms)
         n1: 1636871 0x22E598: pathfinding_algorithms::main (in /home/killpop/Рабочий стол/some/pathfinders/target/release/pathfinding_algorithms)
          n1: 1636871 0x24E8E2: std::sys::backtrace::__rust_begin_short_backtrace (in /home/killpop/Рабочий стол/some/pathfinders/target/release/pathfinding_algorithms)
           n1: 1636871 0x23C5B8: std::rt::lang_start::{{closure}} (in /home/killpop/Рабочий стол/some/pathfinders/target/release/pathfinding_algorithms)
            n1: 1636871 0x44BFC3: std::rt::lang_start_internal (in /home/killpop/Рабочий стол/some/pathfinders/target/release/pathfinding_algorithms)
             n0: 1636871 0x236444: main (in /home/killpop/Рабочий стол/some/pathfinders/target/release/pathfinding_algorithms)
       n1: 818471 0x2271DF: gfx_graphics::back_end::Gfx2d<R>::new (in /home/killpop/Рабочий стол/some/pathfinders/target/release/pathfinding_algorithms)
        n1: 818471 0x23C30D: <piston_window::prelude::PistonWindow<W> as window::BuildFromWindowSettings>::build_from_window_settings (in /home/killpop/Рабочий стол/some/pathfinders/target/release/pathfinding_algorithms)
         n1: 818471 0x22E598: pathfinding_algorithms::main (in /home/killpop/Рабочий стол/some/pathfinders/target/release/pathfinding_algorithms)
          n1: 818471 0x24E8E2: std::sys::backtrace::__rust_begin_short_backtrace (in /home/killpop/Рабочий стол/some/pathfinders/target/release/pathfinding_algorithms)
           n1: 818471 0x23C5B8: std::rt::lang_start::{{closure}} (in /home/killpop/Рабочий стол/some/pathfinders/target/release/pathfinding_algorithms)
            n1: 818471 0x44BFC3: std::rt::lang_start_internal (in /home/killpop/Рабочий стол/some/pathfinders/target/release/pathfinding_algorithms)
             n0: 818471 0x236444: main (in /home/killpop/Рабочий стол/some/pathfinders/target/release/pathfinding_algorithms)
       n0: 8255 in 1 place, below massif's threshold (1.00%)
   n0: 0 in 1 place, below massif's threshold (1.00%)
  n1: 1638400 0x5C0DD8F: ??? (in /usr/lib/x86_64-linux-gnu/libnvidia-glcore.so.580.173.02)
   n1: 1638400 0x5F88378: ??? (in /usr/lib/x86_64-linux-gnu/libnvidia-glcore.so.580.173.02)
    n1: 1638400 0x5F3A724: ??? (in /usr/lib/x86_64-linux-gnu/libnvidia-glcore.so.580.173.02)
     n1: 1638400 0x53D313F: ??? (in /usr/lib/x86_64-linux-gnu/libGLX_nvidia.so.580.173.02)
      n1: 1638400 0x53FA624: ??? (in /usr/lib/x86_64-linux-gnu/libGLX_nvidia.so.580.173.02)
       n1: 1638400 0x53FF9E7: ??? (in /usr/lib/x86_64-linux-gnu/libGLX_nvidia.so.580.173.02)
        n1: 1638400 0x53F4045: glXCreateContextAttribsARB (in /usr/lib/x86_64-linux-gnu/libGLX_nvidia.so.580.173.02)
         n1: 1638400 0x5367E02: ??? (in /usr/lib/x86_64-linux-gnu/libGLX.so.0.0.0)
          n1: 1638400 0x3C0110: glutin::api::glx::last_glx_error (in /home/killpop/Рабочий стол/some/pathfinders/target/release/pathfinding_algorithms)
           n1: 1638400 0x3C92F0: glutin::api::glx::context::<impl glutin::api::glx::display::Display>::create_context (in /home/killpop/Рабочий стол/some/pathfinders/target/release/pathfinding_algorithms)
            n1: 1638400 0x3C80BD: <glutin::display::Display as glutin::display::GlDisplay>::create_context (in /home/killpop/Рабочий стол/some/pathfinders/target/release/pathfinding_algorithms)
             n1: 1638400 0x29145D: glutin_window::GlutinWindow::from_raw (in /home/killpop/Рабочий стол/some/pathfinders/target/release/pathfinding_algorithms)
              n1: 1638400 0x290C68: glutin_window::GlutinWindow::new (in /home/killpop/Рабочий стол/some/pathfinders/target/release/pathfinding_algorithms)
               n1: 1638400 0x23C14A: <piston_window::prelude::PistonWindow<W> as window::BuildFromWindowSettings>::build_from_window_settings (in /home/killpop/Рабочий стол/some/pathfinders/target/release/pathfinding_algorithms)
                n1: 1638400 0x22E598: pathfinding_algorithms::main (in /home/killpop/Рабочий стол/some/pathfinders/target/release/pathfinding_algorithms)
                 n1: 1638400 0x24E8E2: std::sys::backtrace::__rust_begin_short_backtrace (in /home/killpop/Рабочий стол/some/pathfinders/target/release/pathfinding_algorithms)
                  n1: 1638400 0x23C5B8: std::rt::lang_start::{{closure}} (in /home/killpop/Рабочий стол/some/pathfinders/target/release/pathfinding_algorithms)
                   n1: 1638400 0x44BFC3: std::rt::lang_start_internal (in /home/killpop/Рабочий стол/some/pathfinders/target/release/pathfinding_algorithms)
                    n0: 1638400 0x236444: main (in /home/killpop/Рабочий стол/some/pathfinders/target/release/pathfinding_algorithms)
  n1: 385024 0x5FC30B3: ??? (in /usr/lib/x86_64-linux-gnu/libnvidia-glcore.so.580.173.02)
   n1: 385024 0x5F95B81: ??? (in /usr/lib/x86_64-linux-gnu/libnvidia-glcore.so.580.173.02)
    n1: 385024 0x5F96561: ??? (in /usr/lib/x86_64-linux-gnu/libnvidia-glcore.so.580.173.02)
     n1: 385024 0x5F80DCB: ??? (in /usr/lib/x86_64-linux-gnu/libnvidia-glcore.so.580.173.02)
      n1: 385024 0x5F3A8EB: ??? (in /usr/lib/x86_64-linux-gnu/libnvidia-glcore.so.580.173.02)
       n1: 385024 0x53D344F: ??? (in /usr/lib/x86_64-linux-gnu/libGLX_nvidia.so.580.173.02)
        n1: 385024 0x54010E9: ??? (in /usr/lib/x86_64-linux-gnu/libGLX_nvidia.so.580.173.02)
         n1: 385024 0x53605B1: ??? (in /usr/lib/x86_64-linux-gnu/libGLX.so.0.0.0)
          n1: 385024 0x53629A1: ??? (in /usr/lib/x86_64-linux-gnu/libGLX.so.0.0.0)
           n1: 385024 0x53675E4: ??? (in /usr/lib/x86_64-linux-gnu/libGLX.so.0.0.0)
            n1: 385024 0x2BF65D: glutin::api::glx::last_glx_error (in /home/killpop/Рабочий стол/some/pathfinders/target/release/pathfinding_algorithms)
             n1: 385024 0x27BBB5: <glutin::context::NotCurrentContext as glutin::context::NotCurrentGlContextSurfaceAccessor<T>>::make_current (in /home/killpop/Рабочий стол/some/pathfinders/target/release/pathfinding_algorithms)
              n1: 385024 0x291765: glutin_window::GlutinWindow::from_raw (in /home/killpop/Рабочий стол/some/pathfinders/target/release/pathfinding_algorithms)
               n1: 385024 0x290C68: glutin_window::GlutinWindow::new (in /home/killpop/Рабочий стол/some/pathfinders/target/release/pathfinding_algorithms)
                n1: 385024 0x23C14A: <piston_window::prelude::PistonWindow<W> as window::BuildFromWindowSettings>::build_from_window_settings (in /home/killpop/Рабочий стол/some/pathfinders/target/release/pathfinding_algorithms)
                 n1: 385024 0x22E598: pathfinding_algorithms::main (in /home/killpop/Рабочий стол/some/pathfinders/target/release/pathfinding_algorithms)
                  n1: 385024 0x24E8E2: std::sys::backtrace::__rust_begin_short_backtrace (in /home/killpop/Рабочий стол/some/pathfinders/target/release/pathfinding_algorithms)
                   n1: 385024 0x23C5B8: std::rt::lang_start::{{closure}} (in /home/killpop/Рабочий стол/some/pathfinders/target/release/pathfinding_algorithms)
                    n1: 385024 0x44BFC3: std::rt::lang_start_internal (in /home/killpop/Рабочий стол/some/pathfinders/target/release/pathfinding_algorithms)
                     n0: 385024 0x236444: main (in /home/killpop/Рабочий стол/some/pathfinders/target/release/pathfinding_algorithms)
  n0: 284202 in 225 places, all below massif's threshold (1.00%)
  n1: 262132 0x53FF724: ??? (in /usr/lib/x86_64-linux-gnu/libGLX_nvidia.so.580.173.02)
   n1: 262132 0x53F4045: glXCreateContextAttribsARB (in /usr/lib/x86_64-linux-gnu/libGLX_nvidia.so.580.173.02)
    n1: 262132 0x5367E02: ??? (in /usr/lib/x86_64-linux-gnu/libGLX.so.0.0.0)
     n1: 262132 0x3C0110: glutin::api::glx::last_glx_error (in /home/killpop/Рабочий стол/some/pathfinders/target/release/pathfinding_algorithms)
      n1: 262132 0x3C92F0: glutin::api::glx::context::<impl glutin::api::glx::display::Display>::create_context (in /home/killpop/Рабочий стол/some/pathfinders/target/release/pathfinding_algorithms)
       n1: 262132 0x3C80BD: <glutin::display::Display as glutin::display::GlDisplay>::create_context (in /home/killpop/Рабочий стол/some/pathfinders/target/release/pathfinding_algorithms)
        n1: 262132 0x29145D: glutin_window::GlutinWindow::from_raw (in /home/killpop/Рабочий стол/some/pathfinders/target/release/pathfinding_algorithms)
         n1: 262132 0x290C68: glutin_window::GlutinWindow::new (in /home/killpop/Рабочий стол/some/pathfinders/target/release/pathfinding_algorithms)
          n1: 262132 0x23C14A: <piston_window::prelude::PistonWindow<W> as window::BuildFromWindowSettings>::build_from_window_settings (in /home/killpop/Рабочий стол/some/pathfinders/target/release/pathfinding_algorithms)
           n1: 262132 0x22E598: pathfinding_algorithms::main (in /home/killpop/Рабочий стол/some/pathfinders/target/release/pathfinding_algorithms)
            n1: 262132 0x24E8E2: std::sys::backtrace::__rust_begin_short_backtrace (in /home/killpop/Рабочий стол/some/pathfinders/target/release/pathfinding_algorithms)
             n1: 262132 0x23C5B8: std::rt::lang_start::{{closure}} (in /home/killpop/Рабочий стол/some/pathfinders/target/release/pathfinding_algorithms)
              n1: 262132 0x44BFC3: std::rt::lang_start_internal (in /home/killpop/Рабочий стол/some/pathfinders/target/release/pathfinding_algorithms)
               n0: 262132 0x236444: main (in /home/killpop/Рабочий стол/some/pathfinders/target/release/pathfinding_algorithms)
  n1: 162000 0x653ADBC: ??? (in /usr/lib/x86_64-linux-gnu/libnvidia-glcore.so.580.173.02)
   n1: 162000 0x654403F: ??? (in /usr/lib/x86_64-linux-gnu/libnvidia-glcore.so.580.173.02)
    n1: 162000 0x5F4C308: ??? (in /usr/lib/x86_64-linux-gnu/libnvidia-glcore.so.580.173.02)
     n1: 162000 0x53D43A0: ??? (in /usr/lib/x86_64-linux-gnu/libGLX_nvidia.so.580.173.02)
      n1: 162000 0x53D44D7: ??? (in /usr/lib/x86_64-linux-gnu/libGLX_nvidia.so.580.173.02)
       n1: 162000 0x53FA5E4: ??? (in /usr/lib/x86_64-linux-gnu/libGLX_nvidia.so.580.173.02)
        n1: 162000 0x53FF9E7: ??? (in /usr/lib/x86_64-linux-gnu/libGLX_nvidia.so.580.173.02)
         n1: 162000 0x53F4045: glXCreateContextAttribsARB (in /usr/lib/x86_64-linux-gnu/libGLX_nvidia.so.580.173.02)
          n1: 162000 0x5367E02: ??? (in /usr/lib/x86_64-linux-gnu/libGLX.so.0.0.0)
           n1: 162000 0x3C0110: glutin::api::glx::last_glx_error (in /home/killpop/Рабочий стол/some/pathfinders/target/release/pathfinding_algorithms)
            n1: 162000 0x3C92F0: glutin::api::glx::context::<impl glutin::api::glx::display::Display>::create_context (in /home/killpop/Рабочий стол/some/pathfinders/target/release/pathfinding_algorithms)
             n1: 162000 0x3C80BD: <glutin::display::Display as glutin::display::GlDisplay>::create_context (in /home/killpop/Рабочий стол/some/pathfinders/target/release/pathfinding_algorithms)
              n1: 162000 0x29145D: glutin_window::GlutinWindow::from_raw (in /home/killpop/Рабочий стол/some/pathfinders/target/release/pathfinding_algorithms)
               n1: 162000 0x290C68: glutin_window::GlutinWindow::new (in /home/killpop/Рабочий стол/some/pathfinders/target/release/pathfinding_algorithms)
                n1: 162000 0x23C14A: <piston_window::prelude::PistonWindow<W> as window::BuildFromWindowSettings>::build_from_window_settings (in /home/killpop/Рабочий стол/some/pathfinders/target/release/pathfinding_algorithms)
                 n1: 162000 0x22E598: pathfinding_algorithms::main (in /home/killpop/Рабочий стол/some/pathfinders/target/release/pathfinding_algorithms)
                  n1: 162000 0x24E8E2: std::sys::backtrace::__rust_begin_short_backtrace (in /home/killpop/Рабочий стол/some/pathfinders/target/release/pathfinding_algorithms)
                   n1: 162000 0x23C5B8: std::rt::lang_start::{{closure}} (in /home/killpop/Рабочий стол/some/pathfinders/target/release/pathfinding_algorithms)
                    n1: 162000 0x44BFC3: std::rt::lang_start_internal (in /home/killpop/Рабочий стол/some/pathfinders/target/release/pathfinding_algorithms)
                     n0: 162000 0x236444: main (in /home/killpop/Рабочий стол/some/pathfinders/target/release/pathfinding_algorithms)
 n9: 2845270 0x5F5247D: ??? (in /usr/lib/x86_64-linux-gnu/libnvidia-glcore.so.580.173.02)
  n1: 825080 0x5F958BA: ??? (in /usr/lib/x86_64-linux-gnu/libnvidia-glcore.so.580.173.02)
   n1: 825080 0x5F96561: ??? (in /usr/lib/x86_64-linux-gnu/libnvidia-glcore.so.580.173.02)
    n1: 825080 0x5F80DCB: ??? (in /usr/lib/x86_64-linux-gnu/libnvidia-glcore.so.580.173.02)
     n1: 825080 0x5F3A8EB: ??? (in /usr/lib/x86_64-linux-gnu/libnvidia-glcore.so.580.173.02)
      n1: 825080 0x53D344F: ??? (in /usr/lib/x86_64-linux-gnu/libGLX_nvidia.so.580.173.02)
       n1: 825080 0x54010E9: ??? (in /usr/lib/x86_64-linux-gnu/libGLX_nvidia.so.580.173.02)
        n1: 825080 0x53605B1: ??? (in /usr/lib/x86_64-linux-gnu/libGLX.so.0.0.0)
         n1: 825080 0x53629A1: ??? (in /usr/lib/x86_64-linux-gnu/libGLX.so.0.0.0)
          n1: 825080 0x53675E4: ??? (in /usr/lib/x86_64-linux-gnu/libGLX.so.0.0.0)
           n1: 825080 0x2BF65D: glutin::api::glx::last_glx_error (in /home/killpop/Рабочий стол/some/pathfinders/target/release/pathfinding_algorithms)
            n1: 825080 0x27BBB5: <glutin::context::NotCurrentContext as glutin::context::NotCurrentGlContextSurfaceAccessor<T>>::make_current (in /home/killpop/Рабочий стол/some/pathfinders/target/release/pathfinding_algorithms)
             n1: 825080 0x291765: glutin_window::GlutinWindow::from_raw (in /home/killpop/Рабочий стол/some/pathfinders/target/release/pathfinding_algorithms)
              n1: 825080 0x290C68: glutin_window::GlutinWindow::new (in /home/killpop/Рабочий стол/some/pathfinders/target/release/pathfinding_algorithms)
               n1: 825080 0x23C14A: <piston_window::prelude::PistonWindow<W> as window::BuildFromWindowSettings>::build_from_window_settings (in /home/killpop/Рабочий стол/some/pathfinders/target/release/pathfinding_algorithms)
                n1: 825080 0x22E598: pathfinding_algorithms::main (in /home/killpop/Рабочий стол/some/pathfinders/target/release/pathfinding_algorithms)
                 n1: 825080 0x24E8E2: std::sys::backtrace::__rust_begin_short_backtrace (in /home/killpop/Рабочий стол/some/pathfinders/target/release/pathfinding_algorithms)
                  n1: 825080 0x23C5B8: std::rt::lang_start::{{closure}} (in /home/killpop/Рабочий стол/some/pathfinders/target/release/pathfinding_algorithms)
                   n1: 825080 0x44BFC3: std::rt::lang_start_internal (in /home/killpop/Рабочий стол/some/pathfinders/target/release/pathfinding_algorithms)
                    n0: 825080 0x236444: main (in /home/killpop/Рабочий стол/some/pathfinders/target/release/pathfinding_algorithms)
  n0: 781143 in 116 places, all below massif's threshold (1.00%)
  n1: 307311 0x5C75DBB: ??? (in /usr/lib/x86_64-linux-gnu/libnvidia-glcore.so.580.173.02)
   n1: 307311 0x53FAEBF: ??? (in /usr/lib/x86_64-linux-gnu/libGLX_nvidia.so.580.173.02)
    n1: 307311 0x5403FDB: ??? (in /usr/lib/x86_64-linux-gnu/libGLX_nvidia.so.580.173.02)
     n1: 307311 0x53D0A5A: ??? (in /usr/lib/x86_64-linux-gnu/libGLX_nvidia.so.580.173.02)
      n1: 307311 0x542C401: ??? (in /usr/lib/x86_64-linux-gnu/libGLX_nvidia.so.580.173.02)
       n1: 307311 0x53D0012: ??? (in /usr/lib/x86_64-linux-gnu/libGLX_nvidia.so.580.173.02)
        n1: 307311 0x4005823: call_init (dl-init.c:120)
         n1: 307311 0x4005823: _dl_init (dl-init.c:121)
          n1: 307311 0x40015B1: _dl_catch_exception (dl-catch.c:211)
           n1: 307311 0x400CD7B: dl_open_worker (dl-open.c:829)
            n1: 307311 0x400CD7B: dl_open_worker (dl-open.c:792)
             n1: 307311 0x400151B: _dl_catch_exception (dl-catch.c:237)
              n1: 307311 0x400D163: _dl_open (dl-open.c:905)
               n1: 307311 0x4A22283: dlopen_doit (dlopen.c:56)
                n1: 307311 0x400151B: _dl_catch_exception (dl-catch.c:237)
                 n1: 307311 0x4001668: _dl_catch_error (dl-catch.c:256)
                  n1: 307311 0x4A21D62: _dlerror_run (dlerror.c:138)
                   n1: 307311 0x4A2233E: dlopen_implementation (dlopen.c:71)
                    n1: 307311 0x4A2233E: dlopen@@GLIBC_2.34 (dlopen.c:81)
                     n1: 307311 0x536530A: ??? (in /usr/lib/x86_64-linux-gnu/libGLX.so.0.0.0)
                      n1: 307311 0x5367BAC: ??? (in /usr/lib/x86_64-linux-gnu/libGLX.so.0.0.0)
                       n1: 307311 0x53683B5: glXGetClientString (in /usr/lib/x86_64-linux-gnu/libGLX.so.0.0.0)
                        n1: 307311 0x3C956E: glutin::api::glx::display::Display::new (in /home/killpop/Рабочий стол/some/pathfinders/target/release/pathfinding_algorithms)
                         n1: 307311 0x3C7D97: glutin::display::Display::new (in /home/killpop/Рабочий стол/some/pathfinders/target/release/pathfinding_algorithms)
                          n1: 307311 0x27BED9: glutin_winit::DisplayBuilder::build (in /home/killpop/Рабочий стол/some/pathfinders/target/release/pathfinding_algorithms)
                           n1: 307311 0x290F37: glutin_window::GlutinWindow::from_raw (in /home/killpop/Рабочий стол/some/pathfinders/target/release/pathfinding_algorithms)
                            n1: 307311 0x290C68: glutin_window::GlutinWindow::new (in /home/killpop/Рабочий стол/some/pathfinders/target/release/pathfinding_algorithms)
                             n1: 307311 0x23C14A: <piston_window::prelude::PistonWindow<W> as window::BuildFromWindowSettings>::build_from_window_settings (in /home/killpop/Рабочий стол/some/pathfinders/target/release/pathfinding_algorithms)
                              n1: 307311 0x22E598: pathfinding_algorithms::main (in /home/killpop/Рабочий стол/some/pathfinders/target/release/pathfinding_algorithms)
                               n1: 307311 0x24E8E2: std::sys::backtrace::__rust_begin_short_backtrace (in /home/killpop/Рабочий стол/some/pathfinders/target/release/pathfinding_algorithms)
                                n1: 307311 0x23C5B8: std::rt::lang_start::{{closure}} (in /home/killpop/Рабочий стол/some/pathfinders/target/release/pathfinding_algorithms)
                                 n0: 307311 0x44BFC3: std::rt::lang_start_internal (in /home/killpop/Рабочий стол/some/pathfinders/target/release/pathfinding_algorithms)
  n1: 171760 0x5F6FCFE: ??? (in /usr/lib/x86_64-linux-gnu/libnvidia-glcore.so.580.173.02)
   n1: 171760 0x5F81285: ??? (in /usr/lib/x86_64-linux-gnu/libnvidia-glcore.so.580.173.02)
    n1: 171760 0x5F3A8EB: ??? (in /usr/lib/x86_64-linux-gnu/libnvidia-glcore.so.580.173.02)
     n1: 171760 0x53D344F: ??? (in /usr/lib/x86_64-linux-gnu/libGLX_nvidia.so.580.173.02)
      n1: 171760 0x54010E9: ??? (in /usr/lib/x86_64-linux-gnu/libGLX_nvidia.so.580.173.02)
       n1: 171760 0x53605B1: ??? (in /usr/lib/x86_64-linux-gnu/libGLX.so.0.0.0)
        n1: 171760 0x53629A1: ??? (in /usr/lib/x86_64-linux-gnu/libGLX.so.0.0.0)
         n1: 171760 0x53675E4: ??? (in /usr/lib/x86_64-linux-gnu/libGLX.so.0.0.0)
          n1: 171760 0x2BF65D: glutin::api::glx::last_glx_error (in /home/killpop/Рабочий стол/some/pathfinders/target/release/pathfinding_algorithms)
           n1: 171760 0x27BBB5: <glutin::context::NotCurrentContext as glutin::context::NotCurrentGlContextSurfaceAccessor<T>>::make_current (in /home/killpop/Рабочий стол/some/pathfinders/target/release/pathfinding_algorithms)
            n1: 171760 0x291765: glutin_window::GlutinWindow::from_raw (in /home/killpop/Рабочий стол/some/pathfinders/target/release/pathfinding_algorithms)
             n1: 171760 0x290C68: glutin_window::GlutinWindow::new (in /home/killpop/Рабочий стол/some/pathfinders/target/release/pathfinding_algorithms)
              n1: 171760 0x23C14A: <piston_window::prelude::PistonWindow<W> as window::BuildFromWindowSettings>::build_from_window_settings (in /home/killpop/Рабочий стол/some/pathfinders/target/release/pathfinding_algorithms)
               n1: 171760 0x22E598: pathfinding_algorithms::main (in /home/killpop/Рабочий стол/some/pathfinders/target/release/pathfinding_algorithms)
                n1: 171760 0x24E8E2: std::sys::backtrace::__rust_begin_short_backtrace (in /home/killpop/Рабочий стол/some/pathfinders/target/release/pathfinding_algorithms)
                 n1: 171760 0x23C5B8: std::rt::lang_start::{{closure}} (in /home/killpop/Рабочий стол/some/pathfinders/target/release/pathfinding_algorithms)
                  n1: 171760 0x44BFC3: std::rt::lang_start_internal (in /home/killpop/Рабочий стол/some/pathfinders/target/release/pathfinding_algorithms)
                   n0: 171760 0x236444: main (in /home/killpop/Рабочий стол/some/pathfinders/target/release/pathfinding_algorithms)
  n1: 167504 0x53D4323: ??? (in /usr/lib/x86_64-linux-gnu/libGLX_nvidia.so.580.173.02)
   n1: 167504 0x53D44D7: ??? (in /usr/lib/x86_64-linux-gnu/libGLX_nvidia.so.580.173.02)
    n1: 167504 0x53FA5E4: ??? (in /usr/lib/x86_64-linux-gnu/libGLX_nvidia.so.580.173.02)
     n1: 167504 0x53FF9E7: ??? (in /usr/lib/x86_64-linux-gnu/libGLX_nvidia.so.580.173.02)
      n1: 167504 0x53F4045: glXCreateContextAttribsARB (in /usr/lib/x86_64-linux-gnu/libGLX_nvidia.so.580.173.02)
       n1: 167504 0x5367E02: ??? (in /usr/lib/x86_64-linux-gnu/libGLX.so.0.0.0)
        n1: 167504 0x3C0110: glutin::api::glx::last_glx_error (in /home/killpop/Рабочий стол/some/pathfinders/target/release/pathfinding_algorithms)
         n1: 167504 0x3C92F0: glutin::api::glx::context::<impl glutin::api::glx::display::Display>::create_context (in /home/killpop/Рабочий стол/some/pathfinders/target/release/pathfinding_algorithms)
          n1: 167504 0x3C80BD: <glutin::display::Display as glutin::display::GlDisplay>::create_context (in /home/killpop/Рабочий стол/some/pathfinders/target/release/pathfinding_algorithms)
           n1: 167504 0x29145D: glutin_window::GlutinWindow::from_raw (in /home/killpop/Рабочий стол/some/pathfinders/target/release/pathfinding_algorithms)
            n1: 167504 0x290C68: glutin_window::GlutinWindow::new (in /home/killpop/Рабочий стол/some/pathfinders/target/release/pathfinding_algorithms)
             n1: 167504 0x23C14A: <piston_window::prelude::PistonWindow<W> as window::BuildFromWindowSettings>::build_from_window_settings (in /home/killpop/Рабочий стол/some/pathfinders/target/release/pathfinding_algorithms)
              n1: 167504 0x22E598: pathfinding_algorithms::main (in /home/killpop/Рабочий стол/some/pathfinders/target/release/pathfinding_algorithms)
               n1: 167504 0x24E8E2: std::sys::backtrace::__rust_begin_short_backtrace (in /home/killpop/Рабочий стол/some/pathfinders/target/release/pathfinding_algorithms)
                n1: 167504 0x23C5B8: std::rt::lang_start::{{closure}} (in /home/killpop/Рабочий стол/some/pathfinders/target/release/pathfinding_algorithms)
                 n1: 167504 0x44BFC3: std::rt::lang_start_internal (in /home/killpop/Рабочий стол/some/pathfinders/target/release/pathfinding_algorithms)
                  n0: 167504 0x236444: main (in /home/killpop/Рабочий стол/some/pathfinders/target/release/pathfinding_algorithms)
  n1: 163840 0x5FC2EB6: ??? (in /usr/lib/x86_64-linux-gnu/libnvidia-glcore.so.580.173.02)
   n1: 163840 0x5F95B81: ??? (in /usr/lib/x86_64-linux-gnu/libnvidia-glcore.so.580.173.02)
    n1: 163840 0x5F96561: ??? (in /usr/lib/x86_64-linux-gnu/libnvidia-glcore.so.580.173.02)
     n1: 163840 0x5F80DCB: ??? (in /usr/lib/x86_64-linux-gnu/libnvidia-glcore.so.580.173.02)
      n1: 163840 0x5F3A8EB: ??? (in /usr/lib/x86_64-linux-gnu/libnvidia-glcore.so.580.173.02)
       n1: 163840 0x53D344F: ??? (in /usr/lib/x86_64-linux-gnu/libGLX_nvidia.so.580.173.02)
        n1: 163840 0x54010E9: ??? (in /usr/lib/x86_64-linux-gnu/libGLX_nvidia.so.580.173.02)
         n1: 163840 0x53605B1: ??? (in /usr/lib/x86_64-linux-gnu/libGLX.so.0.0.0)
          n1: 163840 0x53629A1: ??? (in /usr/lib/x86_64-linux-gnu/libGLX.so.0.0.0)
           n1: 163840 0x53675E4: ??? (in /usr/lib/x86_64-linux-gnu/libGLX.so.0.0.0)
            n1: 163840 0x2BF65D: glutin::api::glx::last_glx_error (in /home/killpop/Рабочий стол/some/pathfinders/target/release/pathfinding_algorithms)
             n1: 163840 0x27BBB5: <glutin::context::NotCurrentContext as glutin::context::NotCurrentGlContextSurfaceAccessor<T>>::make_current (in /home/killpop/Рабочий стол/some/pathfinders/target/release/pathfinding_algorithms)
              n1: 163840 0x291765: glutin_window::GlutinWindow::from_raw (in /home/killpop/Рабочий стол/some/pathfinders/target/release/pathfinding_algorithms)
               n1: 163840 0x290C68: glutin_window::GlutinWindow::new (in /home/killpop/Рабочий стол/some/pathfinders/target/release/pathfinding_algorithms)
                n1: 163840 0x23C14A: <piston_window::prelude::PistonWindow<W> as window::BuildFromWindowSettings>::build_from_window_settings (in /home/killpop/Рабочий стол/some/pathfinders/target/release/pathfinding_algorithms)
                 n1: 163840 0x22E598: pathfinding_algorithms::main (in /home/killpop/Рабочий стол/some/pathfinders/target/release/pathfinding_algorithms)
                  n1: 163840 0x24E8E2: std::sys::backtrace::__rust_begin_short_backtrace (in /home/killpop/Рабочий стол/some/pathfinders/target/release/pathfinding_algorithms)
                   n1: 163840 0x23C5B8: std::rt::lang_start::{{closure}} (in /home/killpop/Рабочий стол/some/pathfinders/target/release/pathfinding_algorithms)
                    n1: 163840 0x44BFC3: std::rt::lang_start_internal (in /home/killpop/Рабочий стол/some/pathfinders/target/release/pathfinding_algorithms)
                     n0: 163840 0x236444: main (in /home/killpop/Рабочий стол/some/pathfinders/target/release/pathfinding_algorithms)
  n1: 154512 0x5F95879: ??? (in /usr/lib/x86_64-linux-gnu/libnvidia-glcore.so.580.173.02)
   n1: 154512 0x5F96561: ??? (in /usr/lib/x86_64-linux-gnu/libnvidia-glcore.so.580.173.02)
    n1: 154512 0x5F80DCB: ??? (in /usr/lib/x86_64-linux-gnu/libnvidia-glcore.so.580.173.02)
     n1: 154512 0x5F3A8EB: ??? (in /usr/lib/x86_64-linux-gnu/libnvidia-glcore.so.580.173.02)
      n1: 154512 0x53D344F: ??? (in /usr/lib/x86_64-linux-gnu/libGLX_nvidia.so.580.173.02)
       n1: 154512 0x54010E9: ??? (in /usr/lib/x86_64-linux-gnu/libGLX_nvidia.so.580.173.02)
        n1: 154512 0x53605B1: ??? (in /usr/lib/x86_64-linux-gnu/libGLX.so.0.0.0)
         n1: 154512 0x53629A1: ??? (in /usr/lib/x86_64-linux-gnu/libGLX.so.0.0.0)
          n1: 154512 0x53675E4: ??? (in /usr/lib/x86_64-linux-gnu/libGLX.so.0.0.0)
           n1: 154512 0x2BF65D: glutin::api::glx::last_glx_error (in /home/killpop/Рабочий стол/some/pathfinders/target/release/pathfinding_algorithms)
            n1: 154512 0x27BBB5: <glutin::context::NotCurrentContext as glutin::context::NotCurrentGlContextSurfaceAccessor<T>>::make_current (in /home/killpop/Рабочий стол/some/pathfinders/target/release/pathfinding_algorithms)
             n1: 154512 0x291765: glutin_window::GlutinWindow::from_raw (in /home/killpop/Рабочий стол/some/pathfinders/target/release/pathfinding_algorithms)
              n1: 154512 0x290C68: glutin_window::GlutinWindow::new (in /home/killpop/Рабочий стол/some/pathfinders/target/release/pathfinding_algorithms)
               n1: 154512 0x23C14A: <piston_window::prelude::PistonWindow<W> as window::BuildFromWindowSettings>::build_from_window_settings (in /home/killpop/Рабочий стол/some/pathfinders/target/release/pathfinding_algorithms)
                n1: 154512 0x22E598: pathfinding_algorithms::main (in /home/killpop/Рабочий стол/some/pathfinders/target/release/pathfinding_algorithms)
                 n1: 154512 0x24E8E2: std::sys::backtrace::__rust_begin_short_backtrace (in /home/killpop/Рабочий стол/some/pathfinders/target/release/pathfinding_algorithms)
                  n1: 154512 0x23C5B8: std::rt::lang_start::{{closure}} (in /home/killpop/Рабочий стол/some/pathfinders/target/release/pathfinding_algorithms)
                   n1: 154512 0x44BFC3: std::rt::lang_start_internal (in /home/killpop/Рабочий стол/some/pathfinders/target/release/pathfinding_algorithms)
                    n0: 154512 0x236444: main (in /home/killpop/Рабочий стол/some/pathfinders/target/release/pathfinding_algorithms)
  n1: 150472 0x5F3836F: ??? (in /usr/lib/x86_64-linux-gnu/libnvidia-glcore.so.580.173.02)
   n1: 150472 0x5F4C655: ??? (in /usr/lib/x86_64-linux-gnu/libnvidia-glcore.so.580.173.02)
    n1: 150472 0x53D43A0: ??? (in /usr/lib/x86_64-linux-gnu/libGLX_nvidia.so.580.173.02)
     n1: 150472 0x53D44D7: ??? (in /usr/lib/x86_64-linux-gnu/libGLX_nvidia.so.580.173.02)
      n1: 150472 0x53FA5E4: ??? (in /usr/lib/x86_64-linux-gnu/libGLX_nvidia.so.580.173.02)
       n1: 150472 0x53FF9E7: ??? (in /usr/lib/x86_64-linux-gnu/libGLX_nvidia.so.580.173.02)
        n1: 150472 0x53F4045: glXCreateContextAttribsARB (in /usr/lib/x86_64-linux-gnu/libGLX_nvidia.so.580.173.02)
         n1: 150472 0x5367E02: ??? (in /usr/lib/x86_64-linux-gnu/libGLX.so.0.0.0)
          n1: 150472 0x3C0110: glutin::api::glx::last_glx_error (in /home/killpop/Рабочий стол/some/pathfinders/target/release/pathfinding_algorithms)
           n1: 150472 0x3C92F0: glutin::api::glx::context::<impl glutin::api::glx::display::Display>::create_context (in /home/killpop/Рабочий стол/some/pathfinders/target/release/pathfinding_algorithms)
            n1: 150472 0x3C80BD: <glutin::display::Display as glutin::display::GlDisplay>::create_context (in /home/killpop/Рабочий стол/some/pathfinders/target/release/pathfinding_algorithms)
             n1: 150472 0x29145D: glutin_window::GlutinWindow::from_raw (in /home/killpop/Рабочий стол/some/pathfinders/target/release/pathfinding_algorithms)
              n1: 150472 0x290C68: glutin_window::GlutinWindow::new (in /home/killpop/Рабочий стол/some/pathfinders/target/release/pathfinding_algorithms)
               n1: 150472 0x23C14A: <piston_window::prelude::PistonWindow<W> as window::BuildFromWindowSettings>::build_from_window_settings (in /home/killpop/Рабочий стол/some/pathfinders/target/release/pathfinding_algorithms)
                n1: 150472 0x22E598: pathfinding_algorithms::main (in /home/killpop/Рабочий стол/some/pathfinders/target/release/pathfinding_algorithms)
                 n1: 150472 0x24E8E2: std::sys::backtrace::__rust_begin_short_backtrace (in /home/killpop/Рабочий стол/some/pathfinders/target/release/pathfinding_algorithms)
                  n1: 150472 0x23C5B8: std::rt::lang_start::{{closure}} (in /home/killpop/Рабочий стол/some/pathfinders/target/release/pathfinding_algorithms)
                   n1: 150472 0x44BFC3: std::rt::lang_start_internal (in /home/killpop/Рабочий стол/some/pathfinders/target/release/pathfinding_algorithms)
                    n0: 150472 0x236444: main (in /home/killpop/Рабочий стол/some/pathfinders/target/release/pathfinding_algorithms)
  n1: 123648 0x65CBF3F: ??? (in /usr/lib/x86_64-linux-gnu/libnvidia-glcore.so.580.173.02)
   n0: 123648 in 8 places, all below massif's threshold (1.00%)
 n3: 1881728 0x41A83E: alloc::raw_vec::RawVecInner<A>::finish_grow (in /home/killpop/Рабочий стол/some/pathfinders/target/release/pathfinding_algorithms)
  n3: 1697600 0x41A8F3: alloc::raw_vec::RawVecInner<A>::reserve::do_reserve_and_handle (in /home/killpop/Рабочий стол/some/pathfinders/target/release/pathfinding_algorithms)
   n1: 1310720 0x408A94: <gfx_device_gl::command::CommandBuffer as gfx_core::command::Buffer<gfx_device_gl::Resources>>::set_ref_values (in /home/killpop/Рабочий стол/some/pathfinders/target/release/pathfinding_algorithms)
    n1: 1310720 0x2504DC: gfx::encoder::Encoder<R,C>::draw (in /home/killpop/Рабочий стол/some/pathfinders/target/release/pathfinding_algorithms)
     n1: 1310720 0x22C9E7: <gfx_graphics::back_end::GfxGraphics<R,C> as graphics::graphics::Graphics>::tri_list_uv (in /home/killpop/Рабочий стол/some/pathfinders/target/release/pathfinding_algorithms)
      n1: 1310720 0x252733: graphics::image::Image::draw_tri (in /home/killpop/Рабочий стол/some/pathfinders/target/release/pathfinding_algorithms)
       n2: 1310720 0x23BD6F: graphics::text::Text::draw (in /home/killpop/Рабочий стол/some/pathfinders/target/release/pathfinding_algorithms)
        n1: 1310720 0x2449C3: pathfinding_algorithms::app::App::render (in /home/killpop/Рабочий стол/some/pathfinders/target/release/pathfinding_algorithms)
         n1: 1310720 0x242457: pathfinding_algorithms::menu::AppMenu::render (in /home/killpop/Рабочий стол/some/pathfinders/target/release/pathfinding_algorithms)
          n1: 1310720 0x22AA7C: gfx_graphics::back_end::Gfx2d<R>::draw (in /home/killpop/Рабочий стол/some/pathfinders/target/release/pathfinding_algorithms)
           n1: 1310720 0x22E9E5: pathfinding_algorithms::main (in /home/killpop/Рабочий стол/some/pathfinders/target/release/pathfinding_algorithms)
            n1: 1310720 0x24E8E2: std::sys::backtrace::__rust_begin_short_backtrace (in /home/killpop/Рабочий стол/some/pathfinders/target/release/pathfinding_algorithms)
             n1: 1310720 0x23C5B8: std::rt::lang_start::{{closure}} (in /home/killpop/Рабочий стол/some/pathfinders/target/release/pathfinding_algorithms)
              n1: 1310720 0x44BFC3: std::rt::lang_start_internal (in /home/killpop/Рабочий стол/some/pathfinders/target/release/pathfinding_algorithms)
               n0: 1310720 0x236444: main (in /home/killpop/Рабочий стол/some/pathfinders/target/release/pathfinding_algorithms)
        n0: 0 in 1 place, below massif's threshold (1.00%)
   n2: 196608 0x408958: <gfx_device_gl::command::CommandBuffer as gfx_core::command::Buffer<gfx_device_gl::Resources>>::update_buffer (in /home/killpop/Рабочий стол/some/pathfinders/target/release/pathfinding_algorithms)
    n2: 196608 0x24F95F: gfx::encoder::Encoder<R,C>::update_buffer (in /home/killpop/Рабочий стол/some/pathfinders/target/release/pathfinding_algorithms)
     n1: 196608 0x22D265: <gfx_graphics::back_end::GfxGraphics<R,C> as graphics::graphics::Graphics>::tri_list (in /home/killpop/Рабочий стол/some/pathfinders/target/release/pathfinding_algorithms)
      n1: 196608 0x24C862: graphics::rectangle::Rectangle::draw_tri (in /home/killpop/Рабочий стол/some/pathfinders/target/release/pathfinding_algorithms)
       n1: 196608 0x2447BA: pathfinding_algorithms::app::App::render (in /home/killpop/Рабочий стол/some/pathfinders/target/release/pathfinding_algorithms)
        n1: 196608 0x242457: pathfinding_algorithms::menu::AppMenu::render (in /home/killpop/Рабочий стол/some/pathfinders/target/release/pathfinding_algorithms)
         n1: 196608 0x22AA7C: gfx_graphics::back_end::Gfx2d<R>::draw (in /home/killpop/Рабочий стол/some/pathfinders/target/release/pathfinding_algorithms)
          n1: 196608 0x22E9E5: pathfinding_algorithms::main (in /home/killpop/Рабочий стол/some/pathfinders/target/release/pathfinding_algorithms)
           n1: 196608 0x24E8E2: std::sys::backtrace::__rust_begin_short_backtrace (in /home/killpop/Рабочий стол/some/pathfinders/target/release/pathfinding_algorithms)
            n1: 196608 0x23C5B8: std::rt::lang_start::{{closure}} (in /home/killpop/Рабочий стол/some/pathfinders/target/release/pathfinding_algorithms)
             n1: 196608 0x44BFC3: std::rt::lang_start_internal (in /home/killpop/Рабочий стол/some/pathfinders/target/release/pathfinding_algorithms)
              n0: 196608 0x236444: main (in /home/killpop/Рабочий стол/some/pathfinders/target/release/pathfinding_algorithms)
     n0: 0 in 1 place, below massif's threshold (1.00%)
    n0: 0 in 2 places, all below massif's threshold (1.00%)
   n0: 190272 in 11 places, all below massif's threshold (1.00%)
  n1: 181568 0x41A659: alloc::raw_vec::RawVec<T,A>::grow_one (in /home/killpop/Рабочий стол/some/pathfinders/target/release/pathfinding_algorithms)
   n0: 181568 in 16 places, all below massif's threshold (1.00%)
  n0: 2560 in 1 place, below massif's threshold (1.00%)
 n0: 1039002 in 441 places, all below massif's threshold (1.00%)
 n1: 241664 0x52D64D7: ??? (in /usr/lib/x86_64-linux-gnu/libGLdispatch.so.0.0.0)
  n1: 241664 0x52D6C11: ??? (in /usr/lib/x86_64-linux-gnu/libGLdispatch.so.0.0.0)
   n1: 241664 0x52D6E68: __glDispatchMakeCurrent (in /usr/lib/x86_64-linux-gnu/libGLdispatch.so.0.0.0)
    n1: 241664 0x5362923: ??? (in /usr/lib/x86_64-linux-gnu/libGLX.so.0.0.0)
     n1: 241664 0x53675E4: ??? (in /usr/lib/x86_64-linux-gnu/libGLX.so.0.0.0)
      n1: 241664 0x2BF65D: glutin::api::glx::last_glx_error (in /home/killpop/Рабочий стол/some/pathfinders/target/release/pathfinding_algorithms)
       n1: 241664 0x27BBB5: <glutin::context::NotCurrentContext as glutin::context::NotCurrentGlContextSurfaceAccessor<T>>::make_current (in /home/killpop/Рабочий стол/some/pathfinders/target/release/pathfinding_algorithms)
        n1: 241664 0x291765: glutin_window::GlutinWindow::from_raw (in /home/killpop/Рабочий стол/some/pathfinders/target/release/pathfinding_algorithms)
         n1: 241664 0x290C68: glutin_window::GlutinWindow::new (in /home/killpop/Рабочий стол/some/pathfinders/target/release/pathfinding_algorithms)
          n1: 241664 0x23C14A: <piston_window::prelude::PistonWindow<W> as window::BuildFromWindowSettings>::build_from_window_settings (in /home/killpop/Рабочий стол/some/pathfinders/target/release/pathfinding_algorithms)
           n1: 241664 0x22E598: pathfinding_algorithms::main (in /home/killpop/Рабочий стол/some/pathfinders/target/release/pathfinding_algorithms)
            n1: 241664 0x24E8E2: std::sys::backtrace::__rust_begin_short_backtrace (in /home/killpop/Рабочий стол/some/pathfinders/target/release/pathfinding_algorithms)
             n1: 241664 0x23C5B8: std::rt::lang_start::{{closure}} (in /home/killpop/Рабочий стол/some/pathfinders/target/release/pathfinding_algorithms)
              n1: 241664 0x44BFC3: std::rt::lang_start_internal (in /home/killpop/Рабочий стол/some/pathfinders/target/release/pathfinding_algorithms)
               n0: 241664 0x236444: main (in /home/killpop/Рабочий стол/some/pathfinders/target/release/pathfinding_algorithms)
 n1: 149594 0x9B5EE4D: ??? (in /usr/lib/x86_64-linux-gnu/libnvidia-gpucomp.so.580.173.02)
  n1: 149594 0x9B0E478: ??? (in /usr/lib/x86_64-linux-gnu/libnvidia-gpucomp.so.580.173.02)
   n1: 149594 0x82C24BF: ??? (in /usr/lib/x86_64-linux-gnu/libnvidia-gpucomp.so.580.173.02)
    n0: 149594 in 58 places, all below massif's threshold (1.00%)
#-----------
snapshot=33
#-----------
time=4788419738
mem_heap_B=11352597
mem_heap_extra_B=126931
mem_stacks_B=0
heap_tree=empty
#-----------
snapshot=34
#-----------
time=4998404382
mem_heap_B=11352597
mem_heap_extra_B=126931
mem_stacks_B=0
heap_tree=empty
#-----------
snapshot=35
#-----------
time=5103408091
mem_heap_B=11352805
mem_heap_extra_B=126939
mem_stacks_B=0
heap_tree=empty
#-----------
snapshot=36
#-----------
time=5260904804
mem_heap_B=11352597
mem_heap_extra_B=126931
mem_stacks_B=0
heap_tree=empty
#-----------
snapshot=37
#-----------
time=5365901370
mem_heap_B=11352805
mem_heap_extra_B=126939
mem_stacks_B=0
heap_tree=empty
#-----------
snapshot=38
#-----------
time=5575886600
mem_heap_B=11352597
mem_heap_extra_B=126931
mem_stacks_B=0
heap_tree=empty
#-----------
snapshot=39
#-----------
time=5680887577
mem_heap_B=11352805
mem_heap_extra_B=126939
mem_stacks_B=0
heap_tree=empty
#-----------
snapshot=40
#-----------
time=5838414640
mem_heap_B=11352597
mem_heap_extra_B=126931
mem_stacks_B=0
heap_tree=empty
#-----------
snapshot=41
#-----------
time=5943417575
mem_heap_B=11352805
mem_heap_extra_B=126939
mem_stacks_B=0
heap_tree=empty
#-----------
snapshot=42
#-----------
time=6048408977
mem_heap_B=11352597
mem_heap_extra_B=126931
mem_stacks_B=0
heap_tree=empty
#-----------
snapshot=43
#-----------
time=6153403205
mem_heap_B=11352805
mem_heap_extra_B=126939
mem_stacks_B=0
heap_tree=empty
#-----------
snapshot=44
#-----------
time=6310899557
mem_heap_B=11352597
mem_heap_extra_B=126931
mem_stacks_B=0
heap_tree=empty
#-----------
snapshot=45
#-----------
time=6468392750
mem_heap_B=11352805
mem_heap_extra_B=126939
mem_stacks_B=0
heap_tree=empty
#-----------
snapshot=46
#-----------
time=6573391335
mem_heap_B=11356949
mem_heap_extra_B=126931
mem_stacks_B=0
heap_tree=empty
#-----------
snapshot=47
#-----------
time=6730882403
mem_heap_B=11357157
mem_heap_extra_B=126939
mem_stacks_B=0
heap_tree=empty
#-----------
snapshot=48
#-----------
time=6835890891
mem_heap_B=11356949
mem_heap_extra_B=126931
mem_stacks_B=0
heap_tree=empty
#-----------
snapshot=49
#-----------
time=6993389371
mem_heap_B=11357157
mem_heap_extra_B=126939
mem_stacks_B=0
heap_tree=empty
#-----------
snapshot=50
#-----------
time=7087863110
mem_heap_B=11356949
mem_heap_extra_B=126931
mem_stacks_B=0
heap_tree=empty
#-----------
snapshot=51
#-----------
time=7182342816
mem_heap_B=11356949
mem_heap_extra_B=126931
mem_stacks_B=0
heap_tree=empty
#-----------
snapshot=52
#-----------
time=7276817649
mem_heap_B=11356949
mem_heap_extra_B=126931
mem_stacks_B=0
heap_tree=empty
#-----------
snapshot=53
#-----------
time=7371303004
mem_heap_B=11357157
mem_heap_extra_B=126939
mem_stacks_B=0
heap_tree=empty
#-----------
snapshot=54
#-----------
time=7465782274
mem_heap_B=11357157
mem_heap_extra_B=126939
mem_stacks_B=0
heap_tree=empty
#-----------
snapshot=55
#-----------
time=7560256352
mem_heap_B=11357157
mem_heap_extra_B=126939
mem_stacks_B=0
heap_tree=detailed
n6: 11357157 (heap allocation functions) malloc/new/new[], --alloc-fns, etc.
 n6: 5195363 0x5F521C1: ??? (in /usr/lib/x86_64-linux-gnu/libnvidia-glcore.so.580.173.02)
  n2: 2463597 0x5C76E4A: ??? (in /usr/lib/x86_64-linux-gnu/libnvidia-glcore.so.580.173.02)
   n1: 2463597 0x5C5A175: ??? (in /usr/lib/x86_64-linux-gnu/libnvidia-glcore.so.580.173.02)
    n1: 2463597 0x5C5EF6F: ??? (in /usr/lib/x86_64-linux-gnu/libnvidia-glcore.so.580.173.02)
     n1: 2463597 0x41683E: gfx_device_gl::factory::Factory::init_buffer (in /home/killpop/Рабочий стол/some/pathfinders/target/release/pathfinding_algorithms)
      n3: 2463597 0x415AD0: <gfx_device_gl::factory::Factory as gfx_core::factory::Factory<gfx_device_gl::Resources>>::create_buffer_raw (in /home/killpop/Рабочий стол/some/pathfinders/target/release/pathfinding_algorithms)
       n1: 1636871 0x227240: gfx_graphics::back_end::Gfx2d<R>::new (in /home/killpop/Рабочий стол/some/pathfinders/target/release/pathfinding_algorithms)
        n1: 1636871 0x23C30D: <piston_window::prelude::PistonWindow<W> as window::BuildFromWindowSettings>::build_from_window_settings (in /home/killpop/Рабочий стол/some/pathfinders/target/release/pathfinding_algorithms)
         n1: 1636871 0x22E598: pathfinding_algorithms::main (in /home/killpop/Рабочий стол/some/pathfinders/target/release/pathfinding_algorithms)
          n1: 1636871 0x24E8E2: std::sys::backtrace::__rust_begin_short_backtrace (in /home/killpop/Рабочий стол/some/pathfinders/target/release/pathfinding_algorithms)
           n1: 1636871 0x23C5B8: std::rt::lang_start::{{closure}} (in /home/killpop/Рабочий стол/some/pathfinders/target/release/pathfinding_algorithms)
            n1: 1636871 0x44BFC3: std::rt::lang_start_internal (in /home/killpop/Рабочий стол/some/pathfinders/target/release/pathfinding_algorithms)
             n0: 1636871 0x236444: main (in /home/killpop/Рабочий стол/some/pathfinders/target/release/pathfinding_algorithms)
       n1: 818471 0x2271DF: gfx_graphics::back_end::Gfx2d<R>::new (in /home/killpop/Рабочий стол/some/pathfinders/target/release/pathfinding_algorithms)
        n1: 818471 0x23C30D: <piston_window::prelude::PistonWindow<W> as window::BuildFromWindowSettings>::build_from_window_settings (in /home/killpop/Рабочий стол/some/pathfinders/target/release/pathfinding_algorithms)
         n1: 818471 0x22E598: pathfinding_algorithms::main (in /home/killpop/Рабочий стол/some/pathfinders/target/release/pathfinding_algorithms)
          n1: 818471 0x24E8E2: std::sys::backtrace::__rust_begin_short_backtrace (in /home/killpop/Рабочий стол/some/pathfinders/target/release/pathfinding_algorithms)
           n1: 818471 0x23C5B8: std::rt::lang_start::{{closure}} (in /home/killpop/Рабочий стол/some/pathfinders/target/release/pathfinding_algorithms)
            n1: 818471 0x44BFC3: std::rt::lang_start_internal (in /home/killpop/Рабочий стол/some/pathfinders/target/release/pathfinding_algorithms)
             n0: 818471 0x236444: main (in /home/killpop/Рабочий стол/some/pathfinders/target/release/pathfinding_algorithms)
       n0: 8255 in 1 place, below massif's threshold (1.00%)
   n0: 0 in 1 place, below massif's threshold (1.00%)
  n1: 1638400 0x5C0DD8F: ??? (in /usr/lib/x86_64-linux-gnu/libnvidia-glcore.so.580.173.02)
   n1: 1638400 0x5F88378: ??? (in /usr/lib/x86_64-linux-gnu/libnvidia-glcore.so.580.173.02)
    n1: 1638400 0x5F3A724: ??? (in /usr/lib/x86_64-linux-gnu/libnvidia-glcore.so.580.173.02)
     n1: 1638400 0x53D313F: ??? (in /usr/lib/x86_64-linux-gnu/libGLX_nvidia.so.580.173.02)
      n1: 1638400 0x53FA624: ??? (in /usr/lib/x86_64-linux-gnu/libGLX_nvidia.so.580.173.02)
       n1: 1638400 0x53FF9E7: ??? (in /usr/lib/x86_64-linux-gnu/libGLX_nvidia.so.580.173.02)
        n1: 1638400 0x53F4045: glXCreateContextAttribsARB (in /usr/lib/x86_64-linux-gnu/libGLX_nvidia.so.580.173.02)
         n1: 1638400 0x5367E02: ??? (in /usr/lib/x86_64-linux-gnu/libGLX.so.0.0.0)
          n1: 1638400 0x3C0110: glutin::api::glx::last_glx_error (in /home/killpop/Рабочий стол/some/pathfinders/target/release/pathfinding_algorithms)
           n1: 1638400 0x3C92F0: glutin::api::glx::context::<impl glutin::api::glx::display::Display>::create_context (in /home/killpop/Рабочий стол/some/pathfinders/target/release/pathfinding_algorithms)
            n1: 1638400 0x3C80BD: <glutin::display::Display as glutin::display::GlDisplay>::create_context (in /home/killpop/Рабочий стол/some/pathfinders/target/release/pathfinding_algorithms)
             n1: 1638400 0x29145D: glutin_window::GlutinWindow::from_raw (in /home/killpop/Рабочий стол/some/pathfinders/target/release/pathfinding_algorithms)
              n1: 1638400 0x290C68: glutin_window::GlutinWindow::new (in /home/killpop/Рабочий стол/some/pathfinders/target/release/pathfinding_algorithms)
               n1: 1638400 0x23C14A: <piston_window::prelude::PistonWindow<W> as window::BuildFromWindowSettings>::build_from_window_settings (in /home/killpop/Рабочий стол/some/pathfinders/target/release/pathfinding_algorithms)
                n1: 1638400 0x22E598: pathfinding_algorithms::main (in /home/killpop/Рабочий стол/some/pathfinders/target/release/pathfinding_algorithms)
                 n1: 1638400 0x24E8E2: std::sys::backtrace::__rust_begin_short_backtrace (in /home/killpop/Рабочий стол/some/pathfinders/target/release/pathfinding_algorithms)
                  n1: 1638400 0x23C5B8: std::rt::lang_start::{{closure}} (in /home/killpop/Рабочий стол/some/pathfinders/target/release/pathfinding_algorithms)
                   n1: 1638400 0x44BFC3: std::rt::lang_start_internal (in /home/killpop/Рабочий стол/some/pathfinders/target/release/pathfinding_algorithms)
                    n0: 1638400 0x236444: main (in /home/killpop/Рабочий стол/some/pathfinders/target/release/pathfinding_algorithms)
  n1: 385024 0x5FC30B3: ??? (in /usr/lib/x86_64-linux-gnu/libnvidia-glcore.so.580.173.02)
   n1: 385024 0x5F95B81: ??? (in /usr/lib/x86_64-linux-gnu/libnvidia-glcore.so.580.173.02)
    n1: 385024 0x5F96561: ??? (in /usr/lib/x86_64-linux-gnu/libnvidia-glcore.so.580.173.02)
     n1: 385024 0x5F80DCB: ??? (in /usr/lib/x86_64-linux-gnu/libnvidia-glcore.so.580.173.02)
      n1: 385024 0x5F3A8EB: ??? (in /usr/lib/x86_64-linux-gnu/libnvidia-glcore.so.580.173.02)
       n1: 385024 0x53D344F: ??? (in /usr/lib/x86_64-linux-gnu/libGLX_nvidia.so.580.173.02)
        n1: 385024 0x54010E9: ??? (in /usr/lib/x86_64-linux-gnu/libGLX_nvidia.so.580.173.02)
         n1: 385024 0x53605B1: ??? (in /usr/lib/x86_64-linux-gnu/libGLX.so.0.0.0)
          n1: 385024 0x53629A1: ??? (in /usr/lib/x86_64-linux-gnu/libGLX.so.0.0.0)
           n1: 385024 0x53675E4: ??? (in /usr/lib/x86_64-linux-gnu/libGLX.so.0.0.0)
            n1: 385024 0x2BF65D: glutin::api::glx::last_glx_error (in /home/killpop/Рабочий стол/some/pathfinders/target/release/pathfinding_algorithms)
             n1: 385024 0x27BBB5: <glutin::context::NotCurrentContext as glutin::context::NotCurrentGlContextSurfaceAccessor<T>>::make_current (in /home/killpop/Рабочий стол/some/pathfinders/target/release/pathfinding_algorithms)
              n1: 385024 0x291765: glutin_window::GlutinWindow::from_raw (in /home/killpop/Рабочий стол/some/pathfinders/target/release/pathfinding_algorithms)
               n1: 385024 0x290C68: glutin_window::GlutinWindow::new (in /home/killpop/Рабочий стол/some/pathfinders/target/release/pathfinding_algorithms)
                n1: 385024 0x23C14A: <piston_window::prelude::PistonWindow<W> as window::BuildFromWindowSettings>::build_from_window_settings (in /home/killpop/Рабочий стол/some/pathfinders/target/release/pathfinding_algorithms)
                 n1: 385024 0x22E598: pathfinding_algorithms::main (in /home/killpop/Рабочий стол/some/pathfinders/target/release/pathfinding_algorithms)
                  n1: 385024 0x24E8E2: std::sys::backtrace::__rust_begin_short_backtrace (in /home/killpop/Рабочий стол/some/pathfinders/target/release/pathfinding_algorithms)
                   n1: 385024 0x23C5B8: std::rt::lang_start::{{closure}} (in /home/killpop/Рабочий стол/some/pathfinders/target/release/pathfinding_algorithms)
                    n1: 385024 0x44BFC3: std::rt::lang_start_internal (in /home/killpop/Рабочий стол/some/pathfinders/target/release/pathfinding_algorithms)
                     n0: 385024 0x236444: main (in /home/killpop/Рабочий стол/some/pathfinders/target/release/pathfinding_algorithms)
  n0: 284210 in 225 places, all below massif's threshold (1.00%)
  n1: 262132 0x53FF724: ??? (in /usr/lib/x86_64-linux-gnu/libGLX_nvidia.so.580.173.02)
   n1: 262132 0x53F4045: glXCreateContextAttribsARB (in /usr/lib/x86_64-linux-gnu/libGLX_nvidia.so.580.173.02)
    n1: 262132 0x5367E02: ??? (in /usr/lib/x86_64-linux-gnu/libGLX.so.0.0.0)
     n1: 262132 0x3C0110: glutin::api::glx::last_glx_error (in /home/killpop/Рабочий стол/some/pathfinders/target/release/pathfinding_algorithms)
      n1: 262132 0x3C92F0: glutin::api::glx::context::<impl glutin::api::glx::display::Display>::create_context (in /home/killpop/Рабочий стол/some/pathfinders/target/release/pathfinding_algorithms)
       n1: 262132 0x3C80BD: <glutin::display::Display as glutin::display::GlDisplay>::create_context (in /home/killpop/Рабочий стол/some/pathfinders/target/release/pathfinding_algorithms)
        n1: 262132 0x29145D: glutin_window::GlutinWindow::from_raw (in /home/killpop/Рабочий стол/some/pathfinders/target/release/pathfinding_algorithms)
         n1: 262132 0x290C68: glutin_window::GlutinWindow::new (in /home/killpop/Рабочий стол/some/pathfinders/target/release/pathfinding_algorithms)
          n1: 262132 0x23C14A: <piston_window::prelude::PistonWindow<W> as window::BuildFromWindowSettings>::build_from_window_settings (in /home/killpop/Рабочий стол/some/pathfinders/target/release/pathfinding_algorithms)
           n1: 262132 0x22E598: pathfinding_algorithms::main (in /home/killpop/Рабочий стол/some/pathfinders/target/release/pathfinding_algorithms)
            n1: 262132 0x24E8E2: std::sys::backtrace::__rust_begin_short_backtrace (in /home/killpop/Рабочий стол/some/pathfinders/target/release/pathfinding_algorithms)
             n1: 262132 0x23C5B8: std::rt::lang_start::{{closure}} (in /home/killpop/Рабочий стол/some/pathfinders/target/release/pathfinding_algorithms)
              n1: 262132 0x44BFC3: std::rt::lang_start_internal (in /home/killpop/Рабочий стол/some/pathfinders/target/release/pathfinding_algorithms)
               n0: 262132 0x236444: main (in /home/killpop/Рабочий стол/some/pathfinders/target/release/pathfinding_algorithms)
  n1: 162000 0x653ADBC: ??? (in /usr/lib/x86_64-linux-gnu/libnvidia-glcore.so.580.173.02)
   n1: 162000 0x654403F: ??? (in /usr/lib/x86_64-linux-gnu/libnvidia-glcore.so.580.173.02)
    n1: 162000 0x5F4C308: ??? (in /usr/lib/x86_64-linux-gnu/libnvidia-glcore.so.580.173.02)
     n1: 162000 0x53D43A0: ??? (in /usr/lib/x86_64-linux-gnu/libGLX_nvidia.so.580.173.02)
      n1: 162000 0x53D44D7: ??? (in /usr/lib/x86_64-linux-gnu/libGLX_nvidia.so.580.173.02)
       n1: 162000 0x53FA5E4: ??? (in /usr/lib/x86_64-linux-gnu/libGLX_nvidia.so.580.173.02)
        n1: 162000 0x53FF9E7: ??? (in /usr/lib/x86_64-linux-gnu/libGLX_nvidia.so.580.173.02)
         n1: 162000 0x53F4045: glXCreateContextAttribsARB (in /usr/lib/x86_64-linux-gnu/libGLX_nvidia.so.580.173.02)
          n1: 162000 0x5367E02: ??? (in /usr/lib/x86_64-linux-gnu/libGLX.so.0.0.0)
           n1: 162000 0x3C0110: glutin::api::glx::last_glx_error (in /home/killpop/Рабочий стол/some/pathfinders/target/release/pathfinding_algorithms)
            n1: 162000 0x3C92F0: glutin::api::glx::context::<impl glutin::api::glx::display::Display>::create_context (in /home/killpop/Рабочий стол/some/pathfinders/target/release/pathfinding_algorithms)
             n1: 162000 0x3C80BD: <glutin::display::Display as glutin::display::GlDisplay>::create_context (in /home/killpop/Рабочий стол/some/pathfinders/target/release/pathfinding_algorithms)
              n1: 162000 0x29145D: glutin_window::GlutinWindow::from_raw (in /home/killpop/Рабочий стол/some/pathfinders/target/release/pathfinding_algorithms)
               n1: 162000 0x290C68: glutin_window::GlutinWindow::new (in /home/killpop/Рабочий стол/some/pathfinders/target/release/pathfinding_algorithms)
                n1: 162000 0x23C14A: <piston_window::prelude::PistonWindow<W> as window::BuildFromWindowSettings>::build_from_window_settings (in /home/killpop/Рабочий стол/some/pathfinders/target/release/pathfinding_algorithms)
                 n1: 162000 0x22E598: pathfinding_algorithms::main (in /home/killpop/Рабочий стол/some/pathfinders/target/release/pathfinding_algorithms)
                  n1: 162000 0x24E8E2: std::sys::backtrace::__rust_begin_short_backtrace (in /home/killpop/Рабочий стол/some/pathfinders/target/release/pathfinding_algorithms)
                   n1: 162000 0x23C5B8: std::rt::lang_start::{{closure}} (in /home/killpop/Рабочий стол/some/pathfinders/target/release/pathfinding_algorithms)
                    n1: 162000 0x44BFC3: std::rt::lang_start_internal (in /home/killpop/Рабочий стол/some/pathfinders/target/release/pathfinding_algorithms)
                     n0: 162000 0x236444: main (in /home/killpop/Рабочий стол/some/pathfinders/target/release/pathfinding_algorithms)
 n9: 2845478 0x5F5247D: ??? (in /usr/lib/x86_64-linux-gnu/libnvidia-glcore.so.580.173.02)
  n1: 825080 0x5F958BA: ??? (in /usr/lib/x86_64-linux-gnu/libnvidia-glcore.so.580.173.02)
   n1: 825080 0x5F96561: ??? (in /usr/lib/x86_64-linux-gnu/libnvidia-glcore.so.580.173.02)
    n1: 825080 0x5F80DCB: ??? (in /usr/lib/x86_64-linux-gnu/libnvidia-glcore.so.580.173.02)
     n1: 825080 0x5F3A8EB: ??? (in /usr/lib/x86_64-linux-gnu/libnvidia-glcore.so.580.173.02)
      n1: 825080 0x53D344F: ??? (in /usr/lib/x86_64-linux-gnu/libGLX_nvidia.so.580.173.02)
       n1: 825080 0x54010E9: ??? (in /usr/lib/x86_64-linux-gnu/libGLX_nvidia.so.580.173.02)
        n1: 825080 0x53605B1: ??? (in /usr/lib/x86_64-linux-gnu/libGLX.so.0.0.0)
         n1: 825080 0x53629A1: ??? (in /usr/lib/x86_64-linux-gnu/libGLX.so.0.0.0)
          n1: 825080 0x53675E4: ??? (in /usr/lib/x86_64-linux-gnu/libGLX.so.0.0.0)
           n1: 825080 0x2BF65D: glutin::api::glx::last_glx_error (in /home/killpop/Рабочий стол/some/pathfinders/target/release/pathfinding_algorithms)
            n1: 825080 0x27BBB5: <glutin::context::NotCurrentContext as glutin::context::NotCurrentGlContextSurfaceAccessor<T>>::make_current (in /home/killpop/Рабочий стол/some/pathfinders/target/release/pathfinding_algorithms)
             n1: 825080 0x291765: glutin_window::GlutinWindow::from_raw (in /home/killpop/Рабочий стол/some/pathfinders/target/release/pathfinding_algorithms)
              n1: 825080 0x290C68: glutin_window::GlutinWindow::new (in /home/killpop/Рабочий стол/some/pathfinders/target/release/pathfinding_algorithms)
               n1: 825080 0x23C14A: <piston_window::prelude::PistonWindow<W> as window::BuildFromWindowSettings>::build_from_window_settings (in /home/killpop/Рабочий стол/some/pathfinders/target/release/pathfinding_algorithms)
                n1: 825080 0x22E598: pathfinding_algorithms::main (in /home/killpop/Рабочий стол/some/pathfinders/target/release/pathfinding_algorithms)
                 n1: 825080 0x24E8E2: std::sys::backtrace::__rust_begin_short_backtrace (in /home/killpop/Рабочий стол/some/pathfinders/target/release/pathfinding_algorithms)
                  n1: 825080 0x23C5B8: std::rt::lang_start::{{closure}} (in /home/killpop/Рабочий стол/some/pathfinders/target/release/pathfinding_algorithms)
                   n1: 825080 0x44BFC3: std::rt::lang_start_internal (in /home/killpop/Рабочий стол/some/pathfinders/target/release/pathfinding_algorithms)
                    n0: 825080 0x236444: main (in /home/killpop/Рабочий стол/some/pathfinders/target/release/pathfinding_algorithms)
  n0: 781351 in 116 places, all below massif's threshold (1.00%)
  n1: 307311 0x5C75DBB: ??? (in /usr/lib/x86_64-linux-gnu/libnvidia-glcore.so.580.173.02)
   n1: 307311 0x53FAEBF: ??? (in /usr/lib/x86_64-linux-gnu/libGLX_nvidia.so.580.173.02)
    n1: 307311 0x5403FDB: ??? (in /usr/lib/x86_64-linux-gnu/libGLX_nvidia.so.580.173.02)
     n1: 307311 0x53D0A5A: ??? (in /usr/lib/x86_64-linux-gnu/libGLX_nvidia.so.580.173.02)
      n1: 307311 0x542C401: ??? (in /usr/lib/x86_64-linux-gnu/libGLX_nvidia.so.580.173.02)
       n1: 307311 0x53D0012: ??? (in /usr/lib/x86_64-linux-gnu/libGLX_nvidia.so.580.173.02)
        n1: 307311 0x4005823: call_init (dl-init.c:120)
         n1: 307311 0x4005823: _dl_init (dl-init.c:121)
          n1: 307311 0x40015B1: _dl_catch_exception (dl-catch.c:211)
           n1: 307311 0x400CD7B: dl_open_worker (dl-open.c:829)
            n1: 307311 0x400CD7B: dl_open_worker (dl-open.c:792)
             n1: 307311 0x400151B: _dl_catch_exception (dl-catch.c:237)
              n1: 307311 0x400D163: _dl_open (dl-open.c:905)
               n1: 307311 0x4A22283: dlopen_doit (dlopen.c:56)
                n1: 307311 0x400151B: _dl_catch_exception (dl-catch.c:237)
                 n1: 307311 0x4001668: _dl_catch_error (dl-catch.c:256)
                  n1: 307311 0x4A21D62: _dlerror_run (dlerror.c:138)
                   n1: 307311 0x4A2233E: dlopen_implementation (dlopen.c:71)
                    n1: 307311 0x4A2233E: dlopen@@GLIBC_2.34 (dlopen.c:81)
                     n1: 307311 0x536530A: ??? (in /usr/lib/x86_64-linux-gnu/libGLX.so.0.0.0)
                      n1: 307311 0x5367BAC: ??? (in /usr/lib/x86_64-linux-gnu/libGLX.so.0.0.0)
                       n1: 307311 0x53683B5: glXGetClientString (in /usr/lib/x86_64-linux-gnu/libGLX.so.0.0.0)
                        n1: 307311 0x3C956E: glutin::api::glx::display::Display::new (in /home/killpop/Рабочий стол/some/pathfinders/target/release/pathfinding_algorithms)
                         n1: 307311 0x3C7D97: glutin::display::Display::new (in /home/killpop/Рабочий стол/some/pathfinders/target/release/pathfinding_algorithms)
                          n1: 307311 0x27BED9: glutin_winit::DisplayBuilder::build (in /home/killpop/Рабочий стол/some/pathfinders/target/release/pathfinding_algorithms)
                           n1: 307311 0x290F37: glutin_window::GlutinWindow::from_raw (in /home/killpop/Рабочий стол/some/pathfinders/target/release/pathfinding_algorithms)
                            n1: 307311 0x290C68: glutin_window::GlutinWindow::new (in /home/killpop/Рабочий стол/some/pathfinders/target/release/pathfinding_algorithms)
                             n1: 307311 0x23C14A: <piston_window::prelude::PistonWindow<W> as window::BuildFromWindowSettings>::build_from_window_settings (in /home/killpop/Рабочий стол/some/pathfinders/target/release/pathfinding_algorithms)
                              n1: 307311 0x22E598: pathfinding_algorithms::main (in /home/killpop/Рабочий стол/some/pathfinders/target/release/pathfinding_algorithms)
                               n1: 307311 0x24E8E2: std::sys::backtrace::__rust_begin_short_backtrace (in /home/killpop/Рабочий стол/some/pathfinders/target/release/pathfinding_algorithms)
                                n1: 307311 0x23C5B8: std::rt::lang_start::{{closure}} (in /home/killpop/Рабочий стол/some/pathfinders/target/release/pathfinding_algorithms)
                                 n0: 307311 0x44BFC3: std::rt::lang_start_internal (in /home/killpop/Рабочий стол/some/pathfinders/target/release/pathfinding_algorithms)
  n1: 171760 0x5F6FCFE: ??? (in /usr/lib/x86_64-linux-gnu/libnvidia-glcore.so.580.173.02)
   n1: 171760 0x5F81285: ??? (in /usr/lib/x86_64-linux-gnu/libnvidia-glcore.so.580.173.02)
    n1: 171760 0x5F3A8EB: ??? (in /usr/lib/x86_64-linux-gnu/libnvidia-glcore.so.580.173.02)
     n1: 171760 0x53D344F: ??? (in /usr/lib/x86_64-linux-gnu/libGLX_nvidia.so.580.173.02)
      n1: 171760 0x54010E9: ??? (in /usr/lib/x86_64-linux-gnu/libGLX_nvidia.so.580.173.02)
       n1: 171760 0x53605B1: ??? (in /usr/lib/x86_64-linux-gnu/libGLX.so.0.0.0)
        n1: 171760 0x53629A1: ??? (in /usr/lib/x86_64-linux-gnu/libGLX.so.0.0.0)
         n1: 171760 0x53675E4: ??? (in /usr/lib/x86_64-linux-gnu/libGLX.so.0.0.0)
          n1: 171760 0x2BF65D: glutin::api::glx::last_glx_error (in /home/killpop/Рабочий стол/some/pathfinders/target/release/pathfinding_algorithms)
           n1: 171760 0x27BBB5: <glutin::context::NotCurrentContext as glutin::context::NotCurrentGlContextSurfaceAccessor<T>>::make_current (in /home/killpop/Рабочий стол/some/pathfinders/target/release/pathfinding_algorithms)
            n1: 171760 0x291765: glutin_window::GlutinWindow::from_raw (in /home/killpop/Рабочий стол/some/pathfinders/target/release/pathfinding_algorithms)
             n1: 171760 0x290C68: glutin_window::GlutinWindow::new (in /home/killpop/Рабочий стол/some/pathfinders/target/release/pathfinding_algorithms)
              n1: 171760 0x23C14A: <piston_window::prelude::PistonWindow<W> as window::BuildFromWindowSettings>::build_from_window_settings (in /home/killpop/Рабочий стол/some/pathfinders/target/release/pathfinding_algorithms)
               n1: 171760 0x22E598: pathfinding_algorithms::main (in /home/killpop/Рабочий стол/some/pathfinders/target/release/pathfinding_algorithms)
                n1: 171760 0x24E8E2: std::sys::backtrace::__rust_begin_short_backtrace (in /home/killpop/Рабочий стол/some/pathfinders/target/release/pathfinding_algorithms)
                 n1: 171760 0x23C5B8: std::rt::lang_start::{{closure}} (in /home/killpop/Рабочий стол/some/pathfinders/target/release/pathfinding_algorithms)
                  n1: 171760 0x44BFC3: std::rt::lang_start_internal (in /home/killpop/Рабочий стол/some/pathfinders/target/release/pathfinding_algorithms)
                   n0: 171760 0x236444: main (in /home/killpop/Рабочий стол/some/pathfinders/target/release/pathfinding_algorithms)
  n1: 167504 0x53D4323: ??? (in /usr/lib/x86_64-linux-gnu/libGLX_nvidia.so.580.173.02)
   n1: 167504 0x53D44D7: ??? (in /usr/lib/x86_64-linux-gnu/libGLX_nvidia.so.580.173.02)
    n1: 167504 0x53FA5E4: ??? (in /usr/lib/x86_64-linux-gnu/libGLX_nvidia.so.580.173.02)
     n1: 167504 0x53FF9E7: ??? (in /usr/lib/x86_64-linux-gnu/libGLX_nvidia.so.580.173.02)
      n1: 167504 0x53F4045: glXCreateContextAttribsARB (in /usr/lib/x86_64-linux-gnu/libGLX_nvidia.so.580.173.02)
       n1: 167504 0x5367E02: ??? (in /usr/lib/x86_64-linux-gnu/libGLX.so.0.0.0)
        n1: 167504 0x3C0110: glutin::api::glx::last_glx_error (in /home/killpop/Рабочий стол/some/pathfinders/target/release/pathfinding_algorithms)
         n1: 167504 0x3C92F0: glutin::api::glx::context::<impl glutin::api::glx::display::Display>::create_context (in /home/killpop/Рабочий стол/some/pathfinders/target/release/pathfinding_algorithms)
          n1: 167504 0x3C80BD: <glutin::display::Display as glutin::display::GlDisplay>::create_context (in /home/killpop/Рабочий стол/some/pathfinders/target/release/pathfinding_algorithms)
           n1: 167504 0x29145D: glutin_window::GlutinWindow::from_raw (in /home/killpop/Рабочий стол/some/pathfinders/target/release/pathfinding_algorithms)
            n1: 167504 0x290C68: glutin_window::GlutinWindow::new (in /home/killpop/Рабочий стол/some/pathfinders/target/release/pathfinding_algorithms)
             n1: 167504 0x23C14A: <piston_window::prelude::PistonWindow<W> as window::BuildFromWindowSettings>::build_from_window_settings (in /home/killpop/Рабочий стол/some/pathfinders/target/release/pathfinding_algorithms)
              n1: 167504 0x22E598: pathfinding_algorithms::main (in /home/killpop/Рабочий стол/some/pathfinders/target/release/pathfinding_algorithms)
               n1: 167504 0x24E8E2: std::sys::backtrace::__rust_begin_short_backtrace (in /home/killpop/Рабочий стол/some/pathfinders/target/release/pathfinding_algorithms)
                n1: 167504 0x23C5B8: std::rt::lang_start::{{closure}} (in /home/killpop/Рабочий стол/some/pathfinders/target/release/pathfinding_algorithms)
                 n1: 167504 0x44BFC3: std::rt::lang_start_internal (in /home/killpop/Рабочий стол/some/pathfinders/target/release/pathfinding_algorithms)
                  n0: 167504 0x236444: main (in /home/killpop/Рабочий стол/some/pathfinders/target/release/pathfinding_algorithms)
  n1: 163840 0x5FC2EB6: ??? (in /usr/lib/x86_64-linux-gnu/libnvidia-glcore.so.580.173.02)
   n1: 163840 0x5F95B81: ??? (in /usr/lib/x86_64-linux-gnu/libnvidia-glcore.so.580.173.02)
    n1: 163840 0x5F96561: ??? (in /usr/lib/x86_64-linux-gnu/libnvidia-glcore.so.580.173.02)
     n1: 163840 0x5F80DCB: ??? (in /usr/lib/x86_64-linux-gnu/libnvidia-glcore.so.580.173.02)
      n1: 163840 0x5F3A8EB: ??? (in /usr/lib/x86_64-linux-gnu/libnvidia-glcore.so.580.173.02)
       n1: 163840 0x53D344F: ??? (in /usr/lib/x86_64-linux-gnu/libGLX_nvidia.so.580.173.02)
        n1: 163840 0x54010E9: ??? (in /usr/lib/x86_64-linux-gnu/libGLX_nvidia.so.580.173.02)
         n1: 163840 0x53605B1: ??? (in /usr/lib/x86_64-linux-gnu/libGLX.so.0.0.0)
          n1: 163840 0x53629A1: ??? (in /usr/lib/x86_64-linux-gnu/libGLX.so.0.0.0)
           n1: 163840 0x53675E4: ??? (in /usr/lib/x86_64-linux-gnu/libGLX.so.0.0.0)
            n1: 163840 0x2BF65D: glutin::api::glx::last_glx_error (in /home/killpop/Рабочий стол/some/pathfinders/target/release/pathfinding_algorithms)
             n1: 163840 0x27BBB5: <glutin::context::NotCurrentContext as glutin::context::NotCurrentGlContextSurfaceAccessor<T>>::make_current (in /home/killpop/Рабочий стол/some/pathfinders/target/release/pathfinding_algorithms)
              n1: 163840 0x291765: glutin_window::GlutinWindow::from_raw (in /home/killpop/Рабочий стол/some/pathfinders/target/release/pathfinding_algorithms)
               n1: 163840 0x290C68: glutin_window::GlutinWindow::new (in /home/killpop/Рабочий стол/some/pathfinders/target/release/pathfinding_algorithms)
                n1: 163840 0x23C14A: <piston_window::prelude::PistonWindow<W> as window::BuildFromWindowSettings>::build_from_window_settings (in /home/killpop/Рабочий стол/some/pathfinders/target/release/pathfinding_algorithms)
                 n1: 163840 0x22E598: pathfinding_algorithms::main (in /home/killpop/Рабочий стол/some/pathfinders/target/release/pathfinding_algorithms)
                  n1: 163840 0x24E8E2: std::sys::backtrace::__rust_begin_short_backtrace (in /home/killpop/Рабочий стол/some/pathfinders/target/release/pathfinding_algorithms)
                   n1: 163840 0x23C5B8: std::rt::lang_start::{{closure}} (in /home/killpop/Рабочий стол/some/pathfinders/target/release/pathfinding_algorithms)
                    n1: 163840 0x44BFC3: std::rt::lang_start_internal (in /home/killpop/Рабочий стол/some/pathfinders/target/release/pathfinding_algorithms)
                     n0: 163840 0x236444: main (in /home/killpop/Рабочий стол/some/pathfinders/target/release/pathfinding_algorithms)
  n1: 154512 0x5F95879: ??? (in /usr/lib/x86_64-linux-gnu/libnvidia-glcore.so.580.173.02)
   n1: 154512 0x5F96561: ??? (in /usr/lib/x86_64-linux-gnu/libnvidia-glcore.so.580.173.02)
    n1: 154512 0x5F80DCB: ??? (in /usr/lib/x86_64-linux-gnu/libnvidia-glcore.so.580.173.02)
     n1: 154512 0x5F3A8EB: ??? (in /usr/lib/x86_64-linux-gnu/libnvidia-glcore.so.580.173.02)
      n1: 154512 0x53D344F: ??? (in /usr/lib/x86_64-linux-gnu/libGLX_nvidia.so.580.173.02)
       n1: 154512 0x54010E9: ??? (in /usr/lib/x86_64-linux-gnu/libGLX_nvidia.so.580.173.02)
        n1: 154512 0x53605B1: ??? (in /usr/lib/x86_64-linux-gnu/libGLX.so.0.0.0)
         n1: 154512 0x53629A1: ??? (in /usr/lib/x86_64-linux-gnu/libGLX.so.0.0.0)
          n1: 154512 0x53675E4: ??? (in /usr/lib/x86_64-linux-gnu/libGLX.so.0.0.0)
           n1: 154512 0x2BF65D: glutin::api::glx::last_glx_error (in /home/killpop/Рабочий стол/some/pathfinders/target/release/pathfinding_algorithms)
            n1: 154512 0x27BBB5: <glutin::context::NotCurrentContext as glutin::context::NotCurrentGlContextSurfaceAccessor<T>>::make_current (in /home/killpop/Рабочий стол/some/pathfinders/target/release/pathfinding_algorithms)
             n1: 154512 0x291765: glutin_window::GlutinWindow::from_raw (in /home/killpop/Рабочий стол/some/pathfinders/target/release/pathfinding_algorithms)
              n1: 154512 0x290C68: glutin_window::GlutinWindow::new (in /home/killpop/Рабочий стол/some/pathfinders/target/release/pathfinding_algorithms)
               n1: 154512 0x23C14A: <piston_window::prelude::PistonWindow<W> as window::BuildFromWindowSettings>::build_from_window_settings (in /home/killpop/Рабочий стол/some/pathfinders/target/release/pathfinding_algorithms)
                n1: 154512 0x22E598: pathfinding_algorithms::main (in /home/killpop/Рабочий стол/some/pathfinders/target/release/pathfinding_algorithms)
                 n1: 154512 0x24E8E2: std::sys::backtrace::__rust_begin_short_backtrace (in /home/killpop/Рабочий стол/some/pathfinders/target/release/pathfinding_algorithms)
                  n1: 154512 0x23C5B8: std::rt::lang_start::{{closure}} (in /home/killpop/Рабочий стол/some/pathfinders/target/release/pathfinding_algorithms)
                   n1: 154512 0x44BFC3: std::rt::lang_start_internal (in /home/killpop/Рабочий стол/some/pathfinders/target/release/pathfinding_algorithms)
                    n0: 154512 0x236444: main (in /home/killpop/Рабочий стол/some/pathfinders/target/release/pathfinding_algorithms)
  n1: 150472 0x5F3836F: ??? (in /usr/lib/x86_64-linux-gnu/libnvidia-glcore.so.580.173.02)
   n1: 150472 0x5F4C655: ??? (in /usr/lib/x86_64-linux-gnu/libnvidia-glcore.so.580.173.02)
    n1: 150472 0x53D43A0: ??? (in /usr/lib/x86_64-linux-gnu/libGLX_nvidia.so.580.173.02)
     n1: 150472 0x53D44D7: ??? (in /usr/lib/x86_64-linux-gnu/libGLX_nvidia.so.580.173.02)
      n1: 150472 0x53FA5E4: ??? (in /usr/lib/x86_64-linux-gnu/libGLX_nvidia.so.580.173.02)
       n1: 150472 0x53FF9E7: ??? (in /usr/lib/x86_64-linux-gnu/libGLX_nvidia.so.580.173.02)
        n1: 150472 0x53F4045: glXCreateContextAttribsARB (in /usr/lib/x86_64-linux-gnu/libGLX_nvidia.so.580.173.02)
         n1: 150472 0x5367E02: ??? (in /usr/lib/x86_64-linux-gnu/libGLX.so.0.0.0)
          n1: 150472 0x3C0110: glutin::api::glx::last_glx_error (in /home/killpop/Рабочий стол/some/pathfinders/target/release/pathfinding_algorithms)
           n1: 150472 0x3C92F0: glutin::api::glx::context::<impl glutin::api::glx::display::Display>::create_context (in /home/killpop/Рабочий стол/some/pathfinders/target/release/pathfinding_algorithms)
            n1: 150472 0x3C80BD: <glutin::display::Display as glutin::display::GlDisplay>::create_context (in /home/killpop/Рабочий стол/some/pathfinders/target/release/pathfinding_algorithms)
             n1: 150472 0x29145D: glutin_window::GlutinWindow::from_raw (in /home/killpop/Рабочий стол/some/pathfinders/target/release/pathfinding_algorithms)
              n1: 150472 0x290C68: glutin_window::GlutinWindow::new (in /home/killpop/Рабочий стол/some/pathfinders/target/release/pathfinding_algorithms)
               n1: 150472 0x23C14A: <piston_window::prelude::PistonWindow<W> as window::BuildFromWindowSettings>::build_from_window_settings (in /home/killpop/Рабочий стол/some/pathfinders/target/release/pathfinding_algorithms)
                n1: 150472 0x22E598: pathfinding_algorithms::main (in /home/killpop/Рабочий стол/some/pathfinders/target/release/pathfinding_algorithms)
                 n1: 150472 0x24E8E2: std::sys::backtrace::__rust_begin_short_backtrace (in /home/killpop/Рабочий стол/some/pathfinders/target/release/pathfinding_algorithms)
                  n1: 150472 0x23C5B8: std::rt::lang_start::{{closure}} (in /home/killpop/Рабочий стол/some/pathfinders/target/release/pathfinding_algorithms)
                   n1: 150472 0x44BFC3: std::rt::lang_start_internal (in /home/killpop/Рабочий стол/some/pathfinders/target/release/pathfinding_algorithms)
                    n0: 150472 0x236444: main (in /home/killpop/Рабочий стол/some/pathfinders/target/release/pathfinding_algorithms)
  n1: 123648 0x65CBF3F: ??? (in /usr/lib/x86_64-linux-gnu/libnvidia-glcore.so.580.173.02)
   n0: 123648 in 8 places, all below massif's threshold (1.00%)
 n3: 1881728 0x41A83E: alloc::raw_vec::RawVecInner<A>::finish_grow (in /home/killpop/Рабочий стол/some/pathfinders/target/release/pathfinding_algorithms)
  n3: 1697600 0x41A8F3: alloc::raw_vec::RawVecInner<A>::reserve::do_reserve_and_handle (in /home/killpop/Рабочий стол/some/pathfinders/target/release/pathfinding_algorithms)
   n1: 1310720 0x408A94: <gfx_device_gl::command::CommandBuffer as gfx_core::command::Buffer<gfx_device_gl::Resources>>::set_ref_values (in /home/killpop/Рабочий стол/some/pathfinders/target/release/pathfinding_algorithms)
    n1: 1310720 0x2504DC: gfx::encoder::Encoder<R,C>::draw (in /home/killpop/Рабочий стол/some/pathfinders/target/release/pathfinding_algorithms)
     n1: 1310720 0x22C9E7: <gfx_graphics::back_end::GfxGraphics<R,C> as graphics::graphics::Graphics>::tri_list_uv (in /home/killpop/Рабочий стол/some/pathfinders/target/release/pathfinding_algorithms)
      n1: 1310720 0x252733: graphics::image::Image::draw_tri (in /home/killpop/Рабочий стол/some/pathfinders/target/release/pathfinding_algorithms)
       n2: 1310720 0x23BD6F: graphics::text::Text::draw (in /home/killpop/Рабочий стол/some/pathfinders/target/release/pathfinding_algorithms)
        n1: 1310720 0x2449C3: pathfinding_algorithms::app::App::render (in /home/killpop/Рабочий стол/some/pathfinders/target/release/pathfinding_algorithms)
         n1: 1310720 0x242457: pathfinding_algorithms::menu::AppMenu::render (in /home/killpop/Рабочий стол/some/pathfinders/target/release/pathfinding_algorithms)
          n1: 1310720 0x22AA7C: gfx_graphics::back_end::Gfx2d<R>::draw (in /home/killpop/Рабочий стол/some/pathfinders/target/release/pathfinding_algorithms)
           n1: 1310720 0x22E9E5: pathfinding_algorithms::main (in /home/killpop/Рабочий стол/some/pathfinders/target/release/pathfinding_algorithms)
            n1: 1310720 0x24E8E2: std::sys::backtrace::__rust_begin_short_backtrace (in /home/killpop/Рабочий стол/some/pathfinders/target/release/pathfinding_algorithms)
             n1: 1310720 0x23C5B8: std::rt::lang_start::{{closure}} (in /home/killpop/Рабочий стол/some/pathfinders/target/release/pathfinding_algorithms)
              n1: 1310720 0x44BFC3: std::rt::lang_start_internal (in /home/killpop/Рабочий стол/some/pathfinders/target/release/pathfinding_algorithms)
               n0: 1310720 0x236444: main (in /home/killpop/Рабочий стол/some/pathfinders/target/release/pathfinding_algorithms)
        n0: 0 in 1 place, below massif's threshold (1.00%)
   n2: 196608 0x408958: <gfx_device_gl::command::CommandBuffer as gfx_core::command::Buffer<gfx_device_gl::Resources>>::update_buffer (in /home/killpop/Рабочий стол/some/pathfinders/target/release/pathfinding_algorithms)
    n2: 196608 0x24F95F: gfx::encoder::Encoder<R,C>::update_buffer (in /home/killpop/Рабочий стол/some/pathfinders/target/release/pathfinding_algorithms)
     n1: 196608 0x22D265: <gfx_graphics::back_end::GfxGraphics<R,C> as graphics::graphics::Graphics>::tri_list (in /home/killpop/Рабочий стол/some/pathfinders/target/release/pathfinding_algorithms)
      n1: 196608 0x24C862: graphics::rectangle::Rectangle::draw_tri (in /home/killpop/Рабочий стол/some/pathfinders/target/release/pathfinding_algorithms)
       n1: 196608 0x2447BA: pathfinding_algorithms::app::App::render (in /home/killpop/Рабочий стол/some/pathfinders/target/release/pathfinding_algorithms)
        n1: 196608 0x242457: pathfinding_algorithms::menu::AppMenu::render (in /home/killpop/Рабочий стол/some/pathfinders/target/release/pathfinding_algorithms)
         n1: 196608 0x22AA7C: gfx_graphics::back_end::Gfx2d<R>::draw (in /home/killpop/Рабочий стол/some/pathfinders/target/release/pathfinding_algorithms)
          n1: 196608 0x22E9E5: pathfinding_algorithms::main (in /home/killpop/Рабочий стол/some/pathfinders/target/release/pathfinding_algorithms)
           n1: 196608 0x24E8E2: std::sys::backtrace::__rust_begin_short_backtrace (in /home/killpop/Рабочий стол/some/pathfinders/target/release/pathfinding_algorithms)
            n1: 196608 0x23C5B8: std::rt::lang_start::{{closure}} (in /home/killpop/Рабочий стол/some/pathfinders/target/release/pathfinding_algorithms)
             n1: 196608 0x44BFC3: std::rt::lang_start_internal (in /home/killpop/Рабочий стол/some/pathfinders/target/release/pathfinding_algorithms)
              n0: 196608 0x236444: main (in /home/killpop/Рабочий стол/some/pathfinders/target/release/pathfinding_algorithms)
     n0: 0 in 1 place, below massif's threshold (1.00%)
    n0: 0 in 2 places, all below massif's threshold (1.00%)
   n0: 190272 in 11 places, all below massif's threshold (1.00%)
  n1: 181568 0x41A659: alloc::raw_vec::RawVec<T,A>::grow_one (in /home/killpop/Рабочий стол/some/pathfinders/target/release/pathfinding_algorithms)
   n0: 181568 in 16 places, all below massif's threshold (1.00%)
  n0: 2560 in 1 place, below massif's threshold (1.00%)
 n0: 1043330 in 441 places, all below massif's threshold (1.00%)
 n1: 241664 0x52D64D7: ??? (in /usr/lib/x86_64-linux-gnu/libGLdispatch.so.0.0.0)
  n1: 241664 0x52D6C11: ??? (in /usr/lib/x86_64-linux-gnu/libGLdispatch.so.0.0.0)
   n1: 241664 0x52D6E68: __glDispatchMakeCurrent (in /usr/lib/x86_64-linux-gnu/libGLdispatch.so.0.0.0)
    n1: 241664 0x5362923: ??? (in /usr/lib/x86_64-linux-gnu/libGLX.so.0.0.0)
     n1: 241664 0x53675E4: ??? (in /usr/lib/x86_64-linux-gnu/libGLX.so.0.0.0)
      n1: 241664 0x2BF65D: glutin::api::glx::last_glx_error (in /home/killpop/Рабочий стол/some/pathfinders/target/release/pathfinding_algorithms)
       n1: 241664 0x27BBB5: <glutin::context::NotCurrentContext as glutin::context::NotCurrentGlContextSurfaceAccessor<T>>::make_current (in /home/killpop/Рабочий стол/some/pathfinders/target/release/pathfinding_algorithms)
        n1: 241664 0x291765: glutin_window::GlutinWindow::from_raw (in /home/killpop/Рабочий стол/some/pathfinders/target/release/pathfinding_algorithms)
         n1: 241664 0x290C68: glutin_window::GlutinWindow::new (in /home/killpop/Рабочий стол/some/pathfinders/target/release/pathfinding_algorithms)
          n1: 241664 0x23C14A: <piston_window::prelude::PistonWindow<W> as window::BuildFromWindowSettings>::build_from_window_settings (in /home/killpop/Рабочий стол/some/pathfinders/target/release/pathfinding_algorithms)
           n1: 241664 0x22E598: pathfinding_algorithms::main (in /home/killpop/Рабочий стол/some/pathfinders/target/release/pathfinding_algorithms)
            n1: 241664 0x24E8E2: std::sys::backtrace::__rust_begin_short_backtrace (in /home/killpop/Рабочий стол/some/pathfinders/target/release/pathfinding_algorithms)
             n1: 241664 0x23C5B8: std::rt::lang_start::{{closure}} (in /home/killpop/Рабочий стол/some/pathfinders/target/release/pathfinding_algorithms)
              n1: 241664 0x44BFC3: std::rt::lang_start_internal (in /home/killpop/Рабочий стол/some/pathfinders/target/release/pathfinding_algorithms)
               n0: 241664 0x236444: main (in /home/killpop/Рабочий стол/some/pathfinders/target/release/pathfinding_algorithms)
 n1: 149594 0x9B5EE4D: ??? (in /usr/lib/x86_64-linux-gnu/libnvidia-gpucomp.so.580.173.02)
  n1: 149594 0x9B0E478: ??? (in /usr/lib/x86_64-linux-gnu/libnvidia-gpucomp.so.580.173.02)
   n1: 149594 0x82C24BF: ??? (in /usr/lib/x86_64-linux-gnu/libnvidia-gpucomp.so.580.173.02)
    n0: 149594 in 58 places, all below massif's threshold (1.00%)
#-----------
snapshot=56
#-----------
time=7654740078
mem_heap_B=11356949
mem_heap_extra_B=126931
mem_stacks_B=0
heap_tree=empty
#-----------
snapshot=57
#-----------
time=7749213454
mem_heap_B=11356949
mem_heap_extra_B=126931
mem_stacks_B=0
heap_tree=empty
#-----------
snapshot=58
#-----------
time=7843700476
mem_heap_B=11356949
mem_heap_extra_B=126931
mem_stacks_B=0
heap_tree=empty
#-----------
snapshot=59
#-----------
time=7938182992
mem_heap_B=11359205
mem_heap_extra_B=126939
mem_stacks_B=0
heap_tree=empty
#-----------
snapshot=60
#-----------
time=8032663549
mem_heap_B=11359205
mem_heap_extra_B=126939
mem_stacks_B=0
heap_tree=empty
#-----------
snapshot=61
#-----------
time=8127138704
mem_heap_B=11359205
mem_heap_extra_B=126939
mem_stacks_B=0
heap_tree=empty
#-----------
snapshot=62
#-----------
time=8221613471
mem_heap_B=11358997
mem_heap_extra_B=126931
mem_stacks_B=0
heap_tree=empty
#-----------
snapshot=63
#-----------
time=8316100232
mem_heap_B=11358997
mem_heap_extra_B=126931
mem_stacks_B=0
heap_tree=empty
#-----------
snapshot=64
#-----------
time=8410581108
mem_heap_B=11358997
mem_heap_extra_B=126931
mem_stacks_B=0
heap_tree=empty
#-----------
snapshot=65
#-----------
time=8505056893
mem_heap_B=11359205
mem_heap_extra_B=126939
mem_stacks_B=0
heap_tree=detailed
n6: 11359205 (heap allocation functions) malloc/new/new[], --alloc-fns, etc.
 n6: 5195363 0x5F521C1: ??? (in /usr/lib/x86_64-linux-gnu/libnvidia-glcore.so.580.173.02)
  n2: 2463597 0x5C76E4A: ??? (in /usr/lib/x86_64-linux-gnu/libnvidia-glcore.so.580.173.02)
   n1: 2463597 0x5C5A175: ??? (in /usr/lib/x86_64-linux-gnu/libnvidia-glcore.so.580.173.02)
    n1: 2463597 0x5C5EF6F: ??? (in /usr/lib/x86_64-linux-gnu/libnvidia-glcore.so.580.173.02)
     n1: 2463597 0x41683E: gfx_device_gl::factory::Factory::init_buffer (in /home/killpop/Рабочий стол/some/pathfinders/target/release/pathfinding_algorithms)
      n3: 2463597 0x415AD0: <gfx_device_gl::factory::Factory as gfx_core::factory::Factory<gfx_device_gl::Resources>>::create_buffer_raw (in /home/killpop/Рабочий стол/some/pathfinders/target/release/pathfinding_algorithms)
       n1: 1636871 0x227240: gfx_graphics::back_end::Gfx2d<R>::new (in /home/killpop/Рабочий стол/some/pathfinders/target/release/pathfinding_algorithms)
        n1: 1636871 0x23C30D: <piston_window::prelude::PistonWindow<W> as window::BuildFromWindowSettings>::build_from_window_settings (in /home/killpop/Рабочий стол/some/pathfinders/target/release/pathfinding_algorithms)
         n1: 1636871 0x22E598: pathfinding_algorithms::main (in /home/killpop/Рабочий стол/some/pathfinders/target/release/pathfinding_algorithms)
          n1: 1636871 0x24E8E2: std::sys::backtrace::__rust_begin_short_backtrace (in /home/killpop/Рабочий стол/some/pathfinders/target/release/pathfinding_algorithms)
           n1: 1636871 0x23C5B8: std::rt::lang_start::{{closure}} (in /home/killpop/Рабочий стол/some/pathfinders/target/release/pathfinding_algorithms)
            n1: 1636871 0x44BFC3: std::rt::lang_start_internal (in /home/killpop/Рабочий стол/some/pathfinders/target/release/pathfinding_algorithms)
             n0: 1636871 0x236444: main (in /home/killpop/Рабочий стол/some/pathfinders/target/release/pathfinding_algorithms)
       n1: 818471 0x2271DF: gfx_graphics::back_end::Gfx2d<R>::new (in /home/killpop/Рабочий стол/some/pathfinders/target/release/pathfinding_algorithms)
        n1: 818471 0x23C30D: <piston_window::prelude::PistonWindow<W> as window::BuildFromWindowSettings>::build_from_window_settings (in /home/killpop/Рабочий стол/some/pathfinders/target/release/pathfinding_algorithms)
         n1: 818471 0x22E598: pathfinding_algorithms::main (in /home/killpop/Рабочий стол/some/pathfinders/target/release/pathfinding_algorithms)
          n1: 818471 0x24E8E2: std::sys::backtrace::__rust_begin_short_backtrace (in /home/killpop/Рабочий стол/some/pathfinders/target/release/pathfinding_algorithms)
           n1: 818471 0x23C5B8: std::rt::lang_start::{{closure}} (in /home/killpop/Рабочий стол/some/pathfinders/target/release/pathfinding_algorithms)
            n1: 818471 0x44BFC3: std::rt::lang_start_internal (in /home/killpop/Рабочий стол/some/pathfinders/target/release/pathfinding_algorithms)
             n0: 818471 0x236444: main (in /home/killpop/Рабочий стол/some/pathfinders/target/release/pathfinding_algorithms)
       n0: 8255 in 1 place, below massif's threshold (1.00%)
   n0: 0 in 1 place, below massif's threshold (1.00%)
  n1: 1638400 0x5C0DD8F: ??? (in /usr/lib/x86_64-linux-gnu/libnvidia-glcore.so.580.173.02)
   n1: 1638400 0x5F88378: ??? (in /usr/lib/x86_64-linux-gnu/libnvidia-glcore.so.580.173.02)
    n1: 1638400 0x5F3A724: ??? (in /usr/lib/x86_64-linux-gnu/libnvidia-glcore.so.580.173.02)
     n1: 1638400 0x53D313F: ??? (in /usr/lib/x86_64-linux-gnu/libGLX_nvidia.so.580.173.02)
      n1: 1638400 0x53FA624: ??? (in /usr/lib/x86_64-linux-gnu/libGLX_nvidia.so.580.173.02)
       n1: 1638400 0x53FF9E7: ??? (in /usr/lib/x86_64-linux-gnu/libGLX_nvidia.so.580.173.02)
        n1: 1638400 0x53F4045: glXCreateContextAttribsARB (in /usr/lib/x86_64-linux-gnu/libGLX_nvidia.so.580.173.02)
         n1: 1638400 0x5367E02: ??? (in /usr/lib/x86_64-linux-gnu/libGLX.so.0.0.0)
          n1: 1638400 0x3C0110: glutin::api::glx::last_glx_error (in /home/killpop/Рабочий стол/some/pathfinders/target/release/pathfinding_algorithms)
           n1: 1638400 0x3C92F0: glutin::api::glx::context::<impl glutin::api::glx::display::Display>::create_context (in /home/killpop/Рабочий стол/some/pathfinders/target/release/pathfinding_algorithms)
            n1: 1638400 0x3C80BD: <glutin::display::Display as glutin::display::GlDisplay>::create_context (in /home/killpop/Рабочий стол/some/pathfinders/target/release/pathfinding_algorithms)
             n1: 1638400 0x29145D: glutin_window::GlutinWindow::from_raw (in /home/killpop/Рабочий стол/some/pathfinders/target/release/pathfinding_algorithms)
              n1: 1638400 0x290C68: glutin_window::GlutinWindow::new (in /home/killpop/Рабочий стол/some/pathfinders/target/release/pathfinding_algorithms)
               n1: 1638400 0x23C14A: <piston_window::prelude::PistonWindow<W> as window::BuildFromWindowSettings>::build_from_window_settings (in /home/killpop/Рабочий стол/some/pathfinders/target/release/pathfinding_algorithms)
                n1: 1638400 0x22E598: pathfinding_algorithms::main (in /home/killpop/Рабочий стол/some/pathfinders/target/release/pathfinding_algorithms)
                 n1: 1638400 0x24E8E2: std::sys::backtrace::__rust_begin_short_backtrace (in /home/killpop/Рабочий стол/some/pathfinders/target/release/pathfinding_algorithms)
                  n1: 1638400 0x23C5B8: std::rt::lang_start::{{closure}} (in /home/killpop/Рабочий стол/some/pathfinders/target/release/pathfinding_algorithms)
                   n1: 1638400 0x44BFC3: std::rt::lang_start_internal (in /home/killpop/Рабочий стол/some/pathfinders/target/release/pathfinding_algorithms)
                    n0: 1638400 0x236444: main (in /home/killpop/Рабочий стол/some/pathfinders/target/release/pathfinding_algorithms)
  n1: 385024 0x5FC30B3: ??? (in /usr/lib/x86_64-linux-gnu/libnvidia-glcore.so.580.173.02)
   n1: 385024 0x5F95B81: ??? (in /usr/lib/x86_64-linux-gnu/libnvidia-glcore.so.580.173.02)
    n1: 385024 0x5F96561: ??? (in /usr/lib/x86_64-linux-gnu/libnvidia-glcore.so.580.173.02)
     n1: 385024 0x5F80DCB: ??? (in /usr/lib/x86_64-linux-gnu/libnvidia-glcore.so.580.173.02)
      n1: 385024 0x5F3A8EB: ??? (in /usr/lib/x86_64-linux-gnu/libnvidia-glcore.so.580.173.02)
       n1: 385024 0x53D344F: ??? (in /usr/lib/x86_64-linux-gnu/libGLX_nvidia.so.580.173.02)
        n1: 385024 0x54010E9: ??? (in /usr/lib/x86_64-linux-gnu/libGLX_nvidia.so.580.173.02)
         n1: 385024 0x53605B1: ??? (in /usr/lib/x86_64-linux-gnu/libGLX.so.0.0.0)
          n1: 385024 0x53629A1: ??? (in /usr/lib/x86_64-linux-gnu/libGLX.so.0.0.0)
           n1: 385024 0x53675E4: ??? (in /usr/lib/x86_64-linux-gnu/libGLX.so.0.0.0)
            n1: 385024 0x2BF65D: glutin::api::glx::last_glx_error (in /home/killpop/Рабочий стол/some/pathfinders/target/release/pathfinding_algorithms)
             n1: 385024 0x27BBB5: <glutin::context::NotCurrentContext as glutin::context::NotCurrentGlContextSurfaceAccessor<T>>::make_current (in /home/killpop/Рабочий стол/some/pathfinders/target/release/pathfinding_algorithms)
              n1: 385024 0x291765: glutin_window::GlutinWindow::from_raw (in /home/killpop/Рабочий стол/some/pathfinders/target/release/pathfinding_algorithms)
               n1: 385024 0x290C68: glutin_window::GlutinWindow::new (in /home/killpop/Рабочий стол/some/pathfinders/target/release/pathfinding_algorithms)
                n1: 385024 0x23C14A: <piston_window::prelude::PistonWindow<W> as window::BuildFromWindowSettings>::build_from_window_settings (in /home/killpop/Рабочий стол/some/pathfinders/target/release/pathfinding_algorithms)
                 n1: 385024 0x22E598: pathfinding_algorithms::main (in /home/killpop/Рабочий стол/some/pathfinders/target/release/pathfinding_algorithms)
                  n1: 385024 0x24E8E2: std::sys::backtrace::__rust_begin_short_backtrace (in /home/killpop/Рабочий стол/some/pathfinders/target/release/pathfinding_algorithms)
                   n1: 385024 0x23C5B8: std::rt::lang_start::{{closure}} (in /home/killpop/Рабочий стол/some/pathfinders/target/release/pathfinding_algorithms)
                    n1: 385024 0x44BFC3: std::rt::lang_start_internal (in /home/killpop/Рабочий стол/some/pathfinders/target/release/pathfinding_algorithms)
                     n0: 385024 0x236444: main (in /home/killpop/Рабочий стол/some/pathfinders/target/release/pathfinding_algorithms)
  n0: 284210 in 225 places, all below massif's threshold (1.00%)
  n1: 262132 0x53FF724: ??? (in /usr/lib/x86_64-linux-gnu/libGLX_nvidia.so.580.173.02)
   n1: 262132 0x53F4045: glXCreateContextAttribsARB (in /usr/lib/x86_64-linux-gnu/libGLX_nvidia.so.580.173.02)
    n1: 262132 0x5367E02: ??? (in /usr/lib/x86_64-linux-gnu/libGLX.so.0.0.0)
     n1: 262132 0x3C0110: glutin::api::glx::last_glx_error (in /home/killpop/Рабочий стол/some/pathfinders/target/release/pathfinding_algorithms)
      n1: 262132 0x3C92F0: glutin::api::glx::context::<impl glutin::api::glx::display::Display>::create_context (in /home/killpop/Рабочий стол/some/pathfinders/target/release/pathfinding_algorithms)
       n1: 262132 0x3C80BD: <glutin::display::Display as glutin::display::GlDisplay>::create_context (in /home/killpop/Рабочий стол/some/pathfinders/target/release/pathfinding_algorithms)
        n1: 262132 0x29145D: glutin_window::GlutinWindow::from_raw (in /home/killpop/Рабочий стол/some/pathfinders/target/release/pathfinding_algorithms)
         n1: 262132 0x290C68: glutin_window::GlutinWindow::new (in /home/killpop/Рабочий стол/some/pathfinders/target/release/pathfinding_algorithms)
          n1: 262132 0x23C14A: <piston_window::prelude::PistonWindow<W> as window::BuildFromWindowSettings>::build_from_window_settings (in /home/killpop/Рабочий стол/some/pathfinders/target/release/pathfinding_algorithms)
           n1: 262132 0x22E598: pathfinding_algorithms::main (in /home/killpop/Рабочий стол/some/pathfinders/target/release/pathfinding_algorithms)
            n1: 262132 0x24E8E2: std::sys::backtrace::__rust_begin_short_backtrace (in /home/killpop/Рабочий стол/some/pathfinders/target/release/pathfinding_algorithms)
             n1: 262132 0x23C5B8: std::rt::lang_start::{{closure}} (in /home/killpop/Рабочий стол/some/pathfinders/target/release/pathfinding_algorithms)
              n1: 262132 0x44BFC3: std::rt::lang_start_internal (in /home/killpop/Рабочий стол/some/pathfinders/target/release/pathfinding_algorithms)
               n0: 262132 0x236444: main (in /home/killpop/Рабочий стол/some/pathfinders/target/release/pathfinding_algorithms)
  n1: 162000 0x653ADBC: ??? (in /usr/lib/x86_64-linux-gnu/libnvidia-glcore.so.580.173.02)
   n1: 162000 0x654403F: ??? (in /usr/lib/x86_64-linux-gnu/libnvidia-glcore.so.580.173.02)
    n1: 162000 0x5F4C308: ??? (in /usr/lib/x86_64-linux-gnu/libnvidia-glcore.so.580.173.02)
     n1: 162000 0x53D43A0: ??? (in /usr/lib/x86_64-linux-gnu/libGLX_nvidia.so.580.173.02)
      n1: 162000 0x53D44D7: ??? (in /usr/lib/x86_64-linux-gnu/libGLX_nvidia.so.580.173.02)
       n1: 162000 0x53FA5E4: ??? (in /usr/lib/x86_64-linux-gnu/libGLX_nvidia.so.580.173.02)
        n1: 162000 0x53FF9E7: ??? (in /usr/lib/x86_64-linux-gnu/libGLX_nvidia.so.580.173.02)
         n1: 162000 0x53F4045: glXCreateContextAttribsARB (in /usr/lib/x86_64-linux-gnu/libGLX_nvidia.so.580.173.02)
          n1: 162000 0x5367E02: ??? (in /usr/lib/x86_64-linux-gnu/libGLX.so.0.0.0)
           n1: 162000 0x3C0110: glutin::api::glx::last_glx_error (in /home/killpop/Рабочий стол/some/pathfinders/target/release/pathfinding_algorithms)
            n1: 162000 0x3C92F0: glutin::api::glx::context::<impl glutin::api::glx::display::Display>::create_context (in /home/killpop/Рабочий стол/some/pathfinders/target/release/pathfinding_algorithms)
             n1: 162000 0x3C80BD: <glutin::display::Display as glutin::display::GlDisplay>::create_context (in /home/killpop/Рабочий стол/some/pathfinders/target/release/pathfinding_algorithms)
              n1: 162000 0x29145D: glutin_window::GlutinWindow::from_raw (in /home/killpop/Рабочий стол/some/pathfinders/target/release/pathfinding_algorithms)
               n1: 162000 0x290C68: glutin_window::GlutinWindow::new (in /home/killpop/Рабочий стол/some/pathfinders/target/release/pathfinding_algorithms)
                n1: 162000 0x23C14A: <piston_window::prelude::PistonWindow<W> as window::BuildFromWindowSettings>::build_from_window_settings (in /home/killpop/Рабочий стол/some/pathfinders/target/release/pathfinding_algorithms)
                 n1: 162000 0x22E598: pathfinding_algorithms::main (in /home/killpop/Рабочий стол/some/pathfinders/target/release/pathfinding_algorithms)
                  n1: 162000 0x24E8E2: std::sys::backtrace::__rust_begin_short_backtrace (in /home/killpop/Рабочий стол/some/pathfinders/target/release/pathfinding_algorithms)
                   n1: 162000 0x23C5B8: std::rt::lang_start::{{closure}} (in /home/killpop/Рабочий стол/some/pathfinders/target/release/pathfinding_algorithms)
                    n1: 162000 0x44BFC3: std::rt::lang_start_internal (in /home/killpop/Рабочий стол/some/pathfinders/target/release/pathfinding_algorithms)
                     n0: 162000 0x236444: main (in /home/killpop/Рабочий стол/some/pathfinders/target/release/pathfinding_algorithms)
 n9: 2845478 0x5F5247D: ??? (in /usr/lib/x86_64-linux-gnu/libnvidia-glcore.so.580.173.02)
  n1: 825080 0x5F958BA: ??? (in /usr/lib/x86_64-linux-gnu/libnvidia-glcore.so.580.173.02)
   n1: 825080 0x5F96561: ??? (in /usr/lib/x86_64-linux-gnu/libnvidia-glcore.so.580.173.02)
    n1: 825080 0x5F80DCB: ??? (in /usr/lib/x86_64-linux-gnu/libnvidia-glcore.so.580.173.02)
     n1: 825080 0x5F3A8EB: ??? (in /usr/lib/x86_64-linux-gnu/libnvidia-glcore.so.580.173.02)
      n1: 825080 0x53D344F: ??? (in /usr/lib/x86_64-linux-gnu/libGLX_nvidia.so.580.173.02)
       n1: 825080 0x54010E9: ??? (in /usr/lib/x86_64-linux-gnu/libGLX_nvidia.so.580.173.02)
        n1: 825080 0x53605B1: ??? (in /usr/lib/x86_64-linux-gnu/libGLX.so.0.0.0)
         n1: 825080 0x53629A1: ??? (in /usr/lib/x86_64-linux-gnu/libGLX.so.0.0.0)
          n1: 825080 0x53675E4: ??? (in /usr/lib/x86_64-linux-gnu/libGLX.so.0.0.0)
           n1: 825080 0x2BF65D: glutin::api::glx::last_glx_error (in /home/killpop/Рабочий стол/some/pathfinders/target/release/pathfinding_algorithms)
            n1: 825080 0x27BBB5: <glutin::context::NotCurrentContext as glutin::context::NotCurrentGlContextSurfaceAccessor<T>>::make_current (in /home/killpop/Рабочий стол/some/pathfinders/target/release/pathfinding_algorithms)
             n1: 825080 0x291765: glutin_window::GlutinWindow::from_raw (in /home/killpop/Рабочий стол/some/pathfinders/target/release/pathfinding_algorithms)
              n1: 825080 0x290C68: glutin_window::GlutinWindow::new (in /home/killpop/Рабочий стол/some/pathfinders/target/release/pathfinding_algorithms)
               n1: 825080 0x23C14A: <piston_window::prelude::PistonWindow<W> as window::BuildFromWindowSettings>::build_from_window_settings (in /home/killpop/Рабочий стол/some/pathfinders/target/release/pathfinding_algorithms)
                n1: 825080 0x22E598: pathfinding_algorithms::main (in /home/killpop/Рабочий стол/some/pathfinders/target/release/pathfinding_algorithms)
                 n1: 825080 0x24E8E2: std::sys::backtrace::__rust_begin_short_backtrace (in /home/killpop/Рабочий стол/some/pathfinders/target/release/pathfinding_algorithms)
                  n1: 825080 0x23C5B8: std::rt::lang_start::{{closure}} (in /home/killpop/Рабочий стол/some/pathfinders/target/release/pathfinding_algorithms)
                   n1: 825080 0x44BFC3: std::rt::lang_start_internal (in /home/killpop/Рабочий стол/some/pathfinders/target/release/pathfinding_algorithms)
                    n0: 825080 0x236444: main (in /home/killpop/Рабочий стол/some/pathfinders/target/release/pathfinding_algorithms)
  n0: 781351 in 116 places, all below massif's threshold (1.00%)
  n1: 307311 0x5C75DBB: ??? (in /usr/lib/x86_64-linux-gnu/libnvidia-glcore.so.580.173.02)
   n1: 307311 0x53FAEBF: ??? (in /usr/lib/x86_64-linux-gnu/libGLX_nvidia.so.580.173.02)
    n1: 307311 0x5403FDB: ??? (in /usr/lib/x86_64-linux-gnu/libGLX_nvidia.so.580.173.02)
     n1: 307311 0x53D0A5A: ??? (in /usr/lib/x86_64-linux-gnu/libGLX_nvidia.so.580.173.02)
      n1: 307311 0x542C401: ??? (in /usr/lib/x86_64-linux-gnu/libGLX_nvidia.so.580.173.02)
       n1: 307311 0x53D0012: ??? (in /usr/lib/x86_64-linux-gnu/libGLX_nvidia.so.580.173.02)
        n1: 307311 0x4005823: call_init (dl-init.c:120)
         n1: 307311 0x4005823: _dl_init (dl-init.c:121)
          n1: 307311 0x40015B1: _dl_catch_exception (dl-catch.c:211)
           n1: 307311 0x400CD7B: dl_open_worker (dl-open.c:829)
            n1: 307311 0x400CD7B: dl_open_worker (dl-open.c:792)
             n1: 307311 0x400151B: _dl_catch_exception (dl-catch.c:237)
              n1: 307311 0x400D163: _dl_open (dl-open.c:905)
               n1: 307311 0x4A22283: dlopen_doit (dlopen.c:56)
                n1: 307311 0x400151B: _dl_catch_exception (dl-catch.c:237)
                 n1: 307311 0x4001668: _dl_catch_error (dl-catch.c:256)
                  n1: 307311 0x4A21D62: _dlerror_run (dlerror.c:138)
                   n1: 307311 0x4A2233E: dlopen_implementation (dlopen.c:71)
                    n1: 307311 0x4A2233E: dlopen@@GLIBC_2.34 (dlopen.c:81)
                     n1: 307311 0x536530A: ??? (in /usr/lib/x86_64-linux-gnu/libGLX.so.0.0.0)
                      n1: 307311 0x5367BAC: ??? (in /usr/lib/x86_64-linux-gnu/libGLX.so.0.0.0)
                       n1: 307311 0x53683B5: glXGetClientString (in /usr/lib/x86_64-linux-gnu/libGLX.so.0.0.0)
                        n1: 307311 0x3C956E: glutin::api::glx::display::Display::new (in /home/killpop/Рабочий стол/some/pathfinders/target/release/pathfinding_algorithms)
                         n1: 307311 0x3C7D97: glutin::display::Display::new (in /home/killpop/Рабочий стол/some/pathfinders/target/release/pathfinding_algorithms)
                          n1: 307311 0x27BED9: glutin_winit::DisplayBuilder::build (in /home/killpop/Рабочий стол/some/pathfinders/target/release/pathfinding_algorithms)
                           n1: 307311 0x290F37: glutin_window::GlutinWindow::from_raw (in /home/killpop/Рабочий стол/some/pathfinders/target/release/pathfinding_algorithms)
                            n1: 307311 0x290C68: glutin_window::GlutinWindow::new (in /home/killpop/Рабочий стол/some/pathfinders/target/release/pathfinding_algorithms)
                             n1: 307311 0x23C14A: <piston_window::prelude::PistonWindow<W> as window::BuildFromWindowSettings>::build_from_window_settings (in /home/killpop/Рабочий стол/some/pathfinders/target/release/pathfinding_algorithms)
                              n1: 307311 0x22E598: pathfinding_algorithms::main (in /home/killpop/Рабочий стол/some/pathfinders/target/release/pathfinding_algorithms)
                               n1: 307311 0x24E8E2: std::sys::backtrace::__rust_begin_short_backtrace (in /home/killpop/Рабочий стол/some/pathfinders/target/release/pathfinding_algorithms)
                                n1: 307311 0x23C5B8: std::rt::lang_start::{{closure}} (in /home/killpop/Рабочий стол/some/pathfinders/target/release/pathfinding_algorithms)
                                 n0: 307311 0x44BFC3: std::rt::lang_start_internal (in /home/killpop/Рабочий стол/some/pathfinders/target/release/pathfinding_algorithms)
  n1: 171760 0x5F6FCFE: ??? (in /usr/lib/x86_64-linux-gnu/libnvidia-glcore.so.580.173.02)
   n1: 171760 0x5F81285: ??? (in /usr/lib/x86_64-linux-gnu/libnvidia-glcore.so.580.173.02)
    n1: 171760 0x5F3A8EB: ??? (in /usr/lib/x86_64-linux-gnu/libnvidia-glcore.so.580.173.02)
     n1: 171760 0x53D344F: ??? (in /usr/lib/x86_64-linux-gnu/libGLX_nvidia.so.580.173.02)
      n1: 171760 0x54010E9: ??? (in /usr/lib/x86_64-linux-gnu/libGLX_nvidia.so.580.173.02)
       n1: 171760 0x53605B1: ??? (in /usr/lib/x86_64-linux-gnu/libGLX.so.0.0.0)
        n1: 171760 0x53629A1: ??? (in /usr/lib/x86_64-linux-gnu/libGLX.so.0.0.0)
         n1: 171760 0x53675E4: ??? (in /usr/lib/x86_64-linux-gnu/libGLX.so.0.0.0)
          n1: 171760 0x2BF65D: glutin::api::glx::last_glx_error (in /home/killpop/Рабочий стол/some/pathfinders/target/release/pathfinding_algorithms)
           n1: 171760 0x27BBB5: <glutin::context::NotCurrentContext as glutin::context::NotCurrentGlContextSurfaceAccessor<T>>::make_current (in /home/killpop/Рабочий стол/some/pathfinders/target/release/pathfinding_algorithms)
            n1: 171760 0x291765: glutin_window::GlutinWindow::from_raw (in /home/killpop/Рабочий стол/some/pathfinders/target/release/pathfinding_algorithms)
             n1: 171760 0x290C68: glutin_window::GlutinWindow::new (in /home/killpop/Рабочий стол/some/pathfinders/target/release/pathfinding_algorithms)
              n1: 171760 0x23C14A: <piston_window::prelude::PistonWindow<W> as window::BuildFromWindowSettings>::build_from_window_settings (in /home/killpop/Рабочий стол/some/pathfinders/target/release/pathfinding_algorithms)
               n1: 171760 0x22E598: pathfinding_algorithms::main (in /home/killpop/Рабочий стол/some/pathfinders/target/release/pathfinding_algorithms)
                n1: 171760 0x24E8E2: std::sys::backtrace::__rust_begin_short_backtrace (in /home/killpop/Рабочий стол/some/pathfinders/target/release/pathfinding_algorithms)
                 n1: 171760 0x23C5B8: std::rt::lang_start::{{closure}} (in /home/killpop/Рабочий стол/some/pathfinders/target/release/pathfinding_algorithms)
                  n1: 171760 0x44BFC3: std::rt::lang_start_internal (in /home/killpop/Рабочий стол/some/pathfinders/target/release/pathfinding_algorithms)
                   n0: 171760 0x236444: main (in /home/killpop/Рабочий стол/some/pathfinders/target/release/pathfinding_algorithms)
  n1: 167504 0x53D4323: ??? (in /usr/lib/x86_64-linux-gnu/libGLX_nvidia.so.580.173.02)
   n1: 167504 0x53D44D7: ??? (in /usr/lib/x86_64-linux-gnu/libGLX_nvidia.so.580.173.02)
    n1: 167504 0x53FA5E4: ??? (in /usr/lib/x86_64-linux-gnu/libGLX_nvidia.so.580.173.02)
     n1: 167504 0x53FF9E7: ??? (in /usr/lib/x86_64-linux-gnu/libGLX_nvidia.so.580.173.02)
      n1: 167504 0x53F4045: glXCreateContextAttribsARB (in /usr/lib/x86_64-linux-gnu/libGLX_nvidia.so.580.173.02)
       n1: 167504 0x5367E02: ??? (in /usr/lib/x86_64-linux-gnu/libGLX.so.0.0.0)
        n1: 167504 0x3C0110: glutin::api::glx::last_glx_error (in /home/killpop/Рабочий стол/some/pathfinders/target/release/pathfinding_algorithms)
         n1: 167504 0x3C92F0: glutin::api::glx::context::<impl glutin::api::glx::display::Display>::create_context (in /home/killpop/Рабочий стол/some/pathfinders/target/release/pathfinding_algorithms)
          n1: 167504 0x3C80BD: <glutin::display::Display as glutin::display::GlDisplay>::create_context (in /home/killpop/Рабочий стол/some/pathfinders/target/release/pathfinding_algorithms)
           n1: 167504 0x29145D: glutin_window::GlutinWindow::from_raw (in /home/killpop/Рабочий стол/some/pathfinders/target/release/pathfinding_algorithms)
            n1: 167504 0x290C68: glutin_window::GlutinWindow::new (in /home/killpop/Рабочий стол/some/pathfinders/target/release/pathfinding_algorithms)
             n1: 167504 0x23C14A: <piston_window::prelude::PistonWindow<W> as window::BuildFromWindowSettings>::build_from_window_settings (in /home/killpop/Рабочий стол/some/pathfinders/target/release/pathfinding_algorithms)
              n1: 167504 0x22E598: pathfinding_algorithms::main (in /home/killpop/Рабочий стол/some/pathfinders/target/release/pathfinding_algorithms)
               n1: 167504 0x24E8E2: std::sys::backtrace::__rust_begin_short_backtrace (in /home/killpop/Рабочий стол/some/pathfinders/target/release/pathfinding_algorithms)
                n1: 167504 0x23C5B8: std::rt::lang_start::{{closure}} (in /home/killpop/Рабочий стол/some/pathfinders/target/release/pathfinding_algorithms)
                 n1: 167504 0x44BFC3: std::rt::lang_start_internal (in /home/killpop/Рабочий стол/some/pathfinders/target/release/pathfinding_algorithms)
                  n0: 167504 0x236444: main (in /home/killpop/Рабочий стол/some/pathfinders/target/release/pathfinding_algorithms)
  n1: 163840 0x5FC2EB6: ??? (in /usr/lib/x86_64-linux-gnu/libnvidia-glcore.so.580.173.02)
   n1: 163840 0x5F95B81: ??? (in /usr/lib/x86_64-linux-gnu/libnvidia-glcore.so.580.173.02)
    n1: 163840 0x5F96561: ??? (in /usr/lib/x86_64-linux-gnu/libnvidia-glcore.so.580.173.02)
     n1: 163840 0x5F80DCB: ??? (in /usr/lib/x86_64-linux-gnu/libnvidia-glcore.so.580.173.02)
      n1: 163840 0x5F3A8EB: ??? (in /usr/lib/x86_64-linux-gnu/libnvidia-glcore.so.580.173.02)
       n1: 163840 0x53D344F: ??? (in /usr/lib/x86_64-linux-gnu/libGLX_nvidia.so.580.173.02)
        n1: 163840 0x54010E9: ??? (in /usr/lib/x86_64-linux-gnu/libGLX_nvidia.so.580.173.02)
         n1: 163840 0x53605B1: ??? (in /usr/lib/x86_64-linux-gnu/libGLX.so.0.0.0)
          n1: 163840 0x53629A1: ??? (in /usr/lib/x86_64-linux-gnu/libGLX.so.0.0.0)
           n1: 163840 0x53675E4: ??? (in /usr/lib/x86_64-linux-gnu/libGLX.so.0.0.0)
            n1: 163840 0x2BF65D: glutin::api::glx::last_glx_error (in /home/killpop/Рабочий стол/some/pathfinders/target/release/pathfinding_algorithms)
             n1: 163840 0x27BBB5: <glutin::context::NotCurrentContext as glutin::context::NotCurrentGlContextSurfaceAccessor<T>>::make_current (in /home/killpop/Рабочий стол/some/pathfinders/target/release/pathfinding_algorithms)
              n1: 163840 0x291765: glutin_window::GlutinWindow::from_raw (in /home/killpop/Рабочий стол/some/pathfinders/target/release/pathfinding_algorithms)
               n1: 163840 0x290C68: glutin_window::GlutinWindow::new (in /home/killpop/Рабочий стол/some/pathfinders/target/release/pathfinding_algorithms)
                n1: 163840 0x23C14A: <piston_window::prelude::PistonWindow<W> as window::BuildFromWindowSettings>::build_from_window_settings (in /home/killpop/Рабочий стол/some/pathfinders/target/release/pathfinding_algorithms)
                 n1: 163840 0x22E598: pathfinding_algorithms::main (in /home/killpop/Рабочий стол/some/pathfinders/target/release/pathfinding_algorithms)
                  n1: 163840 0x24E8E2: std::sys::backtrace::__rust_begin_short_backtrace (in /home/killpop/Рабочий стол/some/pathfinders/target/release/pathfinding_algorithms)
                   n1: 163840 0x23C5B8: std::rt::lang_start::{{closure}} (in /home/killpop/Рабочий стол/some/pathfinders/target/release/pathfinding_algorithms)
                    n1: 163840 0x44BFC3: std::rt::lang_start_internal (in /home/killpop/Рабочий стол/some/pathfinders/target/release/pathfinding_algorithms)
                     n0: 163840 0x236444: main (in /home/killpop/Рабочий стол/some/pathfinders/target/release/pathfinding_algorithms)
  n1: 154512 0x5F95879: ??? (in /usr/lib/x86_64-linux-gnu/libnvidia-glcore.so.580.173.02)
   n1: 154512 0x5F96561: ??? (in /usr/lib/x86_64-linux-gnu/libnvidia-glcore.so.580.173.02)
    n1: 154512 0x5F80DCB: ??? (in /usr/lib/x86_64-linux-gnu/libnvidia-glcore.so.580.173.02)
     n1: 154512 0x5F3A8EB: ??? (in /usr/lib/x86_64-linux-gnu/libnvidia-glcore.so.580.173.02)
      n1: 154512 0x53D344F: ??? (in /usr/lib/x86_64-linux-gnu/libGLX_nvidia.so.580.173.02)
       n1: 154512 0x54010E9: ??? (in /usr/lib/x86_64-linux-gnu/libGLX_nvidia.so.580.173.02)
        n1: 154512 0x53605B1: ??? (in /usr/lib/x86_64-linux-gnu/libGLX.so.0.0.0)
         n1: 154512 0x53629A1: ??? (in /usr/lib/x86_64-linux-gnu/libGLX.so.0.0.0)
          n1: 154512 0x53675E4: ??? (in /usr/lib/x86_64-linux-gnu/libGLX.so.0.0.0)
           n1: 154512 0x2BF65D: glutin::api::glx::last_glx_error (in /home/killpop/Рабочий стол/some/pathfinders/target/release/pathfinding_algorithms)
            n1: 154512 0x27BBB5: <glutin::context::NotCurrentContext as glutin::context::NotCurrentGlContextSurfaceAccessor<T>>::make_current (in /home/killpop/Рабочий стол/some/pathfinders/target/release/pathfinding_algorithms)
             n1: 154512 0x291765: glutin_window::GlutinWindow::from_raw (in /home/killpop/Рабочий стол/some/pathfinders/target/release/pathfinding_algorithms)
              n1: 154512 0x290C68: glutin_window::GlutinWindow::new (in /home/killpop/Рабочий стол/some/pathfinders/target/release/pathfinding_algorithms)
               n1: 154512 0x23C14A: <piston_window::prelude::PistonWindow<W> as window::BuildFromWindowSettings>::build_from_window_settings (in /home/killpop/Рабочий стол/some/pathfinders/target/release/pathfinding_algorithms)
                n1: 154512 0x22E598: pathfinding_algorithms::main (in /home/killpop/Рабочий стол/some/pathfinders/target/release/pathfinding_algorithms)
                 n1: 154512 0x24E8E2: std::sys::backtrace::__rust_begin_short_backtrace (in /home/killpop/Рабочий стол/some/pathfinders/target/release/pathfinding_algorithms)
                  n1: 154512 0x23C5B8: std::rt::lang_start::{{closure}} (in /home/killpop/Рабочий стол/some/pathfinders/target/release/pathfinding_algorithms)
                   n1: 154512 0x44BFC3: std::rt::lang_start_internal (in /home/killpop/Рабочий стол/some/pathfinders/target/release/pathfinding_algorithms)
                    n0: 154512 0x236444: main (in /home/killpop/Рабочий стол/some/pathfinders/target/release/pathfinding_algorithms)
  n1: 150472 0x5F3836F: ??? (in /usr/lib/x86_64-linux-gnu/libnvidia-glcore.so.580.173.02)
   n1: 150472 0x5F4C655: ??? (in /usr/lib/x86_64-linux-gnu/libnvidia-glcore.so.580.173.02)
    n1: 150472 0x53D43A0: ??? (in /usr/lib/x86_64-linux-gnu/libGLX_nvidia.so.580.173.02)
     n1: 150472 0x53D44D7: ??? (in /usr/lib/x86_64-linux-gnu/libGLX_nvidia.so.580.173.02)
      n1: 150472 0x53FA5E4: ??? (in /usr/lib/x86_64-linux-gnu/libGLX_nvidia.so.580.173.02)
       n1: 150472 0x53FF9E7: ??? (in /usr/lib/x86_64-linux-gnu/libGLX_nvidia.so.580.173.02)
        n1: 150472 0x53F4045: glXCreateContextAttribsARB (in /usr/lib/x86_64-linux-gnu/libGLX_nvidia.so.580.173.02)
         n1: 150472 0x5367E02: ??? (in /usr/lib/x86_64-linux-gnu/libGLX.so.0.0.0)
          n1: 150472 0x3C0110: glutin::api::glx::last_glx_error (in /home/killpop/Рабочий стол/some/pathfinders/target/release/pathfinding_algorithms)
           n1: 150472 0x3C92F0: glutin::api::glx::context::<impl glutin::api::glx::display::Display>::create_context (in /home/killpop/Рабочий стол/some/pathfinders/target/release/pathfinding_algorithms)
            n1: 150472 0x3C80BD: <glutin::display::Display as glutin::display::GlDisplay>::create_context (in /home/killpop/Рабочий стол/some/pathfinders/target/release/pathfinding_algorithms)
             n1: 150472 0x29145D: glutin_window::GlutinWindow::from_raw (in /home/killpop/Рабочий стол/some/pathfinders/target/release/pathfinding_algorithms)
              n1: 150472 0x290C68: glutin_window::GlutinWindow::new (in /home/killpop/Рабочий стол/some/pathfinders/target/release/pathfinding_algorithms)
               n1: 150472 0x23C14A: <piston_window::prelude::PistonWindow<W> as window::BuildFromWindowSettings>::build_from_window_settings (in /home/killpop/Рабочий стол/some/pathfinders/target/release/pathfinding_algorithms)
                n1: 150472 0x22E598: pathfinding_algorithms::main (in /home/killpop/Рабочий стол/some/pathfinders/target/release/pathfinding_algorithms)
                 n1: 150472 0x24E8E2: std::sys::backtrace::__rust_begin_short_backtrace (in /home/killpop/Рабочий стол/some/pathfinders/target/release/pathfinding_algorithms)
                  n1: 150472 0x23C5B8: std::rt::lang_start::{{closure}} (in /home/killpop/Рабочий стол/some/pathfinders/target/release/pathfinding_algorithms)
                   n1: 150472 0x44BFC3: std::rt::lang_start_internal (in /home/killpop/Рабочий стол/some/pathfinders/target/release/pathfinding_algorithms)
                    n0: 150472 0x236444: main (in /home/killpop/Рабочий стол/some/pathfinders/target/release/pathfinding_algorithms)
  n1: 123648 0x65CBF3F: ??? (in /usr/lib/x86_64-linux-gnu/libnvidia-glcore.so.580.173.02)
   n0: 123648 in 8 places, all below massif's threshold (1.00%)
 n3: 1881728 0x41A83E: alloc::raw_vec::RawVecInner<A>::finish_grow (in /home/killpop/Рабочий стол/some/pathfinders/target/release/pathfinding_algorithms)
  n3: 1697600 0x41A8F3: alloc::raw_vec::RawVecInner<A>::reserve::do_reserve_and_handle (in /home/killpop/Рабочий стол/some/pathfinders/target/release/pathfinding_algorithms)
   n1: 1310720 0x408A94: <gfx_device_gl::command::CommandBuffer as gfx_core::command::Buffer<gfx_device_gl::Resources>>::set_ref_values (in /home/killpop/Рабочий стол/some/pathfinders/target/release/pathfinding_algorithms)
    n1: 1310720 0x2504DC: gfx::encoder::Encoder<R,C>::draw (in /home/killpop/Рабочий стол/some/pathfinders/target/release/pathfinding_algorithms)
     n1: 1310720 0x22C9E7: <gfx_graphics::back_end::GfxGraphics<R,C> as graphics::graphics::Graphics>::tri_list_uv (in /home/killpop/Рабочий стол/some/pathfinders/target/release/pathfinding_algorithms)
      n1: 1310720 0x252733: graphics::image::Image::draw_tri (in /home/killpop/Рабочий стол/some/pathfinders/target/release/pathfinding_algorithms)
       n2: 1310720 0x23BD6F: graphics::text::Text::draw (in /home/killpop/Рабочий стол/some/pathfinders/target/release/pathfinding_algorithms)
        n1: 1310720 0x2449C3: pathfinding_algorithms::app::App::render (in /home/killpop/Рабочий стол/some/pathfinders/target/release/pathfinding_algorithms)
         n1: 1310720 0x242457: pathfinding_algorithms::menu::AppMenu::render (in /home/killpop/Рабочий стол/some/pathfinders/target/release/pathfinding_algorithms)
          n1: 1310720 0x22AA7C: gfx_graphics::back_end::Gfx2d<R>::draw (in /home/killpop/Рабочий стол/some/pathfinders/target/release/pathfinding_algorithms)
           n1: 1310720 0x22E9E5: pathfinding_algorithms::main (in /home/killpop/Рабочий стол/some/pathfinders/target/release/pathfinding_algorithms)
            n1: 1310720 0x24E8E2: std::sys::backtrace::__rust_begin_short_backtrace (in /home/killpop/Рабочий стол/some/pathfinders/target/release/pathfinding_algorithms)
             n1: 1310720 0x23C5B8: std::rt::lang_start::{{closure}} (in /home/killpop/Рабочий стол/some/pathfinders/target/release/pathfinding_algorithms)
              n1: 1310720 0x44BFC3: std::rt::lang_start_internal (in /home/killpop/Рабочий стол/some/pathfinders/target/release/pathfinding_algorithms)
               n0: 1310720 0x236444: main (in /home/killpop/Рабочий стол/some/pathfinders/target/release/pathfinding_algorithms)
        n0: 0 in 1 place, below massif's threshold (1.00%)
   n2: 196608 0x408958: <gfx_device_gl::command::CommandBuffer as gfx_core::command::Buffer<gfx_device_gl::Resources>>::update_buffer (in /home/killpop/Рабочий стол/some/pathfinders/target/release/pathfinding_algorithms)
    n2: 196608 0x24F95F: gfx::encoder::Encoder<R,C>::update_buffer (in /home/killpop/Рабочий стол/some/pathfinders/target/release/pathfinding_algorithms)
     n1: 196608 0x22D265: <gfx_graphics::back_end::GfxGraphics<R,C> as graphics::graphics::Graphics>::tri_list (in /home/killpop/Рабочий стол/some/pathfinders/target/release/pathfinding_algorithms)
      n1: 196608 0x24C862: graphics::rectangle::Rectangle::draw_tri (in /home/killpop/Рабочий стол/some/pathfinders/target/release/pathfinding_algorithms)
       n1: 196608 0x2447BA: pathfinding_algorithms::app::App::render (in /home/killpop/Рабочий стол/some/pathfinders/target/release/pathfinding_algorithms)
        n1: 196608 0x242457: pathfinding_algorithms::menu::AppMenu::render (in /home/killpop/Рабочий стол/some/pathfinders/target/release/pathfinding_algorithms)
         n1: 196608 0x22AA7C: gfx_graphics::back_end::Gfx2d<R>::draw (in /home/killpop/Рабочий стол/some/pathfinders/target/release/pathfinding_algorithms)
          n1: 196608 0x22E9E5: pathfinding_algorithms::main (in /home/killpop/Рабочий стол/some/pathfinders/target/release/pathfinding_algorithms)
           n1: 196608 0x24E8E2: std::sys::backtrace::__rust_begin_short_backtrace (in /home/killpop/Рабочий стол/some/pathfinders/target/release/pathfinding_algorithms)
            n1: 196608 0x23C5B8: std::rt::lang_start::{{closure}} (in /home/killpop/Рабочий стол/some/pathfinders/target/release/pathfinding_algorithms)
             n1: 196608 0x44BFC3: std::rt::lang_start_internal (in /home/killpop/Рабочий стол/some/pathfinders/target/release/pathfinding_algorithms)
              n0: 196608 0x236444: main (in /home/killpop/Рабочий стол/some/pathfinders/target/release/pathfinding_algorithms)
     n0: 0 in 1 place, below massif's threshold (1.00%)
    n0: 0 in 2 places, all below massif's threshold (1.00%)
   n0: 190272 in 11 places, all below massif's threshold (1.00%)
  n1: 181568 0x41A659: alloc::raw_vec::RawVec<T,A>::grow_one (in /home/killpop/Рабочий стол/some/pathfinders/target/release/pathfinding_algorithms)
   n0: 181568 in 16 places, all below massif's threshold (1.00%)
  n0: 2560 in 1 place, below massif's threshold (1.00%)
 n0: 1045378 in 441 places, all below massif's threshold (1.00%)
 n1: 241664 0x52D64D7: ??? (in /usr/lib/x86_64-linux-gnu/libGLdispatch.so.0.0.0)
  n1: 241664 0x52D6C11: ??? (in /usr/lib/x86_64-linux-gnu/libGLdispatch.so.0.0.0)
   n1: 241664 0x52D6E68: __glDispatchMakeCurrent (in /usr/lib/x86_64-linux-gnu/libGLdispatch.so.0.0.0)
    n1: 241664 0x5362923: ??? (in /usr/lib/x86_64-linux-gnu/libGLX.so.0.0.0)
     n1: 241664 0x53675E4: ??? (in /usr/lib/x86_64-linux-gnu/libGLX.so.0.0.0)
      n1: 241664 0x2BF65D: glutin::api::glx::last_glx_error (in /home/killpop/Рабочий стол/some/pathfinders/target/release/pathfinding_algorithms)
       n1: 241664 0x27BBB5: <glutin::context::NotCurrentContext as glutin::context::NotCurrentGlContextSurfaceAccessor<T>>::make_current (in /home/killpop/Рабочий стол/some/pathfinders/target/release/pathfinding_algorithms)
        n1: 241664 0x291765: glutin_window::GlutinWindow::from_raw (in /home/killpop/Рабочий стол/some/pathfinders/target/release/pathfinding_algorithms)
         n1: 241664 0x290C68: glutin_window::GlutinWindow::new (in /home/killpop/Рабочий стол/some/pathfinders/target/release/pathfinding_algorithms)
          n1: 241664 0x23C14A: <piston_window::prelude::PistonWindow<W> as window::BuildFromWindowSettings>::build_from_window_settings (in /home/killpop/Рабочий стол/some/pathfinders/target/release/pathfinding_algorithms)
           n1: 241664 0x22E598: pathfinding_algorithms::main (in /home/killpop/Рабочий стол/some/pathfinders/target/release/pathfinding_algorithms)
            n1: 241664 0x24E8E2: std::sys::backtrace::__rust_begin_short_backtrace (in /home/killpop/Рабочий стол/some/pathfinders/target/release/pathfinding_algorithms)
             n1: 241664 0x23C5B8: std::rt::lang_start::{{closure}} (in /home/killpop/Рабочий стол/some/pathfinders/target/release/pathfinding_algorithms)
              n1: 241664 0x44BFC3: std::rt::lang_start_internal (in /home/killpop/Рабочий стол/some/pathfinders/target/release/pathfinding_algorithms)
               n0: 241664 0x236444: main (in /home/killpop/Рабочий стол/some/pathfinders/target/release/pathfinding_algorithms)
 n1: 149594 0x9B5EE4D: ??? (in /usr/lib/x86_64-linux-gnu/libnvidia-gpucomp.so.580.173.02)
  n1: 149594 0x9B0E478: ??? (in /usr/lib/x86_64-linux-gnu/libnvidia-gpucomp.so.580.173.02)
   n1: 149594 0x82C24BF: ??? (in /usr/lib/x86_64-linux-gnu/libnvidia-gpucomp.so.580.173.02)
    n0: 149594 in 58 places, all below massif's threshold (1.00%)
#-----------
snapshot=66
#-----------
time=8599530838
mem_heap_B=11359205
mem_heap_extra_B=126939
mem_stacks_B=0
heap_tree=empty
#-----------
snapshot=67
#-----------
time=8694011314
mem_heap_B=11359205
mem_heap_extra_B=126939
mem_stacks_B=0
heap_tree=empty
#-----------
snapshot=68
#-----------
time=8788484751
mem_heap_B=11358997
mem_heap_extra_B=126931
mem_stacks_B=0
heap_tree=empty
#-----------
snapshot=69
#-----------
time=8882958067
mem_heap_B=11358989
mem_heap_extra_B=126915
mem_stacks_B=0
heap_tree=empty
#-----------
snapshot=70
#-----------
time=8977432530
mem_heap_B=11358997
mem_heap_extra_B=126931
mem_stacks_B=0
heap_tree=empty
#-----------
snapshot=71
#-----------
time=9071907109
mem_heap_B=11359205
mem_heap_extra_B=126939
mem_stacks_B=0
heap_tree=empty
#-----------
snapshot=72
#-----------
time=9166383295
mem_heap_B=11359205
mem_heap_extra_B=126939
mem_stacks_B=0
heap_tree=empty
#-----------
snapshot=73
#-----------
time=9260863704
mem_heap_B=11359205
mem_heap_extra_B=126939
mem_stacks_B=0
heap_tree=empty
#-----------
snapshot=74
#-----------
time=9355342884
mem_heap_B=11358997
mem_heap_extra_B=126931
mem_stacks_B=0
heap_tree=empty
#-----------
snapshot=75
#-----------
time=9449825448
mem_heap_B=11358997
mem_heap_extra_B=126931
mem_stacks_B=0
heap_tree=detailed
n6: 11358997 (heap allocation functions) malloc/new/new[], --alloc-fns, etc.
 n6: 5195363 0x5F521C1: ??? (in /usr/lib/x86_64-linux-gnu/libnvidia-glcore.so.580.173.02)
  n2: 2463597 0x5C76E4A: ??? (in /usr/lib/x86_64-linux-gnu/libnvidia-glcore.so.580.173.02)
   n1: 2463597 0x5C5A175: ??? (in /usr/lib/x86_64-linux-gnu/libnvidia-glcore.so.580.173.02)
    n1: 2463597 0x5C5EF6F: ??? (in /usr/lib/x86_64-linux-gnu/libnvidia-glcore.so.580.173.02)
     n1: 2463597 0x41683E: gfx_device_gl::factory::Factory::init_buffer (in /home/killpop/Рабочий стол/some/pathfinders/target/release/pathfinding_algorithms)
      n3: 2463597 0x415AD0: <gfx_device_gl::factory::Factory as gfx_core::factory::Factory<gfx_device_gl::Resources>>::create_buffer_raw (in /home/killpop/Рабочий стол/some/pathfinders/target/release/pathfinding_algorithms)
       n1: 1636871 0x227240: gfx_graphics::back_end::Gfx2d<R>::new (in /home/killpop/Рабочий стол/some/pathfinders/target/release/pathfinding_algorithms)
        n1: 1636871 0x23C30D: <piston_window::prelude::PistonWindow<W> as window::BuildFromWindowSettings>::build_from_window_settings (in /home/killpop/Рабочий стол/some/pathfinders/target/release/pathfinding_algorithms)
         n1: 1636871 0x22E598: pathfinding_algorithms::main (in /home/killpop/Рабочий стол/some/pathfinders/target/release/pathfinding_algorithms)
          n1: 1636871 0x24E8E2: std::sys::backtrace::__rust_begin_short_backtrace (in /home/killpop/Рабочий стол/some/pathfinders/target/release/pathfinding_algorithms)
           n1: 1636871 0x23C5B8: std::rt::lang_start::{{closure}} (in /home/killpop/Рабочий стол/some/pathfinders/target/release/pathfinding_algorithms)
            n1: 1636871 0x44BFC3: std::rt::lang_start_internal (in /home/killpop/Рабочий стол/some/pathfinders/target/release/pathfinding_algorithms)
             n0: 1636871 0x236444: main (in /home/killpop/Рабочий стол/some/pathfinders/target/release/pathfinding_algorithms)
       n1: 818471 0x2271DF: gfx_graphics::back_end::Gfx2d<R>::new (in /home/killpop/Рабочий стол/some/pathfinders/target/release/pathfinding_algorithms)
        n1: 818471 0x23C30D: <piston_window::prelude::PistonWindow<W> as window::BuildFromWindowSettings>::build_from_window_settings (in /home/killpop/Рабочий стол/some/pathfinders/target/release/pathfinding_algorithms)
         n1: 818471 0x22E598: pathfinding_algorithms::main (in /home/killpop/Рабочий стол/some/pathfinders/target/release/pathfinding_algorithms)
          n1: 818471 0x24E8E2: std::sys::backtrace::__rust_begin_short_backtrace (in /home/killpop/Рабочий стол/some/pathfinders/target/release/pathfinding_algorithms)
           n1: 818471 0x23C5B8: std::rt::lang_start::{{closure}} (in /home/killpop/Рабочий стол/some/pathfinders/target/release/pathfinding_algorithms)
            n1: 818471 0x44BFC3: std::rt::lang_start_internal (in /home/killpop/Рабочий стол/some/pathfinders/target/release/pathfinding_algorithms)
             n0: 818471 0x236444: main (in /home/killpop/Рабочий стол/some/pathfinders/target/release/pathfinding_algorithms)
       n0: 8255 in 1 place, below massif's threshold (1.00%)
   n0: 0 in 1 place, below massif's threshold (1.00%)
  n1: 1638400 0x5C0DD8F: ??? (in /usr/lib/x86_64-linux-gnu/libnvidia-glcore.so.580.173.02)
   n1: 1638400 0x5F88378: ??? (in /usr/lib/x86_64-linux-gnu/libnvidia-glcore.so.580.173.02)
    n1: 1638400 0x5F3A724: ??? (in /usr/lib/x86_64-linux-gnu/libnvidia-glcore.so.580.173.02)
     n1: 1638400 0x53D313F: ??? (in /usr/lib/x86_64-linux-gnu/libGLX_nvidia.so.580.173.02)
      n1: 1638400 0x53FA624: ??? (in /usr/lib/x86_64-linux-gnu/libGLX_nvidia.so.580.173.02)
       n1: 1638400 0x53FF9E7: ??? (in /usr/lib/x86_64-linux-gnu/libGLX_nvidia.so.580.173.02)
        n1: 1638400 0x53F4045: glXCreateContextAttribsARB (in /usr/lib/x86_64-linux-gnu/libGLX_nvidia.so.580.173.02)
         n1: 1638400 0x5367E02: ??? (in /usr/lib/x86_64-linux-gnu/libGLX.so.0.0.0)
          n1: 1638400 0x3C0110: glutin::api::glx::last_glx_error (in /home/killpop/Рабочий стол/some/pathfinders/target/release/pathfinding_algorithms)
           n1: 1638400 0x3C92F0: glutin::api::glx::context::<impl glutin::api::glx::display::Display>::create_context (in /home/killpop/Рабочий стол/some/pathfinders/target/release/pathfinding_algorithms)
            n1: 1638400 0x3C80BD: <glutin::display::Display as glutin::display::GlDisplay>::create_context (in /home/killpop/Рабочий стол/some/pathfinders/target/release/pathfinding_algorithms)
             n1: 1638400 0x29145D: glutin_window::GlutinWindow::from_raw (in /home/killpop/Рабочий стол/some/pathfinders/target/release/pathfinding_algorithms)
              n1: 1638400 0x290C68: glutin_window::GlutinWindow::new (in /home/killpop/Рабочий стол/some/pathfinders/target/release/pathfinding_algorithms)
               n1: 1638400 0x23C14A: <piston_window::prelude::PistonWindow<W> as window::BuildFromWindowSettings>::build_from_window_settings (in /home/killpop/Рабочий стол/some/pathfinders/target/release/pathfinding_algorithms)
                n1: 1638400 0x22E598: pathfinding_algorithms::main (in /home/killpop/Рабочий стол/some/pathfinders/target/release/pathfinding_algorithms)
                 n1: 1638400 0x24E8E2: std::sys::backtrace::__rust_begin_short_backtrace (in /home/killpop/Рабочий стол/some/pathfinders/target/release/pathfinding_algorithms)
                  n1: 1638400 0x23C5B8: std::rt::lang_start::{{closure}} (in /home/killpop/Рабочий стол/some/pathfinders/target/release/pathfinding_algorithms)
                   n1: 1638400 0x44BFC3: std::rt::lang_start_internal (in /home/killpop/Рабочий стол/some/pathfinders/target/release/pathfinding_algorithms)
                    n0: 1638400 0x236444: main (in /home/killpop/Рабочий стол/some/pathfinders/target/release/pathfinding_algorithms)
  n1: 385024 0x5FC30B3: ??? (in /usr/lib/x86_64-linux-gnu/libnvidia-glcore.so.580.173.02)
   n1: 385024 0x5F95B81: ??? (in /usr/lib/x86_64-linux-gnu/libnvidia-glcore.so.580.173.02)
    n1: 385024 0x5F96561: ??? (in /usr/lib/x86_64-linux-gnu/libnvidia-glcore.so.580.173.02)
     n1: 385024 0x5F80DCB: ??? (in /usr/lib/x86_64-linux-gnu/libnvidia-glcore.so.580.173.02)
      n1: 385024 0x5F3A8EB: ??? (in /usr/lib/x86_64-linux-gnu/libnvidia-glcore.so.580.173.02)
       n1: 385024 0x53D344F: ??? (in /usr/lib/x86_64-linux-gnu/libGLX_nvidia.so.580.173.02)
        n1: 385024 0x54010E9: ??? (in /usr/lib/x86_64-linux-gnu/libGLX_nvidia.so.580.173.02)
         n1: 385024 0x53605B1: ??? (in /usr/lib/x86_64-linux-gnu/libGLX.so.0.0.0)
          n1: 385024 0x53629A1: ??? (in /usr/lib/x86_64-linux-gnu/libGLX.so.0.0.0)
           n1: 385024 0x53675E4: ??? (in /usr/lib/x86_64-linux-gnu/libGLX.so.0.0.0)
            n1: 385024 0x2BF65D: glutin::api::glx::last_glx_error (in /home/killpop/Рабочий стол/some/pathfinders/target/release/pathfinding_algorithms)
             n1: 385024 0x27BBB5: <glutin::context::NotCurrentContext as glutin::context::NotCurrentGlContextSurfaceAccessor<T>>::make_current (in /home/killpop/Рабочий стол/some/pathfinders/target/release/pathfinding_algorithms)
              n1: 385024 0x291765: glutin_window::GlutinWindow::from_raw (in /home/killpop/Рабочий стол/some/pathfinders/target/release/pathfinding_algorithms)
               n1: 385024 0x290C68: glutin_window::GlutinWindow::new (in /home/killpop/Рабочий стол/some/pathfinders/target/release/pathfinding_algorithms)
                n1: 385024 0x23C14A: <piston_window::prelude::PistonWindow<W> as window::BuildFromWindowSettings>::build_from_window_settings (in /home/killpop/Рабочий стол/some/pathfinders/target/release/pathfinding_algorithms)
                 n1: 385024 0x22E598: pathfinding_algorithms::main (in /home/killpop/Рабочий стол/some/pathfinders/target/release/pathfinding_algorithms)
                  n1: 385024 0x24E8E2: std::sys::backtrace::__rust_begin_short_backtrace (in /home/killpop/Рабочий стол/some/pathfinders/target/release/pathfinding_algorithms)
                   n1: 385024 0x23C5B8: std::rt::lang_start::{{closure}} (in /home/killpop/Рабочий стол/some/pathfinders/target/release/pathfinding_algorithms)
                    n1: 385024 0x44BFC3: std::rt::lang_start_internal (in /home/killpop/Рабочий стол/some/pathfinders/target/release/pathfinding_algorithms)
                     n0: 385024 0x236444: main (in /home/killpop/Рабочий стол/some/pathfinders/target/release/pathfinding_algorithms)
  n0: 284210 in 225 places, all below massif's threshold (1.00%)
  n1: 262132 0x53FF724: ??? (in /usr/lib/x86_64-linux-gnu/libGLX_nvidia.so.580.173.02)
   n1: 262132 0x53F4045: glXCreateContextAttribsARB (in /usr/lib/x86_64-linux-gnu/libGLX_nvidia.so.580.173.02)
    n1: 262132 0x5367E02: ??? (in /usr/lib/x86_64-linux-gnu/libGLX.so.0.0.0)
     n1: 262132 0x3C0110: glutin::api::glx::last_glx_error (in /home/killpop/Рабочий стол/some/pathfinders/target/release/pathfinding_algorithms)
      n1: 262132 0x3C92F0: glutin::api::glx::context::<impl glutin::api::glx::display::Display>::create_context (in /home/killpop/Рабочий стол/some/pathfinders/target/release/pathfinding_algorithms)
       n1: 262132 0x3C80BD: <glutin::display::Display as glutin::display::GlDisplay>::create_context (in /home/killpop/Рабочий стол/some/pathfinders/target/release/pathfinding_algorithms)
        n1: 262132 0x29145D: glutin_window::GlutinWindow::from_raw (in /home/killpop/Рабочий стол/some/pathfinders/target/release/pathfinding_algorithms)
         n1: 262132 0x290C68: glutin_window::GlutinWindow::new (in /home/killpop/Рабочий стол/some/pathfinders/target/release/pathfinding_algorithms)
          n1: 262132 0x23C14A: <piston_window::prelude::PistonWindow<W> as window::BuildFromWindowSettings>::build_from_window_settings (in /home/killpop/Рабочий стол/some/pathfinders/target/release/pathfinding_algorithms)
           n1: 262132 0x22E598: pathfinding_algorithms::main (in /home/killpop/Рабочий стол/some/pathfinders/target/release/pathfinding_algorithms)
            n1: 262132 0x24E8E2: std::sys::backtrace::__rust_begin_short_backtrace (in /home/killpop/Рабочий стол/some/pathfinders/target/release/pathfinding_algorithms)
             n1: 262132 0x23C5B8: std::rt::lang_start::{{closure}} (in /home/killpop/Рабочий стол/some/pathfinders/target/release/pathfinding_algorithms)
              n1: 262132 0x44BFC3: std::rt::lang_start_internal (in /home/killpop/Рабочий стол/some/pathfinders/target/release/pathfinding_algorithms)
               n0: 262132 0x236444: main (in /home/killpop/Рабочий стол/some/pathfinders/target/release/pathfinding_algorithms)
  n1: 162000 0x653ADBC: ??? (in /usr/lib/x86_64-linux-gnu/libnvidia-glcore.so.580.173.02)
   n1: 162000 0x654403F: ??? (in /usr/lib/x86_64-linux-gnu/libnvidia-glcore.so.580.173.02)
    n1: 162000 0x5F4C308: ??? (in /usr/lib/x86_64-linux-gnu/libnvidia-glcore.so.580.173.02)
     n1: 162000 0x53D43A0: ??? (in /usr/lib/x86_64-linux-gnu/libGLX_nvidia.so.580.173.02)
      n1: 162000 0x53D44D7: ??? (in /usr/lib/x86_64-linux-gnu/libGLX_nvidia.so.580.173.02)
       n1: 162000 0x53FA5E4: ??? (in /usr/lib/x86_64-linux-gnu/libGLX_nvidia.so.580.173.02)
        n1: 162000 0x53FF9E7: ??? (in /usr/lib/x86_64-linux-gnu/libGLX_nvidia.so.580.173.02)
         n1: 162000 0x53F4045: glXCreateContextAttribsARB (in /usr/lib/x86_64-linux-gnu/libGLX_nvidia.so.580.173.02)
          n1: 162000 0x5367E02: ??? (in /usr/lib/x86_64-linux-gnu/libGLX.so.0.0.0)
           n1: 162000 0x3C0110: glutin::api::glx::last_glx_error (in /home/killpop/Рабочий стол/some/pathfinders/target/release/pathfinding_algorithms)
            n1: 162000 0x3C92F0: glutin::api::glx::context::<impl glutin::api::glx::display::Display>::create_context (in /home/killpop/Рабочий стол/some/pathfinders/target/release/pathfinding_algorithms)
             n1: 162000 0x3C80BD: <glutin::display::Display as glutin::display::GlDisplay>::create_context (in /home/killpop/Рабочий стол/some/pathfinders/target/release/pathfinding_algorithms)
              n1: 162000 0x29145D: glutin_window::GlutinWindow::from_raw (in /home/killpop/Рабочий стол/some/pathfinders/target/release/pathfinding_algorithms)
               n1: 162000 0x290C68: glutin_window::GlutinWindow::new (in /home/killpop/Рабочий стол/some/pathfinders/target/release/pathfinding_algorithms)
                n1: 162000 0x23C14A: <piston_window::prelude::PistonWindow<W> as window::BuildFromWindowSettings>::build_from_window_settings (in /home/killpop/Рабочий стол/some/pathfinders/target/release/pathfinding_algorithms)
                 n1: 162000 0x22E598: pathfinding_algorithms::main (in /home/killpop/Рабочий стол/some/pathfinders/target/release/pathfinding_algorithms)
                  n1: 162000 0x24E8E2: std::sys::backtrace::__rust_begin_short_backtrace (in /home/killpop/Рабочий стол/some/pathfinders/target/release/pathfinding_algorithms)
                   n1: 162000 0x23C5B8: std::rt::lang_start::{{closure}} (in /home/killpop/Рабочий стол/some/pathfinders/target/release/pathfinding_algorithms)
                    n1: 162000 0x44BFC3: std::rt::lang_start_internal (in /home/killpop/Рабочий стол/some/pathfinders/target/release/pathfinding_algorithms)
                     n0: 162000 0x236444: main (in /home/killpop/Рабочий стол/some/pathfinders/target/release/pathfinding_algorithms)
 n9: 2845270 0x5F5247D: ??? (in /usr/lib/x86_64-linux-gnu/libnvidia-glcore.so.580.173.02)
  n1: 825080 0x5F958BA: ??? (in /usr/lib/x86_64-linux-gnu/libnvidia-glcore.so.580.173.02)
   n1: 825080 0x5F96561: ??? (in /usr/lib/x86_64-linux-gnu/libnvidia-glcore.so.580.173.02)
    n1: 825080 0x5F80DCB: ??? (in /usr/lib/x86_64-linux-gnu/libnvidia-glcore.so.580.173.02)
     n1: 825080 0x5F3A8EB: ??? (in /usr/lib/x86_64-linux-gnu/libnvidia-glcore.so.580.173.02)
      n1: 825080 0x53D344F: ??? (in /usr/lib/x86_64-linux-gnu/libGLX_nvidia.so.580.173.02)
       n1: 825080 0x54010E9: ??? (in /usr/lib/x86_64-linux-gnu/libGLX_nvidia.so.580.173.02)
        n1: 825080 0x53605B1: ??? (in /usr/lib/x86_64-linux-gnu/libGLX.so.0.0.0)
         n1: 825080 0x53629A1: ??? (in /usr/lib/x86_64-linux-gnu/libGLX.so.0.0.0)
          n1: 825080 0x53675E4: ??? (in /usr/lib/x86_64-linux-gnu/libGLX.so.0.0.0)
           n1: 825080 0x2BF65D: glutin::api::glx::last_glx_error (in /home/killpop/Рабочий стол/some/pathfinders/target/release/pathfinding_algorithms)
            n1: 825080 0x27BBB5: <glutin::context::NotCurrentContext as glutin::context::NotCurrentGlContextSurfaceAccessor<T>>::make_current (in /home/killpop/Рабочий стол/some/pathfinders/target/release/pathfinding_algorithms)
             n1: 825080 0x291765: glutin_window::GlutinWindow::from_raw (in /home/killpop/Рабочий стол/some/pathfinders/target/release/pathfinding_algorithms)
              n1: 825080 0x290C68: glutin_window::GlutinWindow::new (in /home/killpop/Рабочий стол/some/pathfinders/target/release/pathfinding_algorithms)
               n1: 825080 0x23C14A: <piston_window::prelude::PistonWindow<W> as window::BuildFromWindowSettings>::build_from_window_settings (in /home/killpop/Рабочий стол/some/pathfinders/target/release/pathfinding_algorithms)
                n1: 825080 0x22E598: pathfinding_algorithms::main (in /home/killpop/Рабочий стол/some/pathfinders/target/release/pathfinding_algorithms)
                 n1: 825080 0x24E8E2: std::sys::backtrace::__rust_begin_short_backtrace (in /home/killpop/Рабочий стол/some/pathfinders/target/release/pathfinding_algorithms)
                  n1: 825080 0x23C5B8: std::rt::lang_start::{{closure}} (in /home/killpop/Рабочий стол/some/pathfinders/target/release/pathfinding_algorithms)
                   n1: 825080 0x44BFC3: std::rt::lang_start_internal (in /home/killpop/Рабочий стол/some/pathfinders/target/release/pathfinding_algorithms)
                    n0: 825080 0x236444: main (in /home/killpop/Рабочий стол/some/pathfinders/target/release/pathfinding_algorithms)
  n0: 781143 in 116 places, all below massif's threshold (1.00%)
  n1: 307311 0x5C75DBB: ??? (in /usr/lib/x86_64-linux-gnu/libnvidia-glcore.so.580.173.02)
   n1: 307311 0x53FAEBF: ??? (in /usr/lib/x86_64-linux-gnu/libGLX_nvidia.so.580.173.02)
    n1: 307311 0x5403FDB: ??? (in /usr/lib/x86_64-linux-gnu/libGLX_nvidia.so.580.173.02)
     n1: 307311 0x53D0A5A: ??? (in /usr/lib/x86_64-linux-gnu/libGLX_nvidia.so.580.173.02)
      n1: 307311 0x542C401: ??? (in /usr/lib/x86_64-linux-gnu/libGLX_nvidia.so.580.173.02)
       n1: 307311 0x53D0012: ??? (in /usr/lib/x86_64-linux-gnu/libGLX_nvidia.so.580.173.02)
        n1: 307311 0x4005823: call_init (dl-init.c:120)
         n1: 307311 0x4005823: _dl_init (dl-init.c:121)
          n1: 307311 0x40015B1: _dl_catch_exception (dl-catch.c:211)
           n1: 307311 0x400CD7B: dl_open_worker (dl-open.c:829)
            n1: 307311 0x400CD7B: dl_open_worker (dl-open.c:792)
             n1: 307311 0x400151B: _dl_catch_exception (dl-catch.c:237)
              n1: 307311 0x400D163: _dl_open (dl-open.c:905)
               n1: 307311 0x4A22283: dlopen_doit (dlopen.c:56)
                n1: 307311 0x400151B: _dl_catch_exception (dl-catch.c:237)
                 n1: 307311 0x4001668: _dl_catch_error (dl-catch.c:256)
                  n1: 307311 0x4A21D62: _dlerror_run (dlerror.c:138)
                   n1: 307311 0x4A2233E: dlopen_implementation (dlopen.c:71)
                    n1: 307311 0x4A2233E: dlopen@@GLIBC_2.34 (dlopen.c:81)
                     n1: 307311 0x536530A: ??? (in /usr/lib/x86_64-linux-gnu/libGLX.so.0.0.0)
                      n1: 307311 0x5367BAC: ??? (in /usr/lib/x86_64-linux-gnu/libGLX.so.0.0.0)
                       n1: 307311 0x53683B5: glXGetClientString (in /usr/lib/x86_64-linux-gnu/libGLX.so.0.0.0)
                        n1: 307311 0x3C956E: glutin::api::glx::display::Display::new (in /home/killpop/Рабочий стол/some/pathfinders/target/release/pathfinding_algorithms)
                         n1: 307311 0x3C7D97: glutin::display::Display::new (in /home/killpop/Рабочий стол/some/pathfinders/target/release/pathfinding_algorithms)
                          n1: 307311 0x27BED9: glutin_winit::DisplayBuilder::build (in /home/killpop/Рабочий стол/some/pathfinders/target/release/pathfinding_algorithms)
                           n1: 307311 0x290F37: glutin_window::GlutinWindow::from_raw (in /home/killpop/Рабочий стол/some/pathfinders/target/release/pathfinding_algorithms)
                            n1: 307311 0x290C68: glutin_window::GlutinWindow::new (in /home/killpop/Рабочий стол/some/pathfinders/target/release/pathfinding_algorithms)
                             n1: 307311 0x23C14A: <piston_window::prelude::PistonWindow<W> as window::BuildFromWindowSettings>::build_from_window_settings (in /home/killpop/Рабочий стол/some/pathfinders/target/release/pathfinding_algorithms)
                              n1: 307311 0x22E598: pathfinding_algorithms::main (in /home/killpop/Рабочий стол/some/pathfinders/target/release/pathfinding_algorithms)
                               n1: 307311 0x24E8E2: std::sys::backtrace::__rust_begin_short_backtrace (in /home/killpop/Рабочий стол/some/pathfinders/target/release/pathfinding_algorithms)
                                n1: 307311 0x23C5B8: std::rt::lang_start::{{closure}} (in /home/killpop/Рабочий стол/some/pathfinders/target/release/pathfinding_algorithms)
                                 n0: 307311 0x44BFC3: std::rt::lang_start_internal (in /home/killpop/Рабочий стол/some/pathfinders/target/release/pathfinding_algorithms)
  n1: 171760 0x5F6FCFE: ??? (in /usr/lib/x86_64-linux-gnu/libnvidia-glcore.so.580.173.02)
   n1: 171760 0x5F81285: ??? (in /usr/lib/x86_64-linux-gnu/libnvidia-glcore.so.580.173.02)
    n1: 171760 0x5F3A8EB: ??? (in /usr/lib/x86_64-linux-gnu/libnvidia-glcore.so.580.173.02)
     n1: 171760 0x53D344F: ??? (in /usr/lib/x86_64-linux-gnu/libGLX_nvidia.so.580.173.02)
      n1: 171760 0x54010E9: ??? (in /usr/lib/x86_64-linux-gnu/libGLX_nvidia.so.580.173.02)
       n1: 171760 0x53605B1: ??? (in /usr/lib/x86_64-linux-gnu/libGLX.so.0.0.0)
        n1: 171760 0x53629A1: ??? (in /usr/lib/x86_64-linux-gnu/libGLX.so.0.0.0)
         n1: 171760 0x53675E4: ??? (in /usr/lib/x86_64-linux-gnu/libGLX.so.0.0.0)
          n1: 171760 0x2BF65D: glutin::api::glx::last_glx_error (in /home/killpop/Рабочий стол/some/pathfinders/target/release/pathfinding_algorithms)
           n1: 171760 0x27BBB5: <glutin::context::NotCurrentContext as glutin::context::NotCurrentGlContextSurfaceAccessor<T>>::make_current (in /home/killpop/Рабочий стол/some/pathfinders/target/release/pathfinding_algorithms)
            n1: 171760 0x291765: glutin_window::GlutinWindow::from_raw (in /home/killpop/Рабочий стол/some/pathfinders/target/release/pathfinding_algorithms)
             n1: 171760 0x290C68: glutin_window::GlutinWindow::new (in /home/killpop/Рабочий стол/some/pathfinders/target/release/pathfinding_algorithms)
              n1: 171760 0x23C14A: <piston_window::prelude::PistonWindow<W> as window::BuildFromWindowSettings>::build_from_window_settings (in /home/killpop/Рабочий стол/some/pathfinders/target/release/pathfinding_algorithms)
               n1: 171760 0x22E598: pathfinding_algorithms::main (in /home/killpop/Рабочий стол/some/pathfinders/target/release/pathfinding_algorithms)
                n1: 171760 0x24E8E2: std::sys::backtrace::__rust_begin_short_backtrace (in /home/killpop/Рабочий стол/some/pathfinders/target/release/pathfinding_algorithms)
                 n1: 171760 0x23C5B8: std::rt::lang_start::{{closure}} (in /home/killpop/Рабочий стол/some/pathfinders/target/release/pathfinding_algorithms)
                  n1: 171760 0x44BFC3: std::rt::lang_start_internal (in /home/killpop/Рабочий стол/some/pathfinders/target/release/pathfinding_algorithms)
                   n0: 171760 0x236444: main (in /home/killpop/Рабочий стол/some/pathfinders/target/release/pathfinding_algorithms)
  n1: 167504 0x53D4323: ??? (in /usr/lib/x86_64-linux-gnu/libGLX_nvidia.so.580.173.02)
   n1: 167504 0x53D44D7: ??? (in /usr/lib/x86_64-linux-gnu/libGLX_nvidia.so.580.173.02)
    n1: 167504 0x53FA5E4: ??? (in /usr/lib/x86_64-linux-gnu/libGLX_nvidia.so.580.173.02)
     n1: 167504 0x53FF9E7: ??? (in /usr/lib/x86_64-linux-gnu/libGLX_nvidia.so.580.173.02)
      n1: 167504 0x53F4045: glXCreateContextAttribsARB (in /usr/lib/x86_64-linux-gnu/libGLX_nvidia.so.580.173.02)
       n1: 167504 0x5367E02: ??? (in /usr/lib/x86_64-linux-gnu/libGLX.so.0.0.0)
        n1: 167504 0x3C0110: glutin::api::glx::last_glx_error (in /home/killpop/Рабочий стол/some/pathfinders/target/release/pathfinding_algorithms)
         n1: 167504 0x3C92F0: glutin::api::glx::context::<impl glutin::api::glx::display::Display>::create_context (in /home/killpop/Рабочий стол/some/pathfinders/target/release/pathfinding_algorithms)
          n1: 167504 0x3C80BD: <glutin::display::Display as glutin::display::GlDisplay>::create_context (in /home/killpop/Рабочий стол/some/pathfinders/target/release/pathfinding_algorithms)
           n1: 167504 0x29145D: glutin_window::GlutinWindow::from_raw (in /home/killpop/Рабочий стол/some/pathfinders/target/release/pathfinding_algorithms)
            n1: 167504 0x290C68: glutin_window::GlutinWindow::new (in /home/killpop/Рабочий стол/some/pathfinders/target/release/pathfinding_algorithms)
             n1: 167504 0x23C14A: <piston_window::prelude::PistonWindow<W> as window::BuildFromWindowSettings>::build_from_window_settings (in /home/killpop/Рабочий стол/some/pathfinders/target/release/pathfinding_algorithms)
              n1: 167504 0x22E598: pathfinding_algorithms::main (in /home/killpop/Рабочий стол/some/pathfinders/target/release/pathfinding_algorithms)
               n1: 167504 0x24E8E2: std::sys::backtrace::__rust_begin_short_backtrace (in /home/killpop/Рабочий стол/some/pathfinders/target/release/pathfinding_algorithms)
                n1: 167504 0x23C5B8: std::rt::lang_start::{{closure}} (in /home/killpop/Рабочий стол/some/pathfinders/target/release/pathfinding_algorithms)
                 n1: 167504 0x44BFC3: std::rt::lang_start_internal (in /home/killpop/Рабочий стол/some/pathfinders/target/release/pathfinding_algorithms)
                  n0: 167504 0x236444: main (in /home/killpop/Рабочий стол/some/pathfinders/target/release/pathfinding_algorithms)
  n1: 163840 0x5FC2EB6: ??? (in /usr/lib/x86_64-linux-gnu/libnvidia-glcore.so.580.173.02)
   n1: 163840 0x5F95B81: ??? (in /usr/lib/x86_64-linux-gnu/libnvidia-glcore.so.580.173.02)
    n1: 163840 0x5F96561: ??? (in /usr/lib/x86_64-linux-gnu/libnvidia-glcore.so.580.173.02)
     n1: 163840 0x5F80DCB: ??? (in /usr/lib/x86_64-linux-gnu/libnvidia-glcore.so.580.173.02)
      n1: 163840 0x5F3A8EB: ??? (in /usr/lib/x86_64-linux-gnu/libnvidia-glcore.so.580.173.02)
       n1: 163840 0x53D344F: ??? (in /usr/lib/x86_64-linux-gnu/libGLX_nvidia.so.580.173.02)
        n1: 163840 0x54010E9: ??? (in /usr/lib/x86_64-linux-gnu/libGLX_nvidia.so.580.173.02)
         n1: 163840 0x53605B1: ??? (in /usr/lib/x86_64-linux-gnu/libGLX.so.0.0.0)
          n1: 163840 0x53629A1: ??? (in /usr/lib/x86_64-linux-gnu/libGLX.so.0.0.0)
           n1: 163840 0x53675E4: ??? (in /usr/lib/x86_64-linux-gnu/libGLX.so.0.0.0)
            n1: 163840 0x2BF65D: glutin::api::glx::last_glx_error (in /home/killpop/Рабочий стол/some/pathfinders/target/release/pathfinding_algorithms)
             n1: 163840 0x27BBB5: <glutin::context::NotCurrentContext as glutin::context::NotCurrentGlContextSurfaceAccessor<T>>::make_current (in /home/killpop/Рабочий стол/some/pathfinders/target/release/pathfinding_algorithms)
              n1: 163840 0x291765: glutin_window::GlutinWindow::from_raw (in /home/killpop/Рабочий стол/some/pathfinders/target/release/pathfinding_algorithms)
               n1: 163840 0x290C68: glutin_window::GlutinWindow::new (in /home/killpop/Рабочий стол/some/pathfinders/target/release/pathfinding_algorithms)
                n1: 163840 0x23C14A: <piston_window::prelude::PistonWindow<W> as window::BuildFromWindowSettings>::build_from_window_settings (in /home/killpop/Рабочий стол/some/pathfinders/target/release/pathfinding_algorithms)
                 n1: 163840 0x22E598: pathfinding_algorithms::main (in /home/killpop/Рабочий стол/some/pathfinders/target/release/pathfinding_algorithms)
                  n1: 163840 0x24E8E2: std::sys::backtrace::__rust_begin_short_backtrace (in /home/killpop/Рабочий стол/some/pathfinders/target/release/pathfinding_algorithms)
                   n1: 163840 0x23C5B8: std::rt::lang_start::{{closure}} (in /home/killpop/Рабочий стол/some/pathfinders/target/release/pathfinding_algorithms)
                    n1: 163840 0x44BFC3: std::rt::lang_start_internal (in /home/killpop/Рабочий стол/some/pathfinders/target/release/pathfinding_algorithms)
                     n0: 163840 0x236444: main (in /home/killpop/Рабочий стол/some/pathfinders/target/release/pathfinding_algorithms)
  n1: 154512 0x5F95879: ??? (in /usr/lib/x86_64-linux-gnu/libnvidia-glcore.so.580.173.02)
   n1: 154512 0x5F96561: ??? (in /usr/lib/x86_64-linux-gnu/libnvidia-glcore.so.580.173.02)
    n1: 154512 0x5F80DCB: ??? (in /usr/lib/x86_64-linux-gnu/libnvidia-glcore.so.580.173.02)
     n1: 154512 0x5F3A8EB: ??? (in /usr/lib/x86_64-linux-gnu/libnvidia-glcore.so.580.173.02)
      n1: 154512 0x53D344F: ??? (in /usr/lib/x86_64-linux-gnu/libGLX_nvidia.so.580.173.02)
       n1: 154512 0x54010E9: ??? (in /usr/lib/x86_64-linux-gnu/libGLX_nvidia.so.580.173.02)
        n1: 154512 0x53605B1: ??? (in /usr/lib/x86_64-linux-gnu/libGLX.so.0.0.0)
         n1: 154512 0x53629A1: ??? (in /usr/lib/x86_64-linux-gnu/libGLX.so.0.0.0)
          n1: 154512 0x53675E4: ??? (in /usr/lib/x86_64-linux-gnu/libGLX.so.0.0.0)
           n1: 154512 0x2BF65D: glutin::api::glx::last_glx_error (in /home/killpop/Рабочий стол/some/pathfinders/target/release/pathfinding_algorithms)
            n1: 154512 0x27BBB5: <glutin::context::NotCurrentContext as glutin::context::NotCurrentGlContextSurfaceAccessor<T>>::make_current (in /home/killpop/Рабочий стол/some/pathfinders/target/release/pathfinding_algorithms)
             n1: 154512 0x291765: glutin_window::GlutinWindow::from_raw (in /home/killpop/Рабочий стол/some/pathfinders/target/release/pathfinding_algorithms)
              n1: 154512 0x290C68: glutin_window::GlutinWindow::new (in /home/killpop/Рабочий стол/some/pathfinders/target/release/pathfinding_algorithms)
               n1: 154512 0x23C14A: <piston_window::prelude::PistonWindow<W> as window::BuildFromWindowSettings>::build_from_window_settings (in /home/killpop/Рабочий стол/some/pathfinders/target/release/pathfinding_algorithms)
                n1: 154512 0x22E598: pathfinding_algorithms::main (in /home/killpop/Рабочий стол/some/pathfinders/target/release/pathfinding_algorithms)
                 n1: 154512 0x24E8E2: std::sys::backtrace::__rust_begin_short_backtrace (in /home/killpop/Рабочий стол/some/pathfinders/target/release/pathfinding_algorithms)
                  n1: 154512 0x23C5B8: std::rt::lang_start::{{closure}} (in /home/killpop/Рабочий стол/some/pathfinders/target/release/pathfinding_algorithms)
                   n1: 154512 0x44BFC3: std::rt::lang_start_internal (in /home/killpop/Рабочий стол/some/pathfinders/target/release/pathfinding_algorithms)
                    n0: 154512 0x236444: main (in /home/killpop/Рабочий стол/some/pathfinders/target/release/pathfinding_algorithms)
  n1: 150472 0x5F3836F: ??? (in /usr/lib/x86_64-linux-gnu/libnvidia-glcore.so.580.173.02)
   n1: 150472 0x5F4C655: ??? (in /usr/lib/x86_64-linux-gnu/libnvidia-glcore.so.580.173.02)
    n1: 150472 0x53D43A0: ??? (in /usr/lib/x86_64-linux-gnu/libGLX_nvidia.so.580.173.02)
     n1: 150472 0x53D44D7: ??? (in /usr/lib/x86_64-linux-gnu/libGLX_nvidia.so.580.173.02)
      n1: 150472 0x53FA5E4: ??? (in /usr/lib/x86_64-linux-gnu/libGLX_nvidia.so.580.173.02)
       n1: 150472 0x53FF9E7: ??? (in /usr/lib/x86_64-linux-gnu/libGLX_nvidia.so.580.173.02)
        n1: 150472 0x53F4045: glXCreateContextAttribsARB (in /usr/lib/x86_64-linux-gnu/libGLX_nvidia.so.580.173.02)
         n1: 150472 0x5367E02: ??? (in /usr/lib/x86_64-linux-gnu/libGLX.so.0.0.0)
          n1: 150472 0x3C0110: glutin::api::glx::last_glx_error (in /home/killpop/Рабочий стол/some/pathfinders/target/release/pathfinding_algorithms)
           n1: 150472 0x3C92F0: glutin::api::glx::context::<impl glutin::api::glx::display::Display>::create_context (in /home/killpop/Рабочий стол/some/pathfinders/target/release/pathfinding_algorithms)
            n1: 150472 0x3C80BD: <glutin::display::Display as glutin::display::GlDisplay>::create_context (in /home/killpop/Рабочий стол/some/pathfinders/target/release/pathfinding_algorithms)
             n1: 150472 0x29145D: glutin_window::GlutinWindow::from_raw (in /home/killpop/Рабочий стол/some/pathfinders/target/release/pathfinding_algorithms)
              n1: 150472 0x290C68: glutin_window::GlutinWindow::new (in /home/killpop/Рабочий стол/some/pathfinders/target/release/pathfinding_algorithms)
               n1: 150472 0x23C14A: <piston_window::prelude::PistonWindow<W> as window::BuildFromWindowSettings>::build_from_window_settings (in /home/killpop/Рабочий стол/some/pathfinders/target/release/pathfinding_algorithms)
                n1: 150472 0x22E598: pathfinding_algorithms::main (in /home/killpop/Рабочий стол/some/pathfinders/target/release/pathfinding_algorithms)
                 n1: 150472 0x24E8E2: std::sys::backtrace::__rust_begin_short_backtrace (in /home/killpop/Рабочий стол/some/pathfinders/target/release/pathfinding_algorithms)
                  n1: 150472 0x23C5B8: std::rt::lang_start::{{closure}} (in /home/killpop/Рабочий стол/some/pathfinders/target/release/pathfinding_algorithms)
                   n1: 150472 0x44BFC3: std::rt::lang_start_internal (in /home/killpop/Рабочий стол/some/pathfinders/target/release/pathfinding_algorithms)
                    n0: 150472 0x236444: main (in /home/killpop/Рабочий стол/some/pathfinders/target/release/pathfinding_algorithms)
  n1: 123648 0x65CBF3F: ??? (in /usr/lib/x86_64-linux-gnu/libnvidia-glcore.so.580.173.02)
   n0: 123648 in 8 places, all below massif's threshold (1.00%)
 n3: 1881728 0x41A83E: alloc::raw_vec::RawVecInner<A>::finish_grow (in /home/killpop/Рабочий стол/some/pathfinders/target/release/pathfinding_algorithms)
  n3: 1697600 0x41A8F3: alloc::raw_vec::RawVecInner<A>::reserve::do_reserve_and_handle (in /home/killpop/Рабочий стол/some/pathfinders/target/release/pathfinding_algorithms)
   n1: 1310720 0x408A94: <gfx_device_gl::command::CommandBuffer as gfx_core::command::Buffer<gfx_device_gl::Resources>>::set_ref_values (in /home/killpop/Рабочий стол/some/pathfinders/target/release/pathfinding_algorithms)
    n1: 1310720 0x2504DC: gfx::encoder::Encoder<R,C>::draw (in /home/killpop/Рабочий стол/some/pathfinders/target/release/pathfinding_algorithms)
     n1: 1310720 0x22C9E7: <gfx_graphics::back_end::GfxGraphics<R,C> as graphics::graphics::Graphics>::tri_list_uv (in /home/killpop/Рабочий стол/some/pathfinders/target/release/pathfinding_algorithms)
      n1: 1310720 0x252733: graphics::image::Image::draw_tri (in /home/killpop/Рабочий стол/some/pathfinders/target/release/pathfinding_algorithms)
       n2: 1310720 0x23BD6F: graphics::text::Text::draw (in /home/killpop/Рабочий стол/some/pathfinders/target/release/pathfinding_algorithms)
        n1: 1310720 0x2449C3: pathfinding_algorithms::app::App::render (in /home/killpop/Рабочий стол/some/pathfinders/target/release/pathfinding_algorithms)
         n1: 1310720 0x242457: pathfinding_algorithms::menu::AppMenu::render (in /home/killpop/Рабочий стол/some/pathfinders/target/release/pathfinding_algorithms)
          n1: 1310720 0x22AA7C: gfx_graphics::back_end::Gfx2d<R>::draw (in /home/killpop/Рабочий стол/some/pathfinders/target/release/pathfinding_algorithms)
           n1: 1310720 0x22E9E5: pathfinding_algorithms::main (in /home/killpop/Рабочий стол/some/pathfinders/target/release/pathfinding_algorithms)
            n1: 1310720 0x24E8E2: std::sys::backtrace::__rust_begin_short_backtrace (in /home/killpop/Рабочий стол/some/pathfinders/target/release/pathfinding_algorithms)
             n1: 1310720 0x23C5B8: std::rt::lang_start::{{closure}} (in /home/killpop/Рабочий стол/some/pathfinders/target/release/pathfinding_algorithms)
              n1: 1310720 0x44BFC3: std::rt::lang_start_internal (in /home/killpop/Рабочий стол/some/pathfinders/target/release/pathfinding_algorithms)
               n0: 1310720 0x236444: main (in /home/killpop/Рабочий стол/some/pathfinders/target/release/pathfinding_algorithms)
        n0: 0 in 1 place, below massif's threshold (1.00%)
   n2: 196608 0x408958: <gfx_device_gl::command::CommandBuffer as gfx_core::command::Buffer<gfx_device_gl::Resources>>::update_buffer (in /home/killpop/Рабочий стол/some/pathfinders/target/release/pathfinding_algorithms)
    n2: 196608 0x24F95F: gfx::encoder::Encoder<R,C>::update_buffer (in /home/killpop/Рабочий стол/some/pathfinders/target/release/pathfinding_algorithms)
     n1: 196608 0x22D265: <gfx_graphics::back_end::GfxGraphics<R,C> as graphics::graphics::Graphics>::tri_list (in /home/killpop/Рабочий стол/some/pathfinders/target/release/pathfinding_algorithms)
      n1: 196608 0x24C862: graphics::rectangle::Rectangle::draw_tri (in /home/killpop/Рабочий стол/some/pathfinders/target/release/pathfinding_algorithms)
       n1: 196608 0x2447BA: pathfinding_algorithms::app::App::render (in /home/killpop/Рабочий стол/some/pathfinders/target/release/pathfinding_algorithms)
        n1: 196608 0x242457: pathfinding_algorithms::menu::AppMenu::render (in /home/killpop/Рабочий стол/some/pathfinders/target/release/pathfinding_algorithms)
         n1: 196608 0x22AA7C: gfx_graphics::back_end::Gfx2d<R>::draw (in /home/killpop/Рабочий стол/some/pathfinders/target/release/pathfinding_algorithms)
          n1: 196608 0x22E9E5: pathfinding_algorithms::main (in /home/killpop/Рабочий стол/some/pathfinders/target/release/pathfinding_algorithms)
           n1: 196608 0x24E8E2: std::sys::backtrace::__rust_begin_short_backtrace (in /home/killpop/Рабочий стол/some/pathfinders/target/release/pathfinding_algorithms)
            n1: 196608 0x23C5B8: std::rt::lang_start::{{closure}} (in /home/killpop/Рабочий стол/some/pathfinders/target/release/pathfinding_algorithms)
             n1: 196608 0x44BFC3: std::rt::lang_start_internal (in /home/killpop/Рабочий стол/some/pathfinders/target/release/pathfinding_algorithms)
              n0: 196608 0x236444: main (in /home/killpop/Рабочий стол/some/pathfinders/target/release/pathfinding_algorithms)
     n0: 0 in 1 place, below massif's threshold (1.00%)
    n0: 0 in 2 places, all below massif's threshold (1.00%)
   n0: 190272 in 11 places, all below massif's threshold (1.00%)
  n1: 181568 0x41A659: alloc::raw_vec::RawVec<T,A>::grow_one (in /home/killpop/Рабочий стол/some/pathfinders/target/release/pathfinding_algorithms)
   n0: 181568 in 16 places, all below massif's threshold (1.00%)
  n0: 2560 in 1 place, below massif's threshold (1.00%)
 n0: 1045378 in 441 places, all below massif's threshold (1.00%)
 n1: 241664 0x52D64D7: ??? (in /usr/lib/x86_64-linux-gnu/libGLdispatch.so.0.0.0)
  n1: 241664 0x52D6C11: ??? (in /usr/lib/x86_64-linux-gnu/libGLdispatch.so.0.0.0)
   n1: 241664 0x52D6E68: __glDispatchMakeCurrent (in /usr/lib/x86_64-linux-gnu/libGLdispatch.so.0.0.0)
    n1: 241664 0x5362923: ??? (in /usr/lib/x86_64-linux-gnu/libGLX.so.0.0.0)
     n1: 241664 0x53675E4: ??? (in /usr/lib/x86_64-linux-gnu/libGLX.so.0.0.0)
      n1: 241664 0x2BF65D: glutin::api::glx::last_glx_error (in /home/killpop/Рабочий стол/some/pathfinders/target/release/pathfinding_algorithms)
       n1: 241664 0x27BBB5: <glutin::context::NotCurrentContext as glutin::context::NotCurrentGlContextSurfaceAccessor<T>>::make_current (in /home/killpop/Рабочий стол/some/pathfinders/target/release/pathfinding_algorithms)
        n1: 241664 0x291765: glutin_window::GlutinWindow::from_raw (in /home/killpop/Рабочий стол/some/pathfinders/target/release/pathfinding_algorithms)
         n1: 241664 0x290C68: glutin_window::GlutinWindow::new (in /home/killpop/Рабочий стол/some/pathfinders/target/release/pathfinding_algorithms)
          n1: 241664 0x23C14A: <piston_window::prelude::PistonWindow<W> as window::BuildFromWindowSettings>::build_from_window_settings (in /home/killpop/Рабочий стол/some/pathfinders/target/release/pathfinding_algorithms)
           n1: 241664 0x22E598: pathfinding_algorithms::main (in /home/killpop/Рабочий стол/some/pathfinders/target/release/pathfinding_algorithms)
            n1: 241664 0x24E8E2: std::sys::backtrace::__rust_begin_short_backtrace (in /home/killpop/Рабочий стол/some/pathfinders/target/release/pathfinding_algorithms)
             n1: 241664 0x23C5B8: std::rt::lang_start::{{closure}} (in /home/killpop/Рабочий стол/some/pathfinders/target/release/pathfinding_algorithms)
              n1: 241664 0x44BFC3: std::rt::lang_start_internal (in /home/killpop/Рабочий стол/some/pathfinders/target/release/pathfinding_algorithms)
               n0: 241664 0x236444: main (in /home/killpop/Рабочий стол/some/pathfinders/target/release/pathfinding_algorithms)
 n1: 149594 0x9B5EE4D: ??? (in /usr/lib/x86_64-linux-gnu/libnvidia-gpucomp.so.580.173.02)
  n1: 149594 0x9B0E478: ??? (in /usr/lib/x86_64-linux-gnu/libnvidia-gpucomp.so.580.173.02)
   n1: 149594 0x82C24BF: ??? (in /usr/lib/x86_64-linux-gnu/libnvidia-gpucomp.so.580.173.02)
    n0: 149594 in 58 places, all below massif's threshold (1.00%)
#-----------
snapshot=76
#-----------
time=9544300363
mem_heap_B=11358997
mem_heap_extra_B=126931
mem_stacks_B=0
heap_tree=empty
#-----------
snapshot=77
#-----------
time=9638774921
mem_heap_B=11359205
mem_heap_extra_B=126939
mem_stacks_B=0
heap_tree=empty
#-----------
snapshot=78
#-----------
time=9733258264
mem_heap_B=11359205
mem_heap_extra_B=126939
mem_stacks_B=0
heap_tree=empty
#-----------
snapshot=79
#-----------
time=9827742499
mem_heap_B=11346028
mem_heap_extra_B=126868
mem_stacks_B=0
heap_tree=empty
#-----------
snapshot=80
#-----------
time=9922218912
mem_heap_B=11345820
mem_heap_extra_B=126860
mem_stacks_B=0
heap_tree=empty
#-----------
snapshot=81
#-----------
time=10016692870
mem_heap_B=11345820
mem_heap_extra_B=126860
mem_stacks_B=0
heap_tree=empty
#-----------
snapshot=82
#-----------
time=10111167293
mem_heap_B=11345820
mem_heap_extra_B=126860
mem_stacks_B=0
heap_tree=empty
#-----------
snapshot=83
#-----------
time=10205653681
mem_heap_B=11346028
mem_heap_extra_B=126868
mem_stacks_B=0
heap_tree=empty
#-----------
snapshot=84
#-----------
time=10300138074
mem_heap_B=11346028
mem_heap_extra_B=126868
mem_stacks_B=0
heap_tree=empty
#-----------
snapshot=85
#-----------
time=10394618478
mem_heap_B=11346028
mem_heap_extra_B=126868
mem_stacks_B=0
heap_tree=detailed
n6: 11346028 (heap allocation functions) malloc/new/new[], --alloc-fns, etc.
 n6: 5195363 0x5F521C1: ??? (in /usr/lib/x86_64-linux-gnu/libnvidia-glcore.so.580.173.02)
  n2: 2463597 0x5C76E4A: ??? (in /usr/lib/x86_64-linux-gnu/libnvidia-glcore.so.580.173.02)
   n1: 2463597 0x5C5A175: ??? (in /usr/lib/x86_64-linux-gnu/libnvidia-glcore.so.580.173.02)
    n1: 2463597 0x5C5EF6F: ??? (in /usr/lib/x86_64-linux-gnu/libnvidia-glcore.so.580.173.02)
     n1: 2463597 0x41683E: gfx_device_gl::factory::Factory::init_buffer (in /home/killpop/Рабочий стол/some/pathfinders/target/release/pathfinding_algorithms)
      n3: 2463597 0x415AD0: <gfx_device_gl::factory::Factory as gfx_core::factory::Factory<gfx_device_gl::Resources>>::create_buffer_raw (in /home/killpop/Рабочий стол/some/pathfinders/target/release/pathfinding_algorithms)
       n1: 1636871 0x227240: gfx_graphics::back_end::Gfx2d<R>::new (in /home/killpop/Рабочий стол/some/pathfinders/target/release/pathfinding_algorithms)
        n1: 1636871 0x23C30D: <piston_window::prelude::PistonWindow<W> as window::BuildFromWindowSettings>::build_from_window_settings (in /home/killpop/Рабочий стол/some/pathfinders/target/release/pathfinding_algorithms)
         n1: 1636871 0x22E598: pathfinding_algorithms::main (in /home/killpop/Рабочий стол/some/pathfinders/target/release/pathfinding_algorithms)
          n1: 1636871 0x24E8E2: std::sys::backtrace::__rust_begin_short_backtrace (in /home/killpop/Рабочий стол/some/pathfinders/target/release/pathfinding_algorithms)
           n1: 1636871 0x23C5B8: std::rt::lang_start::{{closure}} (in /home/killpop/Рабочий стол/some/pathfinders/target/release/pathfinding_algorithms)
            n1: 1636871 0x44BFC3: std::rt::lang_start_internal (in /home/killpop/Рабочий стол/some/pathfinders/target/release/pathfinding_algorithms)
             n0: 1636871 0x236444: main (in /home/killpop/Рабочий стол/some/pathfinders/target/release/pathfinding_algorithms)
       n1: 818471 0x2271DF: gfx_graphics::back_end::Gfx2d<R>::new (in /home/killpop/Рабочий стол/some/pathfinders/target/release/pathfinding_algorithms)
        n1: 818471 0x23C30D: <piston_window::prelude::PistonWindow<W> as window::BuildFromWindowSettings>::build_from_window_settings (in /home/killpop/Рабочий стол/some/pathfinders/target/release/pathfinding_algorithms)
         n1: 818471 0x22E598: pathfinding_algorithms::main (in /home/killpop/Рабочий стол/some/pathfinders/target/release/pathfinding_algorithms)
          n1: 818471 0x24E8E2: std::sys::backtrace::__rust_begin_short_backtrace (in /home/killpop/Рабочий стол/some/pathfinders/target/release/pathfinding_algorithms)
           n1: 818471 0x23C5B8: std::rt::lang_start::{{closure}} (in /home/killpop/Рабочий стол/some/pathfinders/target/release/pathfinding_algorithms)
            n1: 818471 0x44BFC3: std::rt::lang_start_internal (in /home/killpop/Рабочий стол/some/pathfinders/target/release/pathfinding_algorithms)
             n0: 818471 0x236444: main (in /home/killpop/Рабочий стол/some/pathfinders/target/release/pathfinding_algorithms)
       n0: 8255 in 1 place, below massif's threshold (1.00%)
   n0: 0 in 1 place, below massif's threshold (1.00%)
  n1: 1638400 0x5C0DD8F: ??? (in /usr/lib/x86_64-linux-gnu/libnvidia-glcore.so.580.173.02)
   n1: 1638400 0x5F88378: ??? (in /usr/lib/x86_64-linux-gnu/libnvidia-glcore.so.580.173.02)
    n1: 1638400 0x5F3A724: ??? (in /usr/lib/x86_64-linux-gnu/libnvidia-glcore.so.580.173.02)
     n1: 1638400 0x53D313F: ??? (in /usr/lib/x86_64-linux-gnu/libGLX_nvidia.so.580.173.02)
      n1: 1638400 0x53FA624: ??? (in /usr/lib/x86_64-linux-gnu/libGLX_nvidia.so.580.173.02)
       n1: 1638400 0x53FF9E7: ??? (in /usr/lib/x86_64-linux-gnu/libGLX_nvidia.so.580.173.02)
        n1: 1638400 0x53F4045: glXCreateContextAttribsARB (in /usr/lib/x86_64-linux-gnu/libGLX_nvidia.so.580.173.02)
         n1: 1638400 0x5367E02: ??? (in /usr/lib/x86_64-linux-gnu/libGLX.so.0.0.0)
          n1: 1638400 0x3C0110: glutin::api::glx::last_glx_error (in /home/killpop/Рабочий стол/some/pathfinders/target/release/pathfinding_algorithms)
           n1: 1638400 0x3C92F0: glutin::api::glx::context::<impl glutin::api::glx::display::Display>::create_context (in /home/killpop/Рабочий стол/some/pathfinders/target/release/pathfinding_algorithms)
            n1: 1638400 0x3C80BD: <glutin::display::Display as glutin::display::GlDisplay>::create_context (in /home/killpop/Рабочий стол/some/pathfinders/target/release/pathfinding_algorithms)
             n1: 1638400 0x29145D: glutin_window::GlutinWindow::from_raw (in /home/killpop/Рабочий стол/some/pathfinders/target/release/pathfinding_algorithms)
              n1: 1638400 0x290C68: glutin_window::GlutinWindow::new (in /home/killpop/Рабочий стол/some/pathfinders/target/release/pathfinding_algorithms)
               n1: 1638400 0x23C14A: <piston_window::prelude::PistonWindow<W> as window::BuildFromWindowSettings>::build_from_window_settings (in /home/killpop/Рабочий стол/some/pathfinders/target/release/pathfinding_algorithms)
                n1: 1638400 0x22E598: pathfinding_algorithms::main (in /home/killpop/Рабочий стол/some/pathfinders/target/release/pathfinding_algorithms)
                 n1: 1638400 0x24E8E2: std::sys::backtrace::__rust_begin_short_backtrace (in /home/killpop/Рабочий стол/some/pathfinders/target/release/pathfinding_algorithms)
                  n1: 1638400 0x23C5B8: std::rt::lang_start::{{closure}} (in /home/killpop/Рабочий стол/some/pathfinders/target/release/pathfinding_algorithms)
                   n1: 1638400 0x44BFC3: std::rt::lang_start_internal (in /home/killpop/Рабочий стол/some/pathfinders/target/release/pathfinding_algorithms)
                    n0: 1638400 0x236444: main (in /home/killpop/Рабочий стол/some/pathfinders/target/release/pathfinding_algorithms)
  n1: 385024 0x5FC30B3: ??? (in /usr/lib/x86_64-linux-gnu/libnvidia-glcore.so.580.173.02)
   n1: 385024 0x5F95B81: ??? (in /usr/lib/x86_64-linux-gnu/libnvidia-glcore.so.580.173.02)
    n1: 385024 0x5F96561: ??? (in /usr/lib/x86_64-linux-gnu/libnvidia-glcore.so.580.173.02)
     n1: 385024 0x5F80DCB: ??? (in /usr/lib/x86_64-linux-gnu/libnvidia-glcore.so.580.173.02)
      n1: 385024 0x5F3A8EB: ??? (in /usr/lib/x86_64-linux-gnu/libnvidia-glcore.so.580.173.02)
       n1: 385024 0x53D344F: ??? (in /usr/lib/x86_64-linux-gnu/libGLX_nvidia.so.580.173.02)
        n1: 385024 0x54010E9: ??? (in /usr/lib/x86_64-linux-gnu/libGLX_nvidia.so.580.173.02)
         n1: 385024 0x53605B1: ??? (in /usr/lib/x86_64-linux-gnu/libGLX.so.0.0.0)
          n1: 385024 0x53629A1: ??? (in /usr/lib/x86_64-linux-gnu/libGLX.so.0.0.0)
           n1: 385024 0x53675E4: ??? (in /usr/lib/x86_64-linux-gnu/libGLX.so.0.0.0)
            n1: 385024 0x2BF65D: glutin::api::glx::last_glx_error (in /home/killpop/Рабочий стол/some/pathfinders/target/release/pathfinding_algorithms)
             n1: 385024 0x27BBB5: <glutin::context::NotCurrentContext as glutin::context::NotCurrentGlContextSurfaceAccessor<T>>::make_current (in /home/killpop/Рабочий стол/some/pathfinders/target/release/pathfinding_algorithms)
              n1: 385024 0x291765: glutin_window::GlutinWindow::from_raw (in /home/killpop/Рабочий стол/some/pathfinders/target/release/pathfinding_algorithms)
               n1: 385024 0x290C68: glutin_window::GlutinWindow::new (in /home/killpop/Рабочий стол/some/pathfinders/target/release/pathfinding_algorithms)
                n1: 385024 0x23C14A: <piston_window::prelude::PistonWindow<W> as window::BuildFromWindowSettings>::build_from_window_settings (in /home/killpop/Рабочий стол/some/pathfinders/target/release/pathfinding_algorithms)
                 n1: 385024 0x22E598: pathfinding_algorithms::main (in /home/killpop/Рабочий стол/some/pathfinders/target/release/pathfinding_algorithms)
                  n1: 385024 0x24E8E2: std::sys::backtrace::__rust_begin_short_backtrace (in /home/killpop/Рабочий стол/some/pathfinders/target/release/pathfinding_algorithms)
                   n1: 385024 0x23C5B8: std::rt::lang_start::{{closure}} (in /home/killpop/Рабочий стол/some/pathfinders/target/release/pathfinding_algorithms)
                    n1: 385024 0x44BFC3: std::rt::lang_start_internal (in /home/killpop/Рабочий стол/some/pathfinders/target/release/pathfinding_algorithms)
                     n0: 385024 0x236444: main (in /home/killpop/Рабочий стол/some/pathfinders/target/release/pathfinding_algorithms)
  n0: 284210 in 225 places, all below massif's threshold (1.00%)
  n1: 262132 0x53FF724: ??? (in /usr/lib/x86_64-linux-gnu/libGLX_nvidia.so.580.173.02)
   n1: 262132 0x53F4045: glXCreateContextAttribsARB (in /usr/lib/x86_64-linux-gnu/libGLX_nvidia.so.580.173.02)
    n1: 262132 0x5367E02: ??? (in /usr/lib/x86_64-linux-gnu/libGLX.so.0.0.0)
     n1: 262132 0x3C0110: glutin::api::glx::last_glx_error (in /home/killpop/Рабочий стол/some/pathfinders/target/release/pathfinding_algorithms)
      n1: 262132 0x3C92F0: glutin::api::glx::context::<impl glutin::api::glx::display::Display>::create_context (in /home/killpop/Рабочий стол/some/pathfinders/target/release/pathfinding_algorithms)
       n1: 262132 0x3C80BD: <glutin::display::Display as glutin::display::GlDisplay>::create_context (in /home/killpop/Рабочий стол/some/pathfinders/target/release/pathfinding_algorithms)
        n1: 262132 0x29145D: glutin_window::GlutinWindow::from_raw (in /home/killpop/Рабочий стол/some/pathfinders/target/release/pathfinding_algorithms)
         n1: 262132 0x290C68: glutin_window::GlutinWindow::new (in /home/killpop/Рабочий стол/some/pathfinders/target/release/pathfinding_algorithms)
          n1: 262132 0x23C14A: <piston_window::prelude::PistonWindow<W> as window::BuildFromWindowSettings>::build_from_window_settings (in /home/killpop/Рабочий стол/some/pathfinders/target/release/pathfinding_algorithms)
           n1: 262132 0x22E598: pathfinding_algorithms::main (in /home/killpop/Рабочий стол/some/pathfinders/target/release/pathfinding_algorithms)
            n1: 262132 0x24E8E2: std::sys::backtrace::__rust_begin_short_backtrace (in /home/killpop/Рабочий стол/some/pathfinders/target/release/pathfinding_algorithms)
             n1: 262132 0x23C5B8: std::rt::lang_start::{{closure}} (in /home/killpop/Рабочий стол/some/pathfinders/target/release/pathfinding_algorithms)
              n1: 262132 0x44BFC3: std::rt::lang_start_internal (in /home/killpop/Рабочий стол/some/pathfinders/target/release/pathfinding_algorithms)
               n0: 262132 0x236444: main (in /home/killpop/Рабочий стол/some/pathfinders/target/release/pathfinding_algorithms)
  n1: 162000 0x653ADBC: ??? (in /usr/lib/x86_64-linux-gnu/libnvidia-glcore.so.580.173.02)
   n1: 162000 0x654403F: ??? (in /usr/lib/x86_64-linux-gnu/libnvidia-glcore.so.580.173.02)
    n1: 162000 0x5F4C308: ??? (in /usr/lib/x86_64-linux-gnu/libnvidia-glcore.so.580.173.02)
     n1: 162000 0x53D43A0: ??? (in /usr/lib/x86_64-linux-gnu/libGLX_nvidia.so.580.173.02)
      n1: 162000 0x53D44D7: ??? (in /usr/lib/x86_64-linux-gnu/libGLX_nvidia.so.580.173.02)
       n1: 162000 0x53FA5E4: ??? (in /usr/lib/x86_64-linux-gnu/libGLX_nvidia.so.580.173.02)
        n1: 162000 0x53FF9E7: ??? (in /usr/lib/x86_64-linux-gnu/libGLX_nvidia.so.580.173.02)
         n1: 162000 0x53F4045: glXCreateContextAttribsARB (in /usr/lib/x86_64-linux-gnu/libGLX_nvidia.so.580.173.02)
          n1: 162000 0x5367E02: ??? (in /usr/lib/x86_64-linux-gnu/libGLX.so.0.0.0)
           n1: 162000 0x3C0110: glutin::api::glx::last_glx_error (in /home/killpop/Рабочий стол/some/pathfinders/target/release/pathfinding_algorithms)
            n1: 162000 0x3C92F0: glutin::api::glx::context::<impl glutin::api::glx::display::Display>::create_context (in /home/killpop/Рабочий стол/some/pathfinders/target/release/pathfinding_algorithms)
             n1: 162000 0x3C80BD: <glutin::display::Display as glutin::display::GlDisplay>::create_context (in /home/killpop/Рабочий стол/some/pathfinders/target/release/pathfinding_algorithms)
              n1: 162000 0x29145D: glutin_window::GlutinWindow::from_raw (in /home/killpop/Рабочий стол/some/pathfinders/target/release/pathfinding_algorithms)
               n1: 162000 0x290C68: glutin_window::GlutinWindow::new (in /home/killpop/Рабочий стол/some/pathfinders/target/release/pathfinding_algorithms)
                n1: 162000 0x23C14A: <piston_window::prelude::PistonWindow<W> as window::BuildFromWindowSettings>::build_from_window_settings (in /home/killpop/Рабочий стол/some/pathfinders/target/release/pathfinding_algorithms)
                 n1: 162000 0x22E598: pathfinding_algorithms::main (in /home/killpop/Рабочий стол/some/pathfinders/target/release/pathfinding_algorithms)
                  n1: 162000 0x24E8E2: std::sys::backtrace::__rust_begin_short_backtrace (in /home/killpop/Рабочий стол/some/pathfinders/target/release/pathfinding_algorithms)
                   n1: 162000 0x23C5B8: std::rt::lang_start::{{closure}} (in /home/killpop/Рабочий стол/some/pathfinders/target/release/pathfinding_algorithms)
                    n1: 162000 0x44BFC3: std::rt::lang_start_internal (in /home/killpop/Рабочий стол/some/pathfinders/target/release/pathfinding_algorithms)
                     n0: 162000 0x236444: main (in /home/killpop/Рабочий стол/some/pathfinders/target/release/pathfinding_algorithms)
 n9: 2845478 0x5F5247D: ??? (in /usr/lib/x86_64-linux-gnu/libnvidia-glcore.so.580.173.02)
  n1: 825080 0x5F958BA: ??? (in /usr/lib/x86_64-linux-gnu/libnvidia-glcore.so.580.173.02)
   n1: 825080 0x5F96561: ??? (in /usr/lib/x86_64-linux-gnu/libnvidia-glcore.so.580.173.02)
    n1: 825080 0x5F80DCB: ??? (in /usr/lib/x86_64-linux-gnu/libnvidia-glcore.so.580.173.02)
     n1: 825080 0x5F3A8EB: ??? (in /usr/lib/x86_64-linux-gnu/libnvidia-glcore.so.580.173.02)
      n1: 825080 0x53D344F: ??? (in /usr/lib/x86_64-linux-gnu/libGLX_nvidia.so.580.173.02)
       n1: 825080 0x54010E9: ??? (in /usr/lib/x86_64-linux-gnu/libGLX_nvidia.so.580.173.02)
        n1: 825080 0x53605B1: ??? (in /usr/lib/x86_64-linux-gnu/libGLX.so.0.0.0)
         n1: 825080 0x53629A1: ??? (in /usr/lib/x86_64-linux-gnu/libGLX.so.0.0.0)
          n1: 825080 0x53675E4: ??? (in /usr/lib/x86_64-linux-gnu/libGLX.so.0.0.0)
           n1: 825080 0x2BF65D: glutin::api::glx::last_glx_error (in /home/killpop/Рабочий стол/some/pathfinders/target/release/pathfinding_algorithms)
            n1: 825080 0x27BBB5: <glutin::context::NotCurrentContext as glutin::context::NotCurrentGlContextSurfaceAccessor<T>>::make_current (in /home/killpop/Рабочий стол/some/pathfinders/target/release/pathfinding_algorithms)
             n1: 825080 0x291765: glutin_window::GlutinWindow::from_raw (in /home/killpop/Рабочий стол/some/pathfinders/target/release/pathfinding_algorithms)
              n1: 825080 0x290C68: glutin_window::GlutinWindow::new (in /home/killpop/Рабочий стол/some/pathfinders/target/release/pathfinding_algorithms)
               n1: 825080 0x23C14A: <piston_window::prelude::PistonWindow<W> as window::BuildFromWindowSettings>::build_from_window_settings (in /home/killpop/Рабочий стол/some/pathfinders/target/release/pathfinding_algorithms)
                n1: 825080 0x22E598: pathfinding_algorithms::main (in /home/killpop/Рабочий стол/some/pathfinders/target/release/pathfinding_algorithms)
                 n1: 825080 0x24E8E2: std::sys::backtrace::__rust_begin_short_backtrace (in /home/killpop/Рабочий стол/some/pathfinders/target/release/pathfinding_algorithms)
                  n1: 825080 0x23C5B8: std::rt::lang_start::{{closure}} (in /home/killpop/Рабочий стол/some/pathfinders/target/release/pathfinding_algorithms)
                   n1: 825080 0x44BFC3: std::rt::lang_start_internal (in /home/killpop/Рабочий стол/some/pathfinders/target/release/pathfinding_algorithms)
                    n0: 825080 0x236444: main (in /home/killpop/Рабочий стол/some/pathfinders/target/release/pathfinding_algorithms)
  n0: 781351 in 116 places, all below massif's threshold (1.00%)
  n1: 307311 0x5C75DBB: ??? (in /usr/lib/x86_64-linux-gnu/libnvidia-glcore.so.580.173.02)
   n1: 307311 0x53FAEBF: ??? (in /usr/lib/x86_64-linux-gnu/libGLX_nvidia.so.580.173.02)
    n1: 307311 0x5403FDB: ??? (in /usr/lib/x86_64-linux-gnu/libGLX_nvidia.so.580.173.02)
     n1: 307311 0x53D0A5A: ??? (in /usr/lib/x86_64-linux-gnu/libGLX_nvidia.so.580.173.02)
      n1: 307311 0x542C401: ??? (in /usr/lib/x86_64-linux-gnu/libGLX_nvidia.so.580.173.02)
       n1: 307311 0x53D0012: ??? (in /usr/lib/x86_64-linux-gnu/libGLX_nvidia.so.580.173.02)
        n1: 307311 0x4005823: call_init (dl-init.c:120)
         n1: 307311 0x4005823: _dl_init (dl-init.c:121)
          n1: 307311 0x40015B1: _dl_catch_exception (dl-catch.c:211)
           n1: 307311 0x400CD7B: dl_open_worker (dl-open.c:829)
            n1: 307311 0x400CD7B: dl_open_worker (dl-open.c:792)
             n1: 307311 0x400151B: _dl_catch_exception (dl-catch.c:237)
              n1: 307311 0x400D163: _dl_open (dl-open.c:905)
               n1: 307311 0x4A22283: dlopen_doit (dlopen.c:56)
                n1: 307311 0x400151B: _dl_catch_exception (dl-catch.c:237)
                 n1: 307311 0x4001668: _dl_catch_error (dl-catch.c:256)
                  n1: 307311 0x4A21D62: _dlerror_run (dlerror.c:138)
                   n1: 307311 0x4A2233E: dlopen_implementation (dlopen.c:71)
                    n1: 307311 0x4A2233E: dlopen@@GLIBC_2.34 (dlopen.c:81)
                     n1: 307311 0x536530A: ??? (in /usr/lib/x86_64-linux-gnu/libGLX.so.0.0.0)
                      n1: 307311 0x5367BAC: ??? (in /usr/lib/x86_64-linux-gnu/libGLX.so.0.0.0)
                       n1: 307311 0x53683B5: glXGetClientString (in /usr/lib/x86_64-linux-gnu/libGLX.so.0.0.0)
                        n1: 307311 0x3C956E: glutin::api::glx::display::Display::new (in /home/killpop/Рабочий стол/some/pathfinders/target/release/pathfinding_algorithms)
                         n1: 307311 0x3C7D97: glutin::display::Display::new (in /home/killpop/Рабочий стол/some/pathfinders/target/release/pathfinding_algorithms)
                          n1: 307311 0x27BED9: glutin_winit::DisplayBuilder::build (in /home/killpop/Рабочий стол/some/pathfinders/target/release/pathfinding_algorithms)
                           n1: 307311 0x290F37: glutin_window::GlutinWindow::from_raw (in /home/killpop/Рабочий стол/some/pathfinders/target/release/pathfinding_algorithms)
                            n1: 307311 0x290C68: glutin_window::GlutinWindow::new (in /home/killpop/Рабочий стол/some/pathfinders/target/release/pathfinding_algorithms)
                             n1: 307311 0x23C14A: <piston_window::prelude::PistonWindow<W> as window::BuildFromWindowSettings>::build_from_window_settings (in /home/killpop/Рабочий стол/some/pathfinders/target/release/pathfinding_algorithms)
                              n1: 307311 0x22E598: pathfinding_algorithms::main (in /home/killpop/Рабочий стол/some/pathfinders/target/release/pathfinding_algorithms)
                               n1: 307311 0x24E8E2: std::sys::backtrace::__rust_begin_short_backtrace (in /home/killpop/Рабочий стол/some/pathfinders/target/release/pathfinding_algorithms)
                                n1: 307311 0x23C5B8: std::rt::lang_start::{{closure}} (in /home/killpop/Рабочий стол/some/pathfinders/target/release/pathfinding_algorithms)
                                 n0: 307311 0x44BFC3: std::rt::lang_start_internal (in /home/killpop/Рабочий стол/some/pathfinders/target/release/pathfinding_algorithms)
  n1: 171760 0x5F6FCFE: ??? (in /usr/lib/x86_64-linux-gnu/libnvidia-glcore.so.580.173.02)
   n1: 171760 0x5F81285: ??? (in /usr/lib/x86_64-linux-gnu/libnvidia-glcore.so.580.173.02)
    n1: 171760 0x5F3A8EB: ??? (in /usr/lib/x86_64-linux-gnu/libnvidia-glcore.so.580.173.02)
     n1: 171760 0x53D344F: ??? (in /usr/lib/x86_64-linux-gnu/libGLX_nvidia.so.580.173.02)
      n1: 171760 0x54010E9: ??? (in /usr/lib/x86_64-linux-gnu/libGLX_nvidia.so.580.173.02)
       n1: 171760 0x53605B1: ??? (in /usr/lib/x86_64-linux-gnu/libGLX.so.0.0.0)
        n1: 171760 0x53629A1: ??? (in /usr/lib/x86_64-linux-gnu/libGLX.so.0.0.0)
         n1: 171760 0x53675E4: ??? (in /usr/lib/x86_64-linux-gnu/libGLX.so.0.0.0)
          n1: 171760 0x2BF65D: glutin::api::glx::last_glx_error (in /home/killpop/Рабочий стол/some/pathfinders/target/release/pathfinding_algorithms)
           n1: 171760 0x27BBB5: <glutin::context::NotCurrentContext as glutin::context::NotCurrentGlContextSurfaceAccessor<T>>::make_current (in /home/killpop/Рабочий стол/some/pathfinders/target/release/pathfinding_algorithms)
            n1: 171760 0x291765: glutin_window::GlutinWindow::from_raw (in /home/killpop/Рабочий стол/some/pathfinders/target/release/pathfinding_algorithms)
             n1: 171760 0x290C68: glutin_window::GlutinWindow::new (in /home/killpop/Рабочий стол/some/pathfinders/target/release/pathfinding_algorithms)
              n1: 171760 0x23C14A: <piston_window::prelude::PistonWindow<W> as window::BuildFromWindowSettings>::build_from_window_settings (in /home/killpop/Рабочий стол/some/pathfinders/target/release/pathfinding_algorithms)
               n1: 171760 0x22E598: pathfinding_algorithms::main (in /home/killpop/Рабочий стол/some/pathfinders/target/release/pathfinding_algorithms)
                n1: 171760 0x24E8E2: std::sys::backtrace::__rust_begin_short_backtrace (in /home/killpop/Рабочий стол/some/pathfinders/target/release/pathfinding_algorithms)
                 n1: 171760 0x23C5B8: std::rt::lang_start::{{closure}} (in /home/killpop/Рабочий стол/some/pathfinders/target/release/pathfinding_algorithms)
                  n1: 171760 0x44BFC3: std::rt::lang_start_internal (in /home/killpop/Рабочий стол/some/pathfinders/target/release/pathfinding_algorithms)
                   n0: 171760 0x236444: main (in /home/killpop/Рабочий стол/some/pathfinders/target/release/pathfinding_algorithms)
  n1: 167504 0x53D4323: ??? (in /usr/lib/x86_64-linux-gnu/libGLX_nvidia.so.580.173.02)
   n1: 167504 0x53D44D7: ??? (in /usr/lib/x86_64-linux-gnu/libGLX_nvidia.so.580.173.02)
    n1: 167504 0x53FA5E4: ??? (in /usr/lib/x86_64-linux-gnu/libGLX_nvidia.so.580.173.02)
     n1: 167504 0x53FF9E7: ??? (in /usr/lib/x86_64-linux-gnu/libGLX_nvidia.so.580.173.02)
      n1: 167504 0x53F4045: glXCreateContextAttribsARB (in /usr/lib/x86_64-linux-gnu/libGLX_nvidia.so.580.173.02)
       n1: 167504 0x5367E02: ??? (in /usr/lib/x86_64-linux-gnu/libGLX.so.0.0.0)
        n1: 167504 0x3C0110: glutin::api::glx::last_glx_error (in /home/killpop/Рабочий стол/some/pathfinders/target/release/pathfinding_algorithms)
         n1: 167504 0x3C92F0: glutin::api::glx::context::<impl glutin::api::glx::display::Display>::create_context (in /home/killpop/Рабочий стол/some/pathfinders/target/release/pathfinding_algorithms)
          n1: 167504 0x3C80BD: <glutin::display::Display as glutin::display::GlDisplay>::create_context (in /home/killpop/Рабочий стол/some/pathfinders/target/release/pathfinding_algorithms)
           n1: 167504 0x29145D: glutin_window::GlutinWindow::from_raw (in /home/killpop/Рабочий стол/some/pathfinders/target/release/pathfinding_algorithms)
            n1: 167504 0x290C68: glutin_window::GlutinWindow::new (in /home/killpop/Рабочий стол/some/pathfinders/target/release/pathfinding_algorithms)
             n1: 167504 0x23C14A: <piston_window::prelude::PistonWindow<W> as window::BuildFromWindowSettings>::build_from_window_settings (in /home/killpop/Рабочий стол/some/pathfinders/target/release/pathfinding_algorithms)
              n1: 167504 0x22E598: pathfinding_algorithms::main (in /home/killpop/Рабочий стол/some/pathfinders/target/release/pathfinding_algorithms)
               n1: 167504 0x24E8E2: std::sys::backtrace::__rust_begin_short_backtrace (in /home/killpop/Рабочий стол/some/pathfinders/target/release/pathfinding_algorithms)
                n1: 167504 0x23C5B8: std::rt::lang_start::{{closure}} (in /home/killpop/Рабочий стол/some/pathfinders/target/release/pathfinding_algorithms)
                 n1: 167504 0x44BFC3: std::rt::lang_start_internal (in /home/killpop/Рабочий стол/some/pathfinders/target/release/pathfinding_algorithms)
                  n0: 167504 0x236444: main (in /home/killpop/Рабочий стол/some/pathfinders/target/release/pathfinding_algorithms)
  n1: 163840 0x5FC2EB6: ??? (in /usr/lib/x86_64-linux-gnu/libnvidia-glcore.so.580.173.02)
   n1: 163840 0x5F95B81: ??? (in /usr/lib/x86_64-linux-gnu/libnvidia-glcore.so.580.173.02)
    n1: 163840 0x5F96561: ??? (in /usr/lib/x86_64-linux-gnu/libnvidia-glcore.so.580.173.02)
     n1: 163840 0x5F80DCB: ??? (in /usr/lib/x86_64-linux-gnu/libnvidia-glcore.so.580.173.02)
      n1: 163840 0x5F3A8EB: ??? (in /usr/lib/x86_64-linux-gnu/libnvidia-glcore.so.580.173.02)
       n1: 163840 0x53D344F: ??? (in /usr/lib/x86_64-linux-gnu/libGLX_nvidia.so.580.173.02)
        n1: 163840 0x54010E9: ??? (in /usr/lib/x86_64-linux-gnu/libGLX_nvidia.so.580.173.02)
         n1: 163840 0x53605B1: ??? (in /usr/lib/x86_64-linux-gnu/libGLX.so.0.0.0)
          n1: 163840 0x53629A1: ??? (in /usr/lib/x86_64-linux-gnu/libGLX.so.0.0.0)
           n1: 163840 0x53675E4: ??? (in /usr/lib/x86_64-linux-gnu/libGLX.so.0.0.0)
            n1: 163840 0x2BF65D: glutin::api::glx::last_glx_error (in /home/killpop/Рабочий стол/some/pathfinders/target/release/pathfinding_algorithms)
             n1: 163840 0x27BBB5: <glutin::context::NotCurrentContext as glutin::context::NotCurrentGlContextSurfaceAccessor<T>>::make_current (in /home/killpop/Рабочий стол/some/pathfinders/target/release/pathfinding_algorithms)
              n1: 163840 0x291765: glutin_window::GlutinWindow::from_raw (in /home/killpop/Рабочий стол/some/pathfinders/target/release/pathfinding_algorithms)
               n1: 163840 0x290C68: glutin_window::GlutinWindow::new (in /home/killpop/Рабочий стол/some/pathfinders/target/release/pathfinding_algorithms)
                n1: 163840 0x23C14A: <piston_window::prelude::PistonWindow<W> as window::BuildFromWindowSettings>::build_from_window_settings (in /home/killpop/Рабочий стол/some/pathfinders/target/release/pathfinding_algorithms)
                 n1: 163840 0x22E598: pathfinding_algorithms::main (in /home/killpop/Рабочий стол/some/pathfinders/target/release/pathfinding_algorithms)
                  n1: 163840 0x24E8E2: std::sys::backtrace::__rust_begin_short_backtrace (in /home/killpop/Рабочий стол/some/pathfinders/target/release/pathfinding_algorithms)
                   n1: 163840 0x23C5B8: std::rt::lang_start::{{closure}} (in /home/killpop/Рабочий стол/some/pathfinders/target/release/pathfinding_algorithms)
                    n1: 163840 0x44BFC3: std::rt::lang_start_internal (in /home/killpop/Рабочий стол/some/pathfinders/target/release/pathfinding_algorithms)
                     n0: 163840 0x236444: main (in /home/killpop/Рабочий стол/some/pathfinders/target/release/pathfinding_algorithms)
  n1: 154512 0x5F95879: ??? (in /usr/lib/x86_64-linux-gnu/libnvidia-glcore.so.580.173.02)
   n1: 154512 0x5F96561: ??? (in /usr/lib/x86_64-linux-gnu/libnvidia-glcore.so.580.173.02)
    n1: 154512 0x5F80DCB: ??? (in /usr/lib/x86_64-linux-gnu/libnvidia-glcore.so.580.173.02)
     n1: 154512 0x5F3A8EB: ??? (in /usr/lib/x86_64-linux-gnu/libnvidia-glcore.so.580.173.02)
      n1: 154512 0x53D344F: ??? (in /usr/lib/x86_64-linux-gnu/libGLX_nvidia.so.580.173.02)
       n1: 154512 0x54010E9: ??? (in /usr/lib/x86_64-linux-gnu/libGLX_nvidia.so.580.173.02)
        n1: 154512 0x53605B1: ??? (in /usr/lib/x86_64-linux-gnu/libGLX.so.0.0.0)
         n1: 154512 0x53629A1: ??? (in /usr/lib/x86_64-linux-gnu/libGLX.so.0.0.0)
          n1: 154512 0x53675E4: ??? (in /usr/lib/x86_64-linux-gnu/libGLX.so.0.0.0)
           n1: 154512 0x2BF65D: glutin::api::glx::last_glx_error (in /home/killpop/Рабочий стол/some/pathfinders/target/release/pathfinding_algorithms)
            n1: 154512 0x27BBB5: <glutin::context::NotCurrentContext as glutin::context::NotCurrentGlContextSurfaceAccessor<T>>::make_current (in /home/killpop/Рабочий стол/some/pathfinders/target/release/pathfinding_algorithms)
             n1: 154512 0x291765: glutin_window::GlutinWindow::from_raw (in /home/killpop/Рабочий стол/some/pathfinders/target/release/pathfinding_algorithms)
              n1: 154512 0x290C68: glutin_window::GlutinWindow::new (in /home/killpop/Рабочий стол/some/pathfinders/target/release/pathfinding_algorithms)
               n1: 154512 0x23C14A: <piston_window::prelude::PistonWindow<W> as window::BuildFromWindowSettings>::build_from_window_settings (in /home/killpop/Рабочий стол/some/pathfinders/target/release/pathfinding_algorithms)
                n1: 154512 0x22E598: pathfinding_algorithms::main (in /home/killpop/Рабочий стол/some/pathfinders/target/release/pathfinding_algorithms)
                 n1: 154512 0x24E8E2: std::sys::backtrace::__rust_begin_short_backtrace (in /home/killpop/Рабочий стол/some/pathfinders/target/release/pathfinding_algorithms)
                  n1: 154512 0x23C5B8: std::rt::lang_start::{{closure}} (in /home/killpop/Рабочий стол/some/pathfinders/target/release/pathfinding_algorithms)
                   n1: 154512 0x44BFC3: std::rt::lang_start_internal (in /home/killpop/Рабочий стол/some/pathfinders/target/release/pathfinding_algorithms)
                    n0: 154512 0x236444: main (in /home/killpop/Рабочий стол/some/pathfinders/target/release/pathfinding_algorithms)
  n1: 150472 0x5F3836F: ??? (in /usr/lib/x86_64-linux-gnu/libnvidia-glcore.so.580.173.02)
   n1: 150472 0x5F4C655: ??? (in /usr/lib/x86_64-linux-gnu/libnvidia-glcore.so.580.173.02)
    n1: 150472 0x53D43A0: ??? (in /usr/lib/x86_64-linux-gnu/libGLX_nvidia.so.580.173.02)
     n1: 150472 0x53D44D7: ??? (in /usr/lib/x86_64-linux-gnu/libGLX_nvidia.so.580.173.02)
      n1: 150472 0x53FA5E4: ??? (in /usr/lib/x86_64-linux-gnu/libGLX_nvidia.so.580.173.02)
       n1: 150472 0x53FF9E7: ??? (in /usr/lib/x86_64-linux-gnu/libGLX_nvidia.so.580.173.02)
        n1: 150472 0x53F4045: glXCreateContextAttribsARB (in /usr/lib/x86_64-linux-gnu/libGLX_nvidia.so.580.173.02)
         n1: 150472 0x5367E02: ??? (in /usr/lib/x86_64-linux-gnu/libGLX.so.0.0.0)
          n1: 150472 0x3C0110: glutin::api::glx::last_glx_error (in /home/killpop/Рабочий стол/some/pathfinders/target/release/pathfinding_algorithms)
           n1: 150472 0x3C92F0: glutin::api::glx::context::<impl glutin::api::glx::display::Display>::create_context (in /home/killpop/Рабочий стол/some/pathfinders/target/release/pathfinding_algorithms)
            n1: 150472 0x3C80BD: <glutin::display::Display as glutin::display::GlDisplay>::create_context (in /home/killpop/Рабочий стол/some/pathfinders/target/release/pathfinding_algorithms)
             n1: 150472 0x29145D: glutin_window::GlutinWindow::from_raw (in /home/killpop/Рабочий стол/some/pathfinders/target/release/pathfinding_algorithms)
              n1: 150472 0x290C68: glutin_window::GlutinWindow::new (in /home/killpop/Рабочий стол/some/pathfinders/target/release/pathfinding_algorithms)
               n1: 150472 0x23C14A: <piston_window::prelude::PistonWindow<W> as window::BuildFromWindowSettings>::build_from_window_settings (in /home/killpop/Рабочий стол/some/pathfinders/target/release/pathfinding_algorithms)
                n1: 150472 0x22E598: pathfinding_algorithms::main (in /home/killpop/Рабочий стол/some/pathfinders/target/release/pathfinding_algorithms)
                 n1: 150472 0x24E8E2: std::sys::backtrace::__rust_begin_short_backtrace (in /home/killpop/Рабочий стол/some/pathfinders/target/release/pathfinding_algorithms)
                  n1: 150472 0x23C5B8: std::rt::lang_start::{{closure}} (in /home/killpop/Рабочий стол/some/pathfinders/target/release/pathfinding_algorithms)
                   n1: 150472 0x44BFC3: std::rt::lang_start_internal (in /home/killpop/Рабочий стол/some/pathfinders/target/release/pathfinding_algorithms)
                    n0: 150472 0x236444: main (in /home/killpop/Рабочий стол/some/pathfinders/target/release/pathfinding_algorithms)
  n1: 123648 0x65CBF3F: ??? (in /usr/lib/x86_64-linux-gnu/libnvidia-glcore.so.580.173.02)
   n0: 123648 in 8 places, all below massif's threshold (1.00%)
 n3: 1881728 0x41A83E: alloc::raw_vec::RawVecInner<A>::finish_grow (in /home/killpop/Рабочий стол/some/pathfinders/target/release/pathfinding_algorithms)
  n3: 1697600 0x41A8F3: alloc::raw_vec::RawVecInner<A>::reserve::do_reserve_and_handle (in /home/killpop/Рабочий стол/some/pathfinders/target/release/pathfinding_algorithms)
   n1: 1310720 0x408A94: <gfx_device_gl::command::CommandBuffer as gfx_core::command::Buffer<gfx_device_gl::Resources>>::set_ref_values (in /home/killpop/Рабочий стол/some/pathfinders/target/release/pathfinding_algorithms)
    n1: 1310720 0x2504DC: gfx::encoder::Encoder<R,C>::draw (in /home/killpop/Рабочий стол/some/pathfinders/target/release/pathfinding_algorithms)
     n1: 1310720 0x22C9E7: <gfx_graphics::back_end::GfxGraphics<R,C> as graphics::graphics::Graphics>::tri_list_uv (in /home/killpop/Рабочий стол/some/pathfinders/target/release/pathfinding_algorithms)
      n1: 1310720 0x252733: graphics::image::Image::draw_tri (in /home/killpop/Рабочий стол/some/pathfinders/target/release/pathfinding_algorithms)
       n2: 1310720 0x23BD6F: graphics::text::Text::draw (in /home/killpop/Рабочий стол/some/pathfinders/target/release/pathfinding_algorithms)
        n1: 1310720 0x2449C3: pathfinding_algorithms::app::App::render (in /home/killpop/Рабочий стол/some/pathfinders/target/release/pathfinding_algorithms)
         n1: 1310720 0x242457: pathfinding_algorithms::menu::AppMenu::render (in /home/killpop/Рабочий стол/some/pathfinders/target/release/pathfinding_algorithms)
          n1: 1310720 0x22AA7C: gfx_graphics::back_end::Gfx2d<R>::draw (in /home/killpop/Рабочий стол/some/pathfinders/target/release/pathfinding_algorithms)
           n1: 1310720 0x22E9E5: pathfinding_algorithms::main (in /home/killpop/Рабочий стол/some/pathfinders/target/release/pathfinding_algorithms)
            n1: 1310720 0x24E8E2: std::sys::backtrace::__rust_begin_short_backtrace (in /home/killpop/Рабочий стол/some/pathfinders/target/release/pathfinding_algorithms)
             n1: 1310720 0x23C5B8: std::rt::lang_start::{{closure}} (in /home/killpop/Рабочий стол/some/pathfinders/target/release/pathfinding_algorithms)
              n1: 1310720 0x44BFC3: std::rt::lang_start_internal (in /home/killpop/Рабочий стол/some/pathfinders/target/release/pathfinding_algorithms)
               n0: 1310720 0x236444: main (in /home/killpop/Рабочий стол/some/pathfinders/target/release/pathfinding_algorithms)
        n0: 0 in 1 place, below massif's threshold (1.00%)
   n2: 196608 0x408958: <gfx_device_gl::command::CommandBuffer as gfx_core::command::Buffer<gfx_device_gl::Resources>>::update_buffer (in /home/killpop/Рабочий стол/some/pathfinders/target/release/pathfinding_algorithms)
    n2: 196608 0x24F95F: gfx::encoder::Encoder<R,C>::update_buffer (in /home/killpop/Рабочий стол/some/pathfinders/target/release/pathfinding_algorithms)
     n1: 196608 0x22D265: <gfx_graphics::back_end::GfxGraphics<R,C> as graphics::graphics::Graphics>::tri_list (in /home/killpop/Рабочий стол/some/pathfinders/target/release/pathfinding_algorithms)
      n1: 196608 0x24C862: graphics::rectangle::Rectangle::draw_tri (in /home/killpop/Рабочий стол/some/pathfinders/target/release/pathfinding_algorithms)
       n1: 196608 0x2447BA: pathfinding_algorithms::app::App::render (in /home/killpop/Рабочий стол/some/pathfinders/target/release/pathfinding_algorithms)
        n1: 196608 0x242457: pathfinding_algorithms::menu::AppMenu::render (in /home/killpop/Рабочий стол/some/pathfinders/target/release/pathfinding_algorithms)
         n1: 196608 0x22AA7C: gfx_graphics::back_end::Gfx2d<R>::draw (in /home/killpop/Рабочий стол/some/pathfinders/target/release/pathfinding_algorithms)
          n1: 196608 0x22E9E5: pathfinding_algorithms::main (in /home/killpop/Рабочий стол/some/pathfinders/target/release/pathfinding_algorithms)
           n1: 196608 0x24E8E2: std::sys::backtrace::__rust_begin_short_backtrace (in /home/killpop/Рабочий стол/some/pathfinders/target/release/pathfinding_algorithms)
            n1: 196608 0x23C5B8: std::rt::lang_start::{{closure}} (in /home/killpop/Рабочий стол/some/pathfinders/target/release/pathfinding_algorithms)
             n1: 196608 0x44BFC3: std::rt::lang_start_internal (in /home/killpop/Рабочий стол/some/pathfinders/target/release/pathfinding_algorithms)
              n0: 196608 0x236444: main (in /home/killpop/Рабочий стол/some/pathfinders/target/release/pathfinding_algorithms)
     n0: 0 in 1 place, below massif's threshold (1.00%)
    n0: 0 in 2 places, all below massif's threshold (1.00%)
   n0: 190272 in 11 places, all below massif's threshold (1.00%)
  n1: 181568 0x41A659: alloc::raw_vec::RawVec<T,A>::grow_one (in /home/killpop/Рабочий стол/some/pathfinders/target/release/pathfinding_algorithms)
   n0: 181568 in 16 places, all below massif's threshold (1.00%)
  n0: 2560 in 1 place, below massif's threshold (1.00%)
 n0: 1032201 in 441 places, all below massif's threshold (1.00%)
 n1: 241664 0x52D64D7: ??? (in /usr/lib/x86_64-linux-gnu/libGLdispatch.so.0.0.0)
  n1: 241664 0x52D6C11: ??? (in /usr/lib/x86_64-linux-gnu/libGLdispatch.so.0.0.0)
   n1: 241664 0x52D6E68: __glDispatchMakeCurrent (in /usr/lib/x86_64-linux-gnu/libGLdispatch.so.0.0.0)
    n1: 241664 0x5362923: ??? (in /usr/lib/x86_64-linux-gnu/libGLX.so.0.0.0)
     n1: 241664 0x53675E4: ??? (in /usr/lib/x86_64-linux-gnu/libGLX.so.0.0.0)
      n1: 241664 0x2BF65D: glutin::api::glx::last_glx_error (in /home/killpop/Рабочий стол/some/pathfinders/target/release/pathfinding_algorithms)
       n1: 241664 0x27BBB5: <glutin::context::NotCurrentContext as glutin::context::NotCurrentGlContextSurfaceAccessor<T>>::make_current (in /home/killpop/Рабочий стол/some/pathfinders/target/release/pathfinding_algorithms)
        n1: 241664 0x291765: glutin_window::GlutinWindow::from_raw (in /home/killpop/Рабочий стол/some/pathfinders/target/release/pathfinding_algorithms)
         n1: 241664 0x290C68: glutin_window::GlutinWindow::new (in /home/killpop/Рабочий стол/some/pathfinders/target/release/pathfinding_algorithms)
          n1: 241664 0x23C14A: <piston_window::prelude::PistonWindow<W> as window::BuildFromWindowSettings>::build_from_window_settings (in /home/killpop/Рабочий стол/some/pathfinders/target/release/pathfinding_algorithms)
           n1: 241664 0x22E598: pathfinding_algorithms::main (in /home/killpop/Рабочий стол/some/pathfinders/target/release/pathfinding_algorithms)
            n1: 241664 0x24E8E2: std::sys::backtrace::__rust_begin_short_backtrace (in /home/killpop/Рабочий стол/some/pathfinders/target/release/pathfinding_algorithms)
             n1: 241664 0x23C5B8: std::rt::lang_start::{{closure}} (in /home/killpop/Рабочий стол/some/pathfinders/target/release/pathfinding_algorithms)
              n1: 241664 0x44BFC3: std::rt::lang_start_internal (in /home/killpop/Рабочий стол/some/pathfinders/target/release/pathfinding_algorithms)
               n0: 241664 0x236444: main (in /home/killpop/Рабочий стол/some/pathfinders/target/release/pathfinding_algorithms)
 n1: 149594 0x9B5EE4D: ??? (in /usr/lib/x86_64-linux-gnu/libnvidia-gpucomp.so.580.173.02)
  n1: 149594 0x9B0E478: ??? (in /usr/lib/x86_64-linux-gnu/libnvidia-gpucomp.so.580.173.02)
   n1: 149594 0x82C24BF: ??? (in /usr/lib/x86_64-linux-gnu/libnvidia-gpucomp.so.580.173.02)
    n0: 149594 in 58 places, all below massif's threshold (1.00%)
#-----------
snapshot=86
#-----------
time=10489103333
mem_heap_B=11345820
mem_heap_extra_B=126876
mem_stacks_B=0
heap_tree=empty
#-----------
snapshot=87
#-----------
time=10583577858
mem_heap_B=11345820
mem_heap_extra_B=126876
mem_stacks_B=0
heap_tree=empty
#-----------
snapshot=88
#-----------
time=10678052391
mem_heap_B=11345820
mem_heap_extra_B=126876
mem_stacks_B=0
heap_tree=empty
#-----------
snapshot=89
#-----------
time=10772526492
mem_heap_B=11346028
mem_heap_extra_B=126868
mem_stacks_B=0
heap_tree=empty
#-----------
snapshot=90
#-----------
time=10867001120
mem_heap_B=11346028
mem_heap_extra_B=126868
mem_stacks_B=0
heap_tree=empty
#-----------
snapshot=91
#-----------
time=10961484941
mem_heap_B=11347308
mem_heap_extra_B=126868
mem_stacks_B=0
heap_tree=empty
#-----------
snapshot=92
#-----------
time=11055959207
mem_heap_B=11347100
mem_heap_extra_B=126860
mem_stacks_B=0
heap_tree=empty
