desc: --massif-out-file=./massif_result.out
cmd: ./target/release/pathfinding_algorithms
time_unit: i
#-----------
snapshot=0
#-----------
time=0
mem_heap_B=0
mem_heap_extra_B=0
mem_stacks_B=0
heap_tree=empty
#-----------
snapshot=1
#-----------
time=73476391
mem_heap_B=4189915
mem_heap_extra_B=93677
mem_stacks_B=0
heap_tree=detailed
n10: 4189915 (heap allocation functions) malloc/new/new[], --alloc-fns, etc.
 n4: 2155856 0x5F521C1: ??? (in /usr/lib/x86_64-linux-gnu/libnvidia-glcore.so.580.173.02)
  n1: 1638400 0x5C0DD8F: ??? (in /usr/lib/x86_64-linux-gnu/libnvidia-glcore.so.580.173.02)
   n1: 1638400 0x5F88378: ??? (in /usr/lib/x86_64-linux-gnu/libnvidia-glcore.so.580.173.02)
    n1: 1638400 0x5F3A724: ??? (in /usr/lib/x86_64-linux-gnu/libnvidia-glcore.so.580.173.02)
     n1: 1638400 0x53D313F: ??? (in /usr/lib/x86_64-linux-gnu/libGLX_nvidia.so.580.173.02)
      n1: 1638400 0x53FA624: ??? (in /usr/lib/x86_64-linux-gnu/libGLX_nvidia.so.580.173.02)
       n1: 1638400 0x53FF9E7: ??? (in /usr/lib/x86_64-linux-gnu/libGLX_nvidia.so.580.173.02)
        n1: 1638400 0x53F4045: glXCreateContextAttribsARB (in /usr/lib/x86_64-linux-gnu/libGLX_nvidia.so.580.173.02)
         n1: 1638400 0x5367E02: ??? (in /usr/lib/x86_64-linux-gnu/libGLX.so.0.0.0)
          n1: 1638400 0x51CE30: glutin::api::glx::last_glx_error (in /home/killpop/Рабочий стол/some/pathfinders/target/release/pathfinding_algorithms)
           n1: 1638400 0x5258A0: glutin::api::glx::context::<impl glutin::api::glx::display::Display>::create_context (in /home/killpop/Рабочий стол/some/pathfinders/target/release/pathfinding_algorithms)
            n1: 1638400 0x52466D: <glutin::display::Display as glutin::display::GlDisplay>::create_context (in /home/killpop/Рабочий стол/some/pathfinders/target/release/pathfinding_algorithms)
             n1: 1638400 0x3FB44B: glutin_window::GlutinWindow::from_raw (in /home/killpop/Рабочий стол/some/pathfinders/target/release/pathfinding_algorithms)
              n1: 1638400 0x3FAC58: glutin_window::GlutinWindow::new (in /home/killpop/Рабочий стол/some/pathfinders/target/release/pathfinding_algorithms)
               n1: 1638400 0x2B04F2: <piston_window::prelude::PistonWindow<W> as window::BuildFromWindowSettings>::build_from_window_settings (in /home/killpop/Рабочий стол/some/pathfinders/target/release/pathfinding_algorithms)
                n1: 1638400 0x2A0422: pathfinding_algorithms::main (in /home/killpop/Рабочий стол/some/pathfinders/target/release/pathfinding_algorithms)
                 n1: 1638400 0x2A7A52: std::sys::backtrace::__rust_begin_short_backtrace (in /home/killpop/Рабочий стол/some/pathfinders/target/release/pathfinding_algorithms)
                  n1: 1638400 0x273ED8: std::rt::lang_start::{{closure}} (in /home/killpop/Рабочий стол/some/pathfinders/target/release/pathfinding_algorithms)
                   n1: 1638400 0x5ABD43: std::rt::lang_start_internal (in /home/killpop/Рабочий стол/some/pathfinders/target/release/pathfinding_algorithms)
                    n0: 1638400 0x2A6A14: main (in /home/killpop/Рабочий стол/some/pathfinders/target/release/pathfinding_algorithms)
  n1: 262132 0x53FF724: ??? (in /usr/lib/x86_64-linux-gnu/libGLX_nvidia.so.580.173.02)
   n1: 262132 0x53F4045: glXCreateContextAttribsARB (in /usr/lib/x86_64-linux-gnu/libGLX_nvidia.so.580.173.02)
    n1: 262132 0x5367E02: ??? (in /usr/lib/x86_64-linux-gnu/libGLX.so.0.0.0)
     n1: 262132 0x51CE30: glutin::api::glx::last_glx_error (in /home/killpop/Рабочий стол/some/pathfinders/target/release/pathfinding_algorithms)
      n1: 262132 0x5258A0: glutin::api::glx::context::<impl glutin::api::glx::display::Display>::create_context (in /home/killpop/Рабочий стол/some/pathfinders/target/release/pathfinding_algorithms)
       n1: 262132 0x52466D: <glutin::display::Display as glutin::display::GlDisplay>::create_context (in /home/killpop/Рабочий стол/some/pathfinders/target/release/pathfinding_algorithms)
        n1: 262132 0x3FB44B: glutin_window::GlutinWindow::from_raw (in /home/killpop/Рабочий стол/some/pathfinders/target/release/pathfinding_algorithms)
         n1: 262132 0x3FAC58: glutin_window::GlutinWindow::new (in /home/killpop/Рабочий стол/some/pathfinders/target/release/pathfinding_algorithms)
          n1: 262132 0x2B04F2: <piston_window::prelude::PistonWindow<W> as window::BuildFromWindowSettings>::build_from_window_settings (in /home/killpop/Рабочий стол/some/pathfinders/target/release/pathfinding_algorithms)
           n1: 262132 0x2A0422: pathfinding_algorithms::main (in /home/killpop/Рабочий стол/some/pathfinders/target/release/pathfinding_algorithms)
            n1: 262132 0x2A7A52: std::sys::backtrace::__rust_begin_short_backtrace (in /home/killpop/Рабочий стол/some/pathfinders/target/release/pathfinding_algorithms)
             n1: 262132 0x273ED8: std::rt::lang_start::{{closure}} (in /home/killpop/Рабочий стол/some/pathfinders/target/release/pathfinding_algorithms)
              n1: 262132 0x5ABD43: std::rt::lang_start_internal (in /home/killpop/Рабочий стол/some/pathfinders/target/release/pathfinding_algorithms)
               n0: 262132 0x2A6A14: main (in /home/killpop/Рабочий стол/some/pathfinders/target/release/pathfinding_algorithms)
  n1: 162000 0x653ADBC: ??? (in /usr/lib/x86_64-linux-gnu/libnvidia-glcore.so.580.173.02)
   n1: 162000 0x654403F: ??? (in /usr/lib/x86_64-linux-gnu/libnvidia-glcore.so.580.173.02)
    n1: 162000 0x5F4C308: ??? (in /usr/lib/x86_64-linux-gnu/libnvidia-glcore.so.580.173.02)
     n1: 162000 0x53D43A0: ??? (in /usr/lib/x86_64-linux-gnu/libGLX_nvidia.so.580.173.02)
      n1: 162000 0x53D44D7: ??? (in /usr/lib/x86_64-linux-gnu/libGLX_nvidia.so.580.173.02)
       n1: 162000 0x53FA5E4: ??? (in /usr/lib/x86_64-linux-gnu/libGLX_nvidia.so.580.173.02)
        n1: 162000 0x53FF9E7: ??? (in /usr/lib/x86_64-linux-gnu/libGLX_nvidia.so.580.173.02)
         n1: 162000 0x53F4045: glXCreateContextAttribsARB (in /usr/lib/x86_64-linux-gnu/libGLX_nvidia.so.580.173.02)
          n1: 162000 0x5367E02: ??? (in /usr/lib/x86_64-linux-gnu/libGLX.so.0.0.0)
           n1: 162000 0x51CE30: glutin::api::glx::last_glx_error (in /home/killpop/Рабочий стол/some/pathfinders/target/release/pathfinding_algorithms)
            n1: 162000 0x5258A0: glutin::api::glx::context::<impl glutin::api::glx::display::Display>::create_context (in /home/killpop/Рабочий стол/some/pathfinders/target/release/pathfinding_algorithms)
             n1: 162000 0x52466D: <glutin::display::Display as glutin::display::GlDisplay>::create_context (in /home/killpop/Рабочий стол/some/pathfinders/target/release/pathfinding_algorithms)
              n1: 162000 0x3FB44B: glutin_window::GlutinWindow::from_raw (in /home/killpop/Рабочий стол/some/pathfinders/target/release/pathfinding_algorithms)
               n1: 162000 0x3FAC58: glutin_window::GlutinWindow::new (in /home/killpop/Рабочий стол/some/pathfinders/target/release/pathfinding_algorithms)
                n1: 162000 0x2B04F2: <piston_window::prelude::PistonWindow<W> as window::BuildFromWindowSettings>::build_from_window_settings (in /home/killpop/Рабочий стол/some/pathfinders/target/release/pathfinding_algorithms)
                 n1: 162000 0x2A0422: pathfinding_algorithms::main (in /home/killpop/Рабочий стол/some/pathfinders/target/release/pathfinding_algorithms)
                  n1: 162000 0x2A7A52: std::sys::backtrace::__rust_begin_short_backtrace (in /home/killpop/Рабочий стол/some/pathfinders/target/release/pathfinding_algorithms)
                   n1: 162000 0x273ED8: std::rt::lang_start::{{closure}} (in /home/killpop/Рабочий стол/some/pathfinders/target/release/pathfinding_algorithms)
                    n1: 162000 0x5ABD43: std::rt::lang_start_internal (in /home/killpop/Рабочий стол/some/pathfinders/target/release/pathfinding_algorithms)
                     n0: 162000 0x2A6A14: main (in /home/killpop/Рабочий стол/some/pathfinders/target/release/pathfinding_algorithms)
  n0: 93324 in 96 places, all below massif's threshold (1.00%)
 n9: 1214231 0x5F5247D: ??? (in /usr/lib/x86_64-linux-gnu/libnvidia-glcore.so.580.173.02)
  n1: 307311 0x5C75DBB: ??? (in /usr/lib/x86_64-linux-gnu/libnvidia-glcore.so.580.173.02)
   n1: 307311 0x53FAEBF: ??? (in /usr/lib/x86_64-linux-gnu/libGLX_nvidia.so.580.173.02)
    n1: 307311 0x5403FDB: ??? (in /usr/lib/x86_64-linux-gnu/libGLX_nvidia.so.580.173.02)
     n1: 307311 0x53D0A5A: ??? (in /usr/lib/x86_64-linux-gnu/libGLX_nvidia.so.580.173.02)
      n1: 307311 0x542C401: ??? (in /usr/lib/x86_64-linux-gnu/libGLX_nvidia.so.580.173.02)
       n1: 307311 0x53D0012: ??? (in /usr/lib/x86_64-linux-gnu/libGLX_nvidia.so.580.173.02)
        n1: 307311 0x4005823: call_init (dl-init.c:120)
         n1: 307311 0x4005823: _dl_init (dl-init.c:121)
          n1: 307311 0x40015B1: _dl_catch_exception (dl-catch.c:211)
           n1: 307311 0x400CD7B: dl_open_worker (dl-open.c:829)
            n1: 307311 0x400CD7B: dl_open_worker (dl-open.c:792)
             n1: 307311 0x400151B: _dl_catch_exception (dl-catch.c:237)
              n1: 307311 0x400D163: _dl_open (dl-open.c:905)
               n1: 307311 0x4A22283: dlopen_doit (dlopen.c:56)
                n1: 307311 0x400151B: _dl_catch_exception (dl-catch.c:237)
                 n1: 307311 0x4001668: _dl_catch_error (dl-catch.c:256)
                  n1: 307311 0x4A21D62: _dlerror_run (dlerror.c:138)
                   n1: 307311 0x4A2233E: dlopen_implementation (dlopen.c:71)
                    n1: 307311 0x4A2233E: dlopen@@GLIBC_2.34 (dlopen.c:81)
                     n1: 307311 0x536530A: ??? (in /usr/lib/x86_64-linux-gnu/libGLX.so.0.0.0)
                      n1: 307311 0x5367BAC: ??? (in /usr/lib/x86_64-linux-gnu/libGLX.so.0.0.0)
                       n1: 307311 0x53683B5: glXGetClientString (in /usr/lib/x86_64-linux-gnu/libGLX.so.0.0.0)
                        n1: 307311 0x525B1E: glutin::api::glx::display::Display::new (in /home/killpop/Рабочий стол/some/pathfinders/target/release/pathfinding_algorithms)
                         n1: 307311 0x524347: glutin::display::Display::new (in /home/killpop/Рабочий стол/some/pathfinders/target/release/pathfinding_algorithms)
                          n1: 307311 0x415B79: glutin_winit::DisplayBuilder::build (in /home/killpop/Рабочий стол/some/pathfinders/target/release/pathfinding_algorithms)
                           n1: 307311 0x3FAF27: glutin_window::GlutinWindow::from_raw (in /home/killpop/Рабочий стол/some/pathfinders/target/release/pathfinding_algorithms)
                            n1: 307311 0x3FAC58: glutin_window::GlutinWindow::new (in /home/killpop/Рабочий стол/some/pathfinders/target/release/pathfinding_algorithms)
                             n1: 307311 0x2B04F2: <piston_window::prelude::PistonWindow<W> as window::BuildFromWindowSettings>::build_from_window_settings (in /home/killpop/Рабочий стол/some/pathfinders/target/release/pathfinding_algorithms)
                              n1: 307311 0x2A0422: pathfinding_algorithms::main (in /home/killpop/Рабочий стол/some/pathfinders/target/release/pathfinding_algorithms)
                               n1: 307311 0x2A7A52: std::sys::backtrace::__rust_begin_short_backtrace (in /home/killpop/Рабочий стол/some/pathfinders/target/release/pathfinding_algorithms)
                                n1: 307311 0x273ED8: std::rt::lang_start::{{closure}} (in /home/killpop/Рабочий стол/some/pathfinders/target/release/pathfinding_algorithms)
                                 n0: 307311 0x5ABD43: std::rt::lang_start_internal (in /home/killpop/Рабочий стол/some/pathfinders/target/release/pathfinding_algorithms)
  n0: 230288 in 48 places, all below massif's threshold (1.00%)
  n1: 167504 0x53D4323: ??? (in /usr/lib/x86_64-linux-gnu/libGLX_nvidia.so.580.173.02)
   n1: 167504 0x53D44D7: ??? (in /usr/lib/x86_64-linux-gnu/libGLX_nvidia.so.580.173.02)
    n1: 167504 0x53FA5E4: ??? (in /usr/lib/x86_64-linux-gnu/libGLX_nvidia.so.580.173.02)
     n1: 167504 0x53FF9E7: ??? (in /usr/lib/x86_64-linux-gnu/libGLX_nvidia.so.580.173.02)
      n1: 167504 0x53F4045: glXCreateContextAttribsARB (in /usr/lib/x86_64-linux-gnu/libGLX_nvidia.so.580.173.02)
       n1: 167504 0x5367E02: ??? (in /usr/lib/x86_64-linux-gnu/libGLX.so.0.0.0)
        n1: 167504 0x51CE30: glutin::api::glx::last_glx_error (in /home/killpop/Рабочий стол/some/pathfinders/target/release/pathfinding_algorithms)
         n1: 167504 0x5258A0: glutin::api::glx::context::<impl glutin::api::glx::display::Display>::create_context (in /home/killpop/Рабочий стол/some/pathfinders/target/release/pathfinding_algorithms)
          n1: 167504 0x52466D: <glutin::display::Display as glutin::display::GlDisplay>::create_context (in /home/killpop/Рабочий стол/some/pathfinders/target/release/pathfinding_algorithms)
           n1: 167504 0x3FB44B: glutin_window::GlutinWindow::from_raw (in /home/killpop/Рабочий стол/some/pathfinders/target/release/pathfinding_algorithms)
            n1: 167504 0x3FAC58: glutin_window::GlutinWindow::new (in /home/killpop/Рабочий стол/some/pathfinders/target/release/pathfinding_algorithms)
             n1: 167504 0x2B04F2: <piston_window::prelude::PistonWindow<W> as window::BuildFromWindowSettings>::build_from_window_settings (in /home/killpop/Рабочий стол/some/pathfinders/target/release/pathfinding_algorithms)
              n1: 167504 0x2A0422: pathfinding_algorithms::main (in /home/killpop/Рабочий стол/some/pathfinders/target/release/pathfinding_algorithms)
               n1: 167504 0x2A7A52: std::sys::backtrace::__rust_begin_short_backtrace (in /home/killpop/Рабочий стол/some/pathfinders/target/release/pathfinding_algorithms)
                n1: 167504 0x273ED8: std::rt::lang_start::{{closure}} (in /home/killpop/Рабочий стол/some/pathfinders/target/release/pathfinding_algorithms)
                 n1: 167504 0x5ABD43: std::rt::lang_start_internal (in /home/killpop/Рабочий стол/some/pathfinders/target/release/pathfinding_algorithms)
                  n0: 167504 0x2A6A14: main (in /home/killpop/Рабочий стол/some/pathfinders/target/release/pathfinding_algorithms)
  n1: 150472 0x5F3836F: ??? (in /usr/lib/x86_64-linux-gnu/libnvidia-glcore.so.580.173.02)
   n1: 150472 0x5F4C655: ??? (in /usr/lib/x86_64-linux-gnu/libnvidia-glcore.so.580.173.02)
    n1: 150472 0x53D43A0: ??? (in /usr/lib/x86_64-linux-gnu/libGLX_nvidia.so.580.173.02)
     n1: 150472 0x53D44D7: ??? (in /usr/lib/x86_64-linux-gnu/libGLX_nvidia.so.580.173.02)
      n1: 150472 0x53FA5E4: ??? (in /usr/lib/x86_64-linux-gnu/libGLX_nvidia.so.580.173.02)
       n1: 150472 0x53FF9E7: ??? (in /usr/lib/x86_64-linux-gnu/libGLX_nvidia.so.580.173.02)
        n1: 150472 0x53F4045: glXCreateContextAttribsARB (in /usr/lib/x86_64-linux-gnu/libGLX_nvidia.so.580.173.02)
         n1: 150472 0x5367E02: ??? (in /usr/lib/x86_64-linux-gnu/libGLX.so.0.0.0)
          n1: 150472 0x51CE30: glutin::api::glx::last_glx_error (in /home/killpop/Рабочий стол/some/pathfinders/target/release/pathfinding_algorithms)
           n1: 150472 0x5258A0: glutin::api::glx::context::<impl glutin::api::glx::display::Display>::create_context (in /home/killpop/Рабочий стол/some/pathfinders/target/release/pathfinding_algorithms)
            n1: 150472 0x52466D: <glutin::display::Display as glutin::display::GlDisplay>::create_context (in /home/killpop/Рабочий стол/some/pathfinders/target/release/pathfinding_algorithms)
             n1: 150472 0x3FB44B: glutin_window::GlutinWindow::from_raw (in /home/killpop/Рабочий стол/some/pathfinders/target/release/pathfinding_algorithms)
              n1: 150472 0x3FAC58: glutin_window::GlutinWindow::new (in /home/killpop/Рабочий стол/some/pathfinders/target/release/pathfinding_algorithms)
               n1: 150472 0x2B04F2: <piston_window::prelude::PistonWindow<W> as window::BuildFromWindowSettings>::build_from_window_settings (in /home/killpop/Рабочий стол/some/pathfinders/target/release/pathfinding_algorithms)
                n1: 150472 0x2A0422: pathfinding_algorithms::main (in /home/killpop/Рабочий стол/some/pathfinders/target/release/pathfinding_algorithms)
                 n1: 150472 0x2A7A52: std::sys::backtrace::__rust_begin_short_backtrace (in /home/killpop/Рабочий стол/some/pathfinders/target/release/pathfinding_algorithms)
                  n1: 150472 0x273ED8: std::rt::lang_start::{{closure}} (in /home/killpop/Рабочий стол/some/pathfinders/target/release/pathfinding_algorithms)
                   n1: 150472 0x5ABD43: std::rt::lang_start_internal (in /home/killpop/Рабочий стол/some/pathfinders/target/release/pathfinding_algorithms)
                    n0: 150472 0x2A6A14: main (in /home/killpop/Рабочий стол/some/pathfinders/target/release/pathfinding_algorithms)
  n1: 88064 0x5CB87EC: ??? (in /usr/lib/x86_64-linux-gnu/libnvidia-glcore.so.580.173.02)
   n0: 88064 in 8 places, all below massif's threshold (1.00%)
  n2: 84224 0x5F50BE3: ??? (in /usr/lib/x86_64-linux-gnu/libnvidia-glcore.so.580.173.02)
   n1: 78848 0x6538D96: ??? (in /usr/lib/x86_64-linux-gnu/libnvidia-glcore.so.580.173.02)
    n2: 78848 0x5F5AF8C: ??? (in /usr/lib/x86_64-linux-gnu/libnvidia-glcore.so.580.173.02)
     n1: 78848 0x5F5D4DF: ??? (in /usr/lib/x86_64-linux-gnu/libnvidia-glcore.so.580.173.02)
      n1: 78848 0x5F4C303: ??? (in /usr/lib/x86_64-linux-gnu/libnvidia-glcore.so.580.173.02)
       n1: 78848 0x53D43A0: ??? (in /usr/lib/x86_64-linux-gnu/libGLX_nvidia.so.580.173.02)
        n1: 78848 0x53D44D7: ??? (in /usr/lib/x86_64-linux-gnu/libGLX_nvidia.so.580.173.02)
         n1: 78848 0x53FA5E4: ??? (in /usr/lib/x86_64-linux-gnu/libGLX_nvidia.so.580.173.02)
          n1: 78848 0x53FF9E7: ??? (in /usr/lib/x86_64-linux-gnu/libGLX_nvidia.so.580.173.02)
           n1: 78848 0x53F4045: glXCreateContextAttribsARB (in /usr/lib/x86_64-linux-gnu/libGLX_nvidia.so.580.173.02)
            n1: 78848 0x5367E02: ??? (in /usr/lib/x86_64-linux-gnu/libGLX.so.0.0.0)
             n1: 78848 0x51CE30: glutin::api::glx::last_glx_error (in /home/killpop/Рабочий стол/some/pathfinders/target/release/pathfinding_algorithms)
              n1: 78848 0x5258A0: glutin::api::glx::context::<impl glutin::api::glx::display::Display>::create_context (in /home/killpop/Рабочий стол/some/pathfinders/target/release/pathfinding_algorithms)
               n1: 78848 0x52466D: <glutin::display::Display as glutin::display::GlDisplay>::create_context (in /home/killpop/Рабочий стол/some/pathfinders/target/release/pathfinding_algorithms)
                n1: 78848 0x3FB44B: glutin_window::GlutinWindow::from_raw (in /home/killpop/Рабочий стол/some/pathfinders/target/release/pathfinding_algorithms)
                 n1: 78848 0x3FAC58: glutin_window::GlutinWindow::new (in /home/killpop/Рабочий стол/some/pathfinders/target/release/pathfinding_algorithms)
                  n1: 78848 0x2B04F2: <piston_window::prelude::PistonWindow<W> as window::BuildFromWindowSettings>::build_from_window_settings (in /home/killpop/Рабочий стол/some/pathfinders/target/release/pathfinding_algorithms)
                   n1: 78848 0x2A0422: pathfinding_algorithms::main (in /home/killpop/Рабочий стол/some/pathfinders/target/release/pathfinding_algorithms)
                    n1: 78848 0x2A7A52: std::sys::backtrace::__rust_begin_short_backtrace (in /home/killpop/Рабочий стол/some/pathfinders/target/release/pathfinding_algorithms)
                     n1: 78848 0x273ED8: std::rt::lang_start::{{closure}} (in /home/killpop/Рабочий стол/some/pathfinders/target/release/pathfinding_algorithms)
                      n1: 78848 0x5ABD43: std::rt::lang_start_internal (in /home/killpop/Рабочий стол/some/pathfinders/target/release/pathfinding_algorithms)
                       n0: 78848 0x2A6A14: main (in /home/killpop/Рабочий стол/some/pathfinders/target/release/pathfinding_algorithms)
     n0: 0 in 1 place, below massif's threshold (1.00%)
   n0: 5376 in 2 places, all below massif's threshold (1.00%)
  n1: 82432 0x5F5001F: ??? (in /usr/lib/x86_64-linux-gnu/libnvidia-glcore.so.580.173.02)
   n0: 82432 in 92 places, all below massif's threshold (1.00%)
  n1: 51968 0x65390E8: ??? (in /usr/lib/x86_64-linux-gnu/libnvidia-glcore.so.580.173.02)
   n2: 51968 0x5F5AF8C: ??? (in /usr/lib/x86_64-linux-gnu/libnvidia-glcore.so.580.173.02)
    n1: 51968 0x5F5D4DF: ??? (in /usr/lib/x86_64-linux-gnu/libnvidia-glcore.so.580.173.02)
     n1: 51968 0x5F4C303: ??? (in /usr/lib/x86_64-linux-gnu/libnvidia-glcore.so.580.173.02)
      n1: 51968 0x53D43A0: ??? (in /usr/lib/x86_64-linux-gnu/libGLX_nvidia.so.580.173.02)
       n1: 51968 0x53D44D7: ??? (in /usr/lib/x86_64-linux-gnu/libGLX_nvidia.so.580.173.02)
        n1: 51968 0x53FA5E4: ??? (in /usr/lib/x86_64-linux-gnu/libGLX_nvidia.so.580.173.02)
         n1: 51968 0x53FF9E7: ??? (in /usr/lib/x86_64-linux-gnu/libGLX_nvidia.so.580.173.02)
          n1: 51968 0x53F4045: glXCreateContextAttribsARB (in /usr/lib/x86_64-linux-gnu/libGLX_nvidia.so.580.173.02)
           n1: 51968 0x5367E02: ??? (in /usr/lib/x86_64-linux-gnu/libGLX.so.0.0.0)
            n1: 51968 0x51CE30: glutin::api::glx::last_glx_error (in /home/killpop/Рабочий стол/some/pathfinders/target/release/pathfinding_algorithms)
             n1: 51968 0x5258A0: glutin::api::glx::context::<impl glutin::api::glx::display::Display>::create_context (in /home/killpop/Рабочий стол/some/pathfinders/target/release/pathfinding_algorithms)
              n1: 51968 0x52466D: <glutin::display::Display as glutin::display::GlDisplay>::create_context (in /home/killpop/Рабочий стол/some/pathfinders/target/release/pathfinding_algorithms)
               n1: 51968 0x3FB44B: glutin_window::GlutinWindow::from_raw (in /home/killpop/Рабочий стол/some/pathfinders/target/release/pathfinding_algorithms)
                n1: 51968 0x3FAC58: glutin_window::GlutinWindow::new (in /home/killpop/Рабочий стол/some/pathfinders/target/release/pathfinding_algorithms)
                 n1: 51968 0x2B04F2: <piston_window::prelude::PistonWindow<W> as window::BuildFromWindowSettings>::build_from_window_settings (in /home/killpop/Рабочий стол/some/pathfinders/target/release/pathfinding_algorithms)
                  n1: 51968 0x2A0422: pathfinding_algorithms::main (in /home/killpop/Рабочий стол/some/pathfinders/target/release/pathfinding_algorithms)
                   n1: 51968 0x2A7A52: std::sys::backtrace::__rust_begin_short_backtrace (in /home/killpop/Рабочий стол/some/pathfinders/target/release/pathfinding_algorithms)
                    n1: 51968 0x273ED8: std::rt::lang_start::{{closure}} (in /home/killpop/Рабочий стол/some/pathfinders/target/release/pathfinding_algorithms)
                     n1: 51968 0x5ABD43: std::rt::lang_start_internal (in /home/killpop/Рабочий стол/some/pathfinders/target/release/pathfinding_algorithms)
                      n0: 51968 0x2A6A14: main (in /home/killpop/Рабочий стол/some/pathfinders/target/release/pathfinding_algorithms)
    n0: 0 in 1 place, below massif's threshold (1.00%)
  n1: 51968 0x6570FC7: ??? (in /usr/lib/x86_64-linux-gnu/libnvidia-glcore.so.580.173.02)
   n2: 51968 0x5FEFDB4: ??? (in /usr/lib/x86_64-linux-gnu/libnvidia-glcore.so.580.173.02)
    n1: 50176 0x5F883BC: ??? (in /usr/lib/x86_64-linux-gnu/libnvidia-glcore.so.580.173.02)
     n1: 50176 0x5F3A724: ??? (in /usr/lib/x86_64-linux-gnu/libnvidia-glcore.so.580.173.02)
      n1: 50176 0x53D313F: ??? (in /usr/lib/x86_64-linux-gnu/libGLX_nvidia.so.580.173.02)
       n1: 50176 0x53FA624: ??? (in /usr/lib/x86_64-linux-gnu/libGLX_nvidia.so.580.173.02)
        n1: 50176 0x53FF9E7: ??? (in /usr/lib/x86_64-linux-gnu/libGLX_nvidia.so.580.173.02)
         n1: 50176 0x53F4045: glXCreateContextAttribsARB (in /usr/lib/x86_64-linux-gnu/libGLX_nvidia.so.580.173.02)
          n1: 50176 0x5367E02: ??? (in /usr/lib/x86_64-linux-gnu/libGLX.so.0.0.0)
           n1: 50176 0x51CE30: glutin::api::glx::last_glx_error (in /home/killpop/Рабочий стол/some/pathfinders/target/release/pathfinding_algorithms)
            n1: 50176 0x5258A0: glutin::api::glx::context::<impl glutin::api::glx::display::Display>::create_context (in /home/killpop/Рабочий стол/some/pathfinders/target/release/pathfinding_algorithms)
             n1: 50176 0x52466D: <glutin::display::Display as glutin::display::GlDisplay>::create_context (in /home/killpop/Рабочий стол/some/pathfinders/target/release/pathfinding_algorithms)
              n1: 50176 0x3FB44B: glutin_window::GlutinWindow::from_raw (in /home/killpop/Рабочий стол/some/pathfinders/target/release/pathfinding_algorithms)
               n1: 50176 0x3FAC58: glutin_window::GlutinWindow::new (in /home/killpop/Рабочий стол/some/pathfinders/target/release/pathfinding_algorithms)
                n1: 50176 0x2B04F2: <piston_window::prelude::PistonWindow<W> as window::BuildFromWindowSettings>::build_from_window_settings (in /home/killpop/Рабочий стол/some/pathfinders/target/release/pathfinding_algorithms)
                 n1: 50176 0x2A0422: pathfinding_algorithms::main (in /home/killpop/Рабочий стол/some/pathfinders/target/release/pathfinding_algorithms)
                  n1: 50176 0x2A7A52: std::sys::backtrace::__rust_begin_short_backtrace (in /home/killpop/Рабочий стол/some/pathfinders/target/release/pathfinding_algorithms)
                   n1: 50176 0x273ED8: std::rt::lang_start::{{closure}} (in /home/killpop/Рабочий стол/some/pathfinders/target/release/pathfinding_algorithms)
                    n1: 50176 0x5ABD43: std::rt::lang_start_internal (in /home/killpop/Рабочий стол/some/pathfinders/target/release/pathfinding_algorithms)
                     n0: 50176 0x2A6A14: main (in /home/killpop/Рабочий стол/some/pathfinders/target/release/pathfinding_algorithms)
    n0: 1792 in 1 place, below massif's threshold (1.00%)
 n0: 271403 in 350 places, all below massif's threshold (1.00%)
 n1: 149594 0x9B5EE4D: ??? (in /usr/lib/x86_64-linux-gnu/libnvidia-gpucomp.so.580.173.02)
  n1: 149594 0x9B0E478: ??? (in /usr/lib/x86_64-linux-gnu/libnvidia-gpucomp.so.580.173.02)
   n2: 149594 0x82C24BF: ??? (in /usr/lib/x86_64-linux-gnu/libnvidia-gpucomp.so.580.173.02)
    n1: 79278 0x8298476: ??? (in /usr/lib/x86_64-linux-gnu/libnvidia-gpucomp.so.580.173.02)
     n1: 79278 0x8297B5C: ??? (in /usr/lib/x86_64-linux-gnu/libnvidia-gpucomp.so.580.173.02)
      n0: 79278 in 1930 places, all below massif's threshold (1.00%)
    n0: 70316 in 57 places, all below massif's threshold (1.00%)
 n2: 104788 0x436FFD: hashbrown::raw::RawTableInner::fallible_with_capacity (in /home/killpop/Рабочий стол/some/pathfinders/target/release/pathfinding_algorithms)
  n1: 102416 0x442556: core::ops::function::FnOnce::call_once (in /home/killpop/Рабочий стол/some/pathfinders/target/release/pathfinding_algorithms)
   n1: 102416 0x431B49: once_cell::imp::OnceCell<T>::initialize::{{closure}} (in /home/killpop/Рабочий стол/some/pathfinders/target/release/pathfinding_algorithms)
    n1: 102416 0x544A3B: once_cell::imp::initialize_or_wait (in /home/killpop/Рабочий стол/some/pathfinders/target/release/pathfinding_algorithms)
     n1: 102416 0x431661: once_cell::imp::OnceCell<T>::initialize (in /home/killpop/Рабочий стол/some/pathfinders/target/release/pathfinding_algorithms)
      n1: 102416 0x4436CD: winit::platform_impl::platform::x11::util::atom::<impl winit::platform_impl::platform::x11::xdisplay::XConnection>::get_atom_unchecked (in /home/killpop/Рабочий стол/some/pathfinders/target/release/pathfinding_algorithms)
       n1: 102416 0x3D5DAE: winit::platform_impl::platform::x11::EventLoop<T>::new (in /home/killpop/Рабочий стол/some/pathfinders/target/release/pathfinding_algorithms)
        n1: 102416 0x41A737: winit::platform_impl::platform::EventLoop<T>::new (in /home/killpop/Рабочий стол/some/pathfinders/target/release/pathfinding_algorithms)
         n1: 102416 0x3FA5DF: glutin_window::GlutinWindow::new (in /home/killpop/Рабочий стол/some/pathfinders/target/release/pathfinding_algorithms)
          n1: 102416 0x2B04F2: <piston_window::prelude::PistonWindow<W> as window::BuildFromWindowSettings>::build_from_window_settings (in /home/killpop/Рабочий стол/some/pathfinders/target/release/pathfinding_algorithms)
           n1: 102416 0x2A0422: pathfinding_algorithms::main (in /home/killpop/Рабочий стол/some/pathfinders/target/release/pathfinding_algorithms)
            n1: 102416 0x2A7A52: std::sys::backtrace::__rust_begin_short_backtrace (in /home/killpop/Рабочий стол/some/pathfinders/target/release/pathfinding_algorithms)
             n1: 102416 0x273ED8: std::rt::lang_start::{{closure}} (in /home/killpop/Рабочий стол/some/pathfinders/target/release/pathfinding_algorithms)
              n1: 102416 0x5ABD43: std::rt::lang_start_internal (in /home/killpop/Рабочий стол/some/pathfinders/target/release/pathfinding_algorithms)
               n0: 102416 0x2A6A14: main (in /home/killpop/Рабочий стол/some/pathfinders/target/release/pathfinding_algorithms)
  n0: 2372 in 3 places, all below massif's threshold (1.00%)
 n1: 72704 0x7C4B7A5: ??? (in /usr/lib/x86_64-linux-gnu/libnvidia-gpucomp.so.580.173.02)
  n1: 72704 0xAC56FE1: ??? (in /usr/lib/x86_64-linux-gnu/libnvidia-gpucomp.so.580.173.02)
   n1: 72704 0x7B6A012: ??? (in /usr/lib/x86_64-linux-gnu/libnvidia-gpucomp.so.580.173.02)
    n1: 72704 0x4005823: call_init (dl-init.c:120)
     n1: 72704 0x4005823: _dl_init (dl-init.c:121)
      n1: 72704 0x40015B1: _dl_catch_exception (dl-catch.c:211)
       n1: 72704 0x400CD7B: dl_open_worker (dl-open.c:829)
        n1: 72704 0x400CD7B: dl_open_worker (dl-open.c:792)
         n1: 72704 0x400151B: _dl_catch_exception (dl-catch.c:237)
          n1: 72704 0x400D163: _dl_open (dl-open.c:905)
           n1: 72704 0x4A22283: dlopen_doit (dlopen.c:56)
            n1: 72704 0x400151B: _dl_catch_exception (dl-catch.c:237)
             n1: 72704 0x4001668: _dl_catch_error (dl-catch.c:256)
              n1: 72704 0x4A21D62: _dlerror_run (dlerror.c:138)
               n1: 72704 0x4A2233E: dlopen_implementation (dlopen.c:71)
                n1: 72704 0x4A2233E: dlopen@@GLIBC_2.34 (dlopen.c:81)
                 n1: 72704 0x536530A: ??? (in /usr/lib/x86_64-linux-gnu/libGLX.so.0.0.0)
                  n1: 72704 0x5367BAC: ??? (in /usr/lib/x86_64-linux-gnu/libGLX.so.0.0.0)
                   n1: 72704 0x53683B5: glXGetClientString (in /usr/lib/x86_64-linux-gnu/libGLX.so.0.0.0)
                    n1: 72704 0x525B1E: glutin::api::glx::display::Display::new (in /home/killpop/Рабочий стол/some/pathfinders/target/release/pathfinding_algorithms)
                     n1: 72704 0x524347: glutin::display::Display::new (in /home/killpop/Рабочий стол/some/pathfinders/target/release/pathfinding_algorithms)
                      n1: 72704 0x415B79: glutin_winit::DisplayBuilder::build (in /home/killpop/Рабочий стол/some/pathfinders/target/release/pathfinding_algorithms)
                       n1: 72704 0x3FAF27: glutin_window::GlutinWindow::from_raw (in /home/killpop/Рабочий стол/some/pathfinders/target/release/pathfinding_algorithms)
                        n1: 72704 0x3FAC58: glutin_window::GlutinWindow::new (in /home/killpop/Рабочий стол/some/pathfinders/target/release/pathfinding_algorithms)
                         n1: 72704 0x2B04F2: <piston_window::prelude::PistonWindow<W> as window::BuildFromWindowSettings>::build_from_window_settings (in /home/killpop/Рабочий стол/some/pathfinders/target/release/pathfinding_algorithms)
                          n1: 72704 0x2A0422: pathfinding_algorithms::main (in /home/killpop/Рабочий стол/some/pathfinders/target/release/pathfinding_algorithms)
                           n1: 72704 0x2A7A52: std::sys::backtrace::__rust_begin_short_backtrace (in /home/killpop/Рабочий стол/some/pathfinders/target/release/pathfinding_algorithms)
                            n1: 72704 0x273ED8: std::rt::lang_start::{{closure}} (in /home/killpop/Рабочий стол/some/pathfinders/target/release/pathfinding_algorithms)
                             n1: 72704 0x5ABD43: std::rt::lang_start_internal (in /home/killpop/Рабочий стол/some/pathfinders/target/release/pathfinding_algorithms)
                              n0: 72704 0x2A6A14: main (in /home/killpop/Рабочий стол/some/pathfinders/target/release/pathfinding_algorithms)
 n1: 65520 0x49D10BC: __new_exitfn (cxa_atexit.c:112)
  n1: 65520 0x49D1230: __internal_atexit (cxa_atexit.c:44)
   n1: 65520 0x49D1230: __cxa_atexit (cxa_atexit.c:68)
    n0: 65520 in 56 places, all below massif's threshold (1.00%)
 n1: 55506 0x9B0E454: ??? (in /usr/lib/x86_64-linux-gnu/libnvidia-gpucomp.so.580.173.02)
  n0: 55506 in 186 places, all below massif's threshold (1.00%)
 n2: 53832 0x82D6FE8: ??? (in /usr/lib/x86_64-linux-gnu/libnvidia-gpucomp.so.580.173.02)
  n1: 49164 0x82984B1: ??? (in /usr/lib/x86_64-linux-gnu/libnvidia-gpucomp.so.580.173.02)
   n2: 49164 0x8297B5C: ??? (in /usr/lib/x86_64-linux-gnu/libnvidia-gpucomp.so.580.173.02)
    n1: 49164 0x7BF23D9: ??? (in /usr/lib/x86_64-linux-gnu/libnvidia-gpucomp.so.580.173.02)
     n1: 49164 0xAC56FE1: ??? (in /usr/lib/x86_64-linux-gnu/libnvidia-gpucomp.so.580.173.02)
      n1: 49164 0x7B6A012: ??? (in /usr/lib/x86_64-linux-gnu/libnvidia-gpucomp.so.580.173.02)
       n1: 49164 0x4005823: call_init (dl-init.c:120)
        n1: 49164 0x4005823: _dl_init (dl-init.c:121)
         n1: 49164 0x40015B1: _dl_catch_exception (dl-catch.c:211)
          n1: 49164 0x400CD7B: dl_open_worker (dl-open.c:829)
           n1: 49164 0x400CD7B: dl_open_worker (dl-open.c:792)
            n1: 49164 0x400151B: _dl_catch_exception (dl-catch.c:237)
             n1: 49164 0x400D163: _dl_open (dl-open.c:905)
              n1: 49164 0x4A22283: dlopen_doit (dlopen.c:56)
               n1: 49164 0x400151B: _dl_catch_exception (dl-catch.c:237)
                n1: 49164 0x4001668: _dl_catch_error (dl-catch.c:256)
                 n1: 49164 0x4A21D62: _dlerror_run (dlerror.c:138)
                  n1: 49164 0x4A2233E: dlopen_implementation (dlopen.c:71)
                   n1: 49164 0x4A2233E: dlopen@@GLIBC_2.34 (dlopen.c:81)
                    n1: 49164 0x536530A: ??? (in /usr/lib/x86_64-linux-gnu/libGLX.so.0.0.0)
                     n1: 49164 0x5367BAC: ??? (in /usr/lib/x86_64-linux-gnu/libGLX.so.0.0.0)
                      n1: 49164 0x53683B5: glXGetClientString (in /usr/lib/x86_64-linux-gnu/libGLX.so.0.0.0)
                       n1: 49164 0x525B1E: glutin::api::glx::display::Display::new (in /home/killpop/Рабочий стол/some/pathfinders/target/release/pathfinding_algorithms)
                        n1: 49164 0x524347: glutin::display::Display::new (in /home/killpop/Рабочий стол/some/pathfinders/target/release/pathfinding_algorithms)
                         n1: 49164 0x415B79: glutin_winit::DisplayBuilder::build (in /home/killpop/Рабочий стол/some/pathfinders/target/release/pathfinding_algorithms)
                          n1: 49164 0x3FAF27: glutin_window::GlutinWindow::from_raw (in /home/killpop/Рабочий стол/some/pathfinders/target/release/pathfinding_algorithms)
                           n1: 49164 0x3FAC58: glutin_window::GlutinWindow::new (in /home/killpop/Рабочий стол/some/pathfinders/target/release/pathfinding_algorithms)
                            n1: 49164 0x2B04F2: <piston_window::prelude::PistonWindow<W> as window::BuildFromWindowSettings>::build_from_window_settings (in /home/killpop/Рабочий стол/some/pathfinders/target/release/pathfinding_algorithms)
                             n1: 49164 0x2A0422: pathfinding_algorithms::main (in /home/killpop/Рабочий стол/some/pathfinders/target/release/pathfinding_algorithms)
                              n1: 49164 0x2A7A52: std::sys::backtrace::__rust_begin_short_backtrace (in /home/killpop/Рабочий стол/some/pathfinders/target/release/pathfinding_algorithms)
                               n1: 49164 0x273ED8: std::rt::lang_start::{{closure}} (in /home/killpop/Рабочий стол/some/pathfinders/target/release/pathfinding_algorithms)
                                n1: 49164 0x5ABD43: std::rt::lang_start_internal (in /home/killpop/Рабочий стол/some/pathfinders/target/release/pathfinding_algorithms)
                                 n0: 49164 0x2A6A14: main (in /home/killpop/Рабочий стол/some/pathfinders/target/release/pathfinding_algorithms)
    n0: 0 in 7 places, all below massif's threshold (1.00%)
  n0: 4668 in 7 places, all below massif's threshold (1.00%)
 n1: 46481 0x400C72C: calloc (rtld-malloc.h:44)
  n1: 46481 0x400C72C: _dl_new_object (dl-object.c:92)
   n1: 46481 0x4007ABE: _dl_map_object_from_fd (dl-load.c:1053)
    n1: 46481 0x4009528: _dl_map_object (dl-load.c:2268)
     n0: 46481 in 2 places, all below massif's threshold (1.00%)
#-----------
snapshot=2
#-----------
time=117330096
mem_heap_B=9974108
mem_heap_extra_B=115412
mem_stacks_B=0
heap_tree=peak
n8: 9974108 (heap allocation functions) malloc/new/new[], --alloc-fns, etc.
 n6: 5192123 0x5F521C1: ??? (in /usr/lib/x86_64-linux-gnu/libnvidia-glcore.so.580.173.02)
  n2: 2463597 0x5C76E4A: ??? (in /usr/lib/x86_64-linux-gnu/libnvidia-glcore.so.580.173.02)
   n1: 2463597 0x5C5A175: ??? (in /usr/lib/x86_64-linux-gnu/libnvidia-glcore.so.580.173.02)
    n1: 2463597 0x5C5EF6F: ??? (in /usr/lib/x86_64-linux-gnu/libnvidia-glcore.so.580.173.02)
     n1: 2463597 0x57603E: gfx_device_gl::factory::Factory::init_buffer (in /home/killpop/Рабочий стол/some/pathfinders/target/release/pathfinding_algorithms)
      n3: 2463597 0x575286: <gfx_device_gl::factory::Factory as gfx_core::factory::Factory<gfx_device_gl::Resources>>::create_buffer_raw (in /home/killpop/Рабочий стол/some/pathfinders/target/release/pathfinding_algorithms)
       n1: 1636871 0x281B30: gfx_graphics::back_end::Gfx2d<R>::new (in /home/killpop/Рабочий стол/some/pathfinders/target/release/pathfinding_algorithms)
        n1: 1636871 0x2B0DA1: <piston_window::prelude::PistonWindow<W> as window::BuildFromWindowSettings>::build_from_window_settings (in /home/killpop/Рабочий стол/some/pathfinders/target/release/pathfinding_algorithms)
         n1: 1636871 0x2A0422: pathfinding_algorithms::main (in /home/killpop/Рабочий стол/some/pathfinders/target/release/pathfinding_algorithms)
          n1: 1636871 0x2A7A52: std::sys::backtrace::__rust_begin_short_backtrace (in /home/killpop/Рабочий стол/some/pathfinders/target/release/pathfinding_algorithms)
           n1: 1636871 0x273ED8: std::rt::lang_start::{{closure}} (in /home/killpop/Рабочий стол/some/pathfinders/target/release/pathfinding_algorithms)
            n1: 1636871 0x5ABD43: std::rt::lang_start_internal (in /home/killpop/Рабочий стол/some/pathfinders/target/release/pathfinding_algorithms)
             n0: 1636871 0x2A6A14: main (in /home/killpop/Рабочий стол/some/pathfinders/target/release/pathfinding_algorithms)
       n1: 818471 0x281ACF: gfx_graphics::back_end::Gfx2d<R>::new (in /home/killpop/Рабочий стол/some/pathfinders/target/release/pathfinding_algorithms)
        n1: 818471 0x2B0DA1: <piston_window::prelude::PistonWindow<W> as window::BuildFromWindowSettings>::build_from_window_settings (in /home/killpop/Рабочий стол/some/pathfinders/target/release/pathfinding_algorithms)
         n1: 818471 0x2A0422: pathfinding_algorithms::main (in /home/killpop/Рабочий стол/some/pathfinders/target/release/pathfinding_algorithms)
          n1: 818471 0x2A7A52: std::sys::backtrace::__rust_begin_short_backtrace (in /home/killpop/Рабочий стол/some/pathfinders/target/release/pathfinding_algorithms)
           n1: 818471 0x273ED8: std::rt::lang_start::{{closure}} (in /home/killpop/Рабочий стол/some/pathfinders/target/release/pathfinding_algorithms)
            n1: 818471 0x5ABD43: std::rt::lang_start_internal (in /home/killpop/Рабочий стол/some/pathfinders/target/release/pathfinding_algorithms)
             n0: 818471 0x2A6A14: main (in /home/killpop/Рабочий стол/some/pathfinders/target/release/pathfinding_algorithms)
       n0: 8255 in 1 place, below massif's threshold (1.00%)
   n0: 0 in 1 place, below massif's threshold (1.00%)
  n1: 1638400 0x5C0DD8F: ??? (in /usr/lib/x86_64-linux-gnu/libnvidia-glcore.so.580.173.02)
   n1: 1638400 0x5F88378: ??? (in /usr/lib/x86_64-linux-gnu/libnvidia-glcore.so.580.173.02)
    n1: 1638400 0x5F3A724: ??? (in /usr/lib/x86_64-linux-gnu/libnvidia-glcore.so.580.173.02)
     n1: 1638400 0x53D313F: ??? (in /usr/lib/x86_64-linux-gnu/libGLX_nvidia.so.580.173.02)
      n1: 1638400 0x53FA624: ??? (in /usr/lib/x86_64-linux-gnu/libGLX_nvidia.so.580.173.02)
       n1: 1638400 0x53FF9E7: ??? (in /usr/lib/x86_64-linux-gnu/libGLX_nvidia.so.580.173.02)
        n1: 1638400 0x53F4045: glXCreateContextAttribsARB (in /usr/lib/x86_64-linux-gnu/libGLX_nvidia.so.580.173.02)
         n1: 1638400 0x5367E02: ??? (in /usr/lib/x86_64-linux-gnu/libGLX.so.0.0.0)
          n1: 1638400 0x51CE30: glutin::api::glx::last_glx_error (in /home/killpop/Рабочий стол/some/pathfinders/target/release/pathfinding_algorithms)
           n1: 1638400 0x5258A0: glutin::api::glx::context::<impl glutin::api::glx::display::Display>::create_context (in /home/killpop/Рабочий стол/some/pathfinders/target/release/pathfinding_algorithms)
            n1: 1638400 0x52466D: <glutin::display::Display as glutin::display::GlDisplay>::create_context (in /home/killpop/Рабочий стол/some/pathfinders/target/release/pathfinding_algorithms)
             n1: 1638400 0x3FB44B: glutin_window::GlutinWindow::from_raw (in /home/killpop/Рабочий стол/some/pathfinders/target/release/pathfinding_algorithms)
              n1: 1638400 0x3FAC58: glutin_window::GlutinWindow::new (in /home/killpop/Рабочий стол/some/pathfinders/target/release/pathfinding_algorithms)
               n1: 1638400 0x2B04F2: <piston_window::prelude::PistonWindow<W> as window::BuildFromWindowSettings>::build_from_window_settings (in /home/killpop/Рабочий стол/some/pathfinders/target/release/pathfinding_algorithms)
                n1: 1638400 0x2A0422: pathfinding_algorithms::main (in /home/killpop/Рабочий стол/some/pathfinders/target/release/pathfinding_algorithms)
                 n1: 1638400 0x2A7A52: std::sys::backtrace::__rust_begin_short_backtrace (in /home/killpop/Рабочий стол/some/pathfinders/target/release/pathfinding_algorithms)
                  n1: 1638400 0x273ED8: std::rt::lang_start::{{closure}} (in /home/killpop/Рабочий стол/some/pathfinders/target/release/pathfinding_algorithms)
                   n1: 1638400 0x5ABD43: std::rt::lang_start_internal (in /home/killpop/Рабочий стол/some/pathfinders/target/release/pathfinding_algorithms)
                    n0: 1638400 0x2A6A14: main (in /home/killpop/Рабочий стол/some/pathfinders/target/release/pathfinding_algorithms)
  n1: 385024 0x5FC30B3: ??? (in /usr/lib/x86_64-linux-gnu/libnvidia-glcore.so.580.173.02)
   n1: 385024 0x5F95B81: ??? (in /usr/lib/x86_64-linux-gnu/libnvidia-glcore.so.580.173.02)
    n1: 385024 0x5F96561: ??? (in /usr/lib/x86_64-linux-gnu/libnvidia-glcore.so.580.173.02)
     n1: 385024 0x5F80DCB: ??? (in /usr/lib/x86_64-linux-gnu/libnvidia-glcore.so.580.173.02)
      n1: 385024 0x5F3A8EB: ??? (in /usr/lib/x86_64-linux-gnu/libnvidia-glcore.so.580.173.02)
       n1: 385024 0x53D344F: ??? (in /usr/lib/x86_64-linux-gnu/libGLX_nvidia.so.580.173.02)
        n1: 385024 0x54010E9: ??? (in /usr/lib/x86_64-linux-gnu/libGLX_nvidia.so.580.173.02)
         n1: 385024 0x53605B1: ??? (in /usr/lib/x86_64-linux-gnu/libGLX.so.0.0.0)
          n1: 385024 0x53629A1: ??? (in /usr/lib/x86_64-linux-gnu/libGLX.so.0.0.0)
           n1: 385024 0x53675E4: ??? (in /usr/lib/x86_64-linux-gnu/libGLX.so.0.0.0)
            n1: 385024 0x3F120D: glutin::api::glx::last_glx_error (in /home/killpop/Рабочий стол/some/pathfinders/target/release/pathfinding_algorithms)
             n1: 385024 0x415855: <glutin::context::NotCurrentContext as glutin::context::NotCurrentGlContextSurfaceAccessor<T>>::make_current (in /home/killpop/Рабочий стол/some/pathfinders/target/release/pathfinding_algorithms)
              n1: 385024 0x3FB756: glutin_window::GlutinWindow::from_raw (in /home/killpop/Рабочий стол/some/pathfinders/target/release/pathfinding_algorithms)
               n1: 385024 0x3FAC58: glutin_window::GlutinWindow::new (in /home/killpop/Рабочий стол/some/pathfinders/target/release/pathfinding_algorithms)
                n1: 385024 0x2B04F2: <piston_window::prelude::PistonWindow<W> as window::BuildFromWindowSettings>::build_from_window_settings (in /home/killpop/Рабочий стол/some/pathfinders/target/release/pathfinding_algorithms)
                 n1: 385024 0x2A0422: pathfinding_algorithms::main (in /home/killpop/Рабочий стол/some/pathfinders/target/release/pathfinding_algorithms)
                  n1: 385024 0x2A7A52: std::sys::backtrace::__rust_begin_short_backtrace (in /home/killpop/Рабочий стол/some/pathfinders/target/release/pathfinding_algorithms)
                   n1: 385024 0x273ED8: std::rt::lang_start::{{closure}} (in /home/killpop/Рабочий стол/some/pathfinders/target/release/pathfinding_algorithms)
                    n1: 385024 0x5ABD43: std::rt::lang_start_internal (in /home/killpop/Рабочий стол/some/pathfinders/target/release/pathfinding_algorithms)
                     n0: 385024 0x2A6A14: main (in /home/killpop/Рабочий стол/some/pathfinders/target/release/pathfinding_algorithms)
  n0: 280970 in 223 places, all below massif's threshold (1.00%)
  n1: 262132 0x53FF724: ??? (in /usr/lib/x86_64-linux-gnu/libGLX_nvidia.so.580.173.02)
   n1: 262132 0x53F4045: glXCreateContextAttribsARB (in /usr/lib/x86_64-linux-gnu/libGLX_nvidia.so.580.173.02)
    n1: 262132 0x5367E02: ??? (in /usr/lib/x86_64-linux-gnu/libGLX.so.0.0.0)
     n1: 262132 0x51CE30: glutin::api::glx::last_glx_error (in /home/killpop/Рабочий стол/some/pathfinders/target/release/pathfinding_algorithms)
      n1: 262132 0x5258A0: glutin::api::glx::context::<impl glutin::api::glx::display::Display>::create_context (in /home/killpop/Рабочий стол/some/pathfinders/target/release/pathfinding_algorithms)
       n1: 262132 0x52466D: <glutin::display::Display as glutin::display::GlDisplay>::create_context (in /home/killpop/Рабочий стол/some/pathfinders/target/release/pathfinding_algorithms)
        n1: 262132 0x3FB44B: glutin_window::GlutinWindow::from_raw (in /home/killpop/Рабочий стол/some/pathfinders/target/release/pathfinding_algorithms)
         n1: 262132 0x3FAC58: glutin_window::GlutinWindow::new (in /home/killpop/Рабочий стол/some/pathfinders/target/release/pathfinding_algorithms)
          n1: 262132 0x2B04F2: <piston_window::prelude::PistonWindow<W> as window::BuildFromWindowSettings>::build_from_window_settings (in /home/killpop/Рабочий стол/some/pathfinders/target/release/pathfinding_algorithms)
           n1: 262132 0x2A0422: pathfinding_algorithms::main (in /home/killpop/Рабочий стол/some/pathfinders/target/release/pathfinding_algorithms)
            n1: 262132 0x2A7A52: std::sys::backtrace::__rust_begin_short_backtrace (in /home/killpop/Рабочий стол/some/pathfinders/target/release/pathfinding_algorithms)
             n1: 262132 0x273ED8: std::rt::lang_start::{{closure}} (in /home/killpop/Рабочий стол/some/pathfinders/target/release/pathfinding_algorithms)
              n1: 262132 0x5ABD43: std::rt::lang_start_internal (in /home/killpop/Рабочий стол/some/pathfinders/target/release/pathfinding_algorithms)
               n0: 262132 0x2A6A14: main (in /home/killpop/Рабочий стол/some/pathfinders/target/release/pathfinding_algorithms)
  n1: 162000 0x653ADBC: ??? (in /usr/lib/x86_64-linux-gnu/libnvidia-glcore.so.580.173.02)
   n1: 162000 0x654403F: ??? (in /usr/lib/x86_64-linux-gnu/libnvidia-glcore.so.580.173.02)
    n1: 162000 0x5F4C308: ??? (in /usr/lib/x86_64-linux-gnu/libnvidia-glcore.so.580.173.02)
     n1: 162000 0x53D43A0: ??? (in /usr/lib/x86_64-linux-gnu/libGLX_nvidia.so.580.173.02)
      n1: 162000 0x53D44D7: ??? (in /usr/lib/x86_64-linux-gnu/libGLX_nvidia.so.580.173.02)
       n1: 162000 0x53FA5E4: ??? (in /usr/lib/x86_64-linux-gnu/libGLX_nvidia.so.580.173.02)
        n1: 162000 0x53FF9E7: ??? (in /usr/lib/x86_64-linux-gnu/libGLX_nvidia.so.580.173.02)
         n1: 162000 0x53F4045: glXCreateContextAttribsARB (in /usr/lib/x86_64-linux-gnu/libGLX_nvidia.so.580.173.02)
          n1: 162000 0x5367E02: ??? (in /usr/lib/x86_64-linux-gnu/libGLX.so.0.0.0)
           n1: 162000 0x51CE30: glutin::api::glx::last_glx_error (in /home/killpop/Рабочий стол/some/pathfinders/target/release/pathfinding_algorithms)
            n1: 162000 0x5258A0: glutin::api::glx::context::<impl glutin::api::glx::display::Display>::create_context (in /home/killpop/Рабочий стол/some/pathfinders/target/release/pathfinding_algorithms)
             n1: 162000 0x52466D: <glutin::display::Display as glutin::display::GlDisplay>::create_context (in /home/killpop/Рабочий стол/some/pathfinders/target/release/pathfinding_algorithms)
              n1: 162000 0x3FB44B: glutin_window::GlutinWindow::from_raw (in /home/killpop/Рабочий стол/some/pathfinders/target/release/pathfinding_algorithms)
               n1: 162000 0x3FAC58: glutin_window::GlutinWindow::new (in /home/killpop/Рабочий стол/some/pathfinders/target/release/pathfinding_algorithms)
                n1: 162000 0x2B04F2: <piston_window::prelude::PistonWindow<W> as window::BuildFromWindowSettings>::build_from_window_settings (in /home/killpop/Рабочий стол/some/pathfinders/target/release/pathfinding_algorithms)
                 n1: 162000 0x2A0422: pathfinding_algorithms::main (in /home/killpop/Рабочий стол/some/pathfinders/target/release/pathfinding_algorithms)
                  n1: 162000 0x2A7A52: std::sys::backtrace::__rust_begin_short_backtrace (in /home/killpop/Рабочий стол/some/pathfinders/target/release/pathfinding_algorithms)
                   n1: 162000 0x273ED8: std::rt::lang_start::{{closure}} (in /home/killpop/Рабочий стол/some/pathfinders/target/release/pathfinding_algorithms)
                    n1: 162000 0x5ABD43: std::rt::lang_start_internal (in /home/killpop/Рабочий стол/some/pathfinders/target/release/pathfinding_algorithms)
                     n0: 162000 0x2A6A14: main (in /home/killpop/Рабочий стол/some/pathfinders/target/release/pathfinding_algorithms)
 n9: 2846518 0x5F5247D: ??? (in /usr/lib/x86_64-linux-gnu/libnvidia-glcore.so.580.173.02)
  n1: 825080 0x5F958BA: ??? (in /usr/lib/x86_64-linux-gnu/libnvidia-glcore.so.580.173.02)
   n1: 825080 0x5F96561: ??? (in /usr/lib/x86_64-linux-gnu/libnvidia-glcore.so.580.173.02)
    n1: 825080 0x5F80DCB: ??? (in /usr/lib/x86_64-linux-gnu/libnvidia-glcore.so.580.173.02)
     n1: 825080 0x5F3A8EB: ??? (in /usr/lib/x86_64-linux-gnu/libnvidia-glcore.so.580.173.02)
      n1: 825080 0x53D344F: ??? (in /usr/lib/x86_64-linux-gnu/libGLX_nvidia.so.580.173.02)
       n1: 825080 0x54010E9: ??? (in /usr/lib/x86_64-linux-gnu/libGLX_nvidia.so.580.173.02)
        n1: 825080 0x53605B1: ??? (in /usr/lib/x86_64-linux-gnu/libGLX.so.0.0.0)
         n1: 825080 0x53629A1: ??? (in /usr/lib/x86_64-linux-gnu/libGLX.so.0.0.0)
          n1: 825080 0x53675E4: ??? (in /usr/lib/x86_64-linux-gnu/libGLX.so.0.0.0)
           n1: 825080 0x3F120D: glutin::api::glx::last_glx_error (in /home/killpop/Рабочий стол/some/pathfinders/target/release/pathfinding_algorithms)
            n1: 825080 0x415855: <glutin::context::NotCurrentContext as glutin::context::NotCurrentGlContextSurfaceAccessor<T>>::make_current (in /home/killpop/Рабочий стол/some/pathfinders/target/release/pathfinding_algorithms)
             n1: 825080 0x3FB756: glutin_window::GlutinWindow::from_raw (in /home/killpop/Рабочий стол/some/pathfinders/target/release/pathfinding_algorithms)
              n1: 825080 0x3FAC58: glutin_window::GlutinWindow::new (in /home/killpop/Рабочий стол/some/pathfinders/target/release/pathfinding_algorithms)
               n1: 825080 0x2B04F2: <piston_window::prelude::PistonWindow<W> as window::BuildFromWindowSettings>::build_from_window_settings (in /home/killpop/Рабочий стол/some/pathfinders/target/release/pathfinding_algorithms)
                n1: 825080 0x2A0422: pathfinding_algorithms::main (in /home/killpop/Рабочий стол/some/pathfinders/target/release/pathfinding_algorithms)
                 n1: 825080 0x2A7A52: std::sys::backtrace::__rust_begin_short_backtrace (in /home/killpop/Рабочий стол/some/pathfinders/target/release/pathfinding_algorithms)
                  n1: 825080 0x273ED8: std::rt::lang_start::{{closure}} (in /home/killpop/Рабочий стол/some/pathfinders/target/release/pathfinding_algorithms)
                   n1: 825080 0x5ABD43: std::rt::lang_start_internal (in /home/killpop/Рабочий стол/some/pathfinders/target/release/pathfinding_algorithms)
                    n0: 825080 0x2A6A14: main (in /home/killpop/Рабочий стол/some/pathfinders/target/release/pathfinding_algorithms)
  n0: 782391 in 116 places, all below massif's threshold (1.00%)
  n1: 307311 0x5C75DBB: ??? (in /usr/lib/x86_64-linux-gnu/libnvidia-glcore.so.580.173.02)
   n1: 307311 0x53FAEBF: ??? (in /usr/lib/x86_64-linux-gnu/libGLX_nvidia.so.580.173.02)
    n1: 307311 0x5403FDB: ??? (in /usr/lib/x86_64-linux-gnu/libGLX_nvidia.so.580.173.02)
     n1: 307311 0x53D0A5A: ??? (in /usr/lib/x86_64-linux-gnu/libGLX_nvidia.so.580.173.02)
      n1: 307311 0x542C401: ??? (in /usr/lib/x86_64-linux-gnu/libGLX_nvidia.so.580.173.02)
       n1: 307311 0x53D0012: ??? (in /usr/lib/x86_64-linux-gnu/libGLX_nvidia.so.580.173.02)
        n1: 307311 0x4005823: call_init (dl-init.c:120)
         n1: 307311 0x4005823: _dl_init (dl-init.c:121)
          n1: 307311 0x40015B1: _dl_catch_exception (dl-catch.c:211)
           n1: 307311 0x400CD7B: dl_open_worker (dl-open.c:829)
            n1: 307311 0x400CD7B: dl_open_worker (dl-open.c:792)
             n1: 307311 0x400151B: _dl_catch_exception (dl-catch.c:237)
              n1: 307311 0x400D163: _dl_open (dl-open.c:905)
               n1: 307311 0x4A22283: dlopen_doit (dlopen.c:56)
                n1: 307311 0x400151B: _dl_catch_exception (dl-catch.c:237)
                 n1: 307311 0x4001668: _dl_catch_error (dl-catch.c:256)
                  n1: 307311 0x4A21D62: _dlerror_run (dlerror.c:138)
                   n1: 307311 0x4A2233E: dlopen_implementation (dlopen.c:71)
                    n1: 307311 0x4A2233E: dlopen@@GLIBC_2.34 (dlopen.c:81)
                     n1: 307311 0x536530A: ??? (in /usr/lib/x86_64-linux-gnu/libGLX.so.0.0.0)
                      n1: 307311 0x5367BAC: ??? (in /usr/lib/x86_64-linux-gnu/libGLX.so.0.0.0)
                       n1: 307311 0x53683B5: glXGetClientString (in /usr/lib/x86_64-linux-gnu/libGLX.so.0.0.0)
                        n1: 307311 0x525B1E: glutin::api::glx::display::Display::new (in /home/killpop/Рабочий стол/some/pathfinders/target/release/pathfinding_algorithms)
                         n1: 307311 0x524347: glutin::display::Display::new (in /home/killpop/Рабочий стол/some/pathfinders/target/release/pathfinding_algorithms)
                          n1: 307311 0x415B79: glutin_winit::DisplayBuilder::build (in /home/killpop/Рабочий стол/some/pathfinders/target/release/pathfinding_algorithms)
                           n1: 307311 0x3FAF27: glutin_window::GlutinWindow::from_raw (in /home/killpop/Рабочий стол/some/pathfinders/target/release/pathfinding_algorithms)
                            n1: 307311 0x3FAC58: glutin_window::GlutinWindow::new (in /home/killpop/Рабочий стол/some/pathfinders/target/release/pathfinding_algorithms)
                             n1: 307311 0x2B04F2: <piston_window::prelude::PistonWindow<W> as window::BuildFromWindowSettings>::build_from_window_settings (in /home/killpop/Рабочий стол/some/pathfinders/target/release/pathfinding_algorithms)
                              n1: 307311 0x2A0422: pathfinding_algorithms::main (in /home/killpop/Рабочий стол/some/pathfinders/target/release/pathfinding_algorithms)
                               n1: 307311 0x2A7A52: std::sys::backtrace::__rust_begin_short_backtrace (in /home/killpop/Рабочий стол/some/pathfinders/target/release/pathfinding_algorithms)
                                n1: 307311 0x273ED8: std::rt::lang_start::{{closure}} (in /home/killpop/Рабочий стол/some/pathfinders/target/release/pathfinding_algorithms)
                                 n0: 307311 0x5ABD43: std::rt::lang_start_internal (in /home/killpop/Рабочий стол/some/pathfinders/target/release/pathfinding_algorithms)
  n1: 171760 0x5F6FCFE: ??? (in /usr/lib/x86_64-linux-gnu/libnvidia-glcore.so.580.173.02)
   n1: 171760 0x5F81285: ??? (in /usr/lib/x86_64-linux-gnu/libnvidia-glcore.so.580.173.02)
    n1: 171760 0x5F3A8EB: ??? (in /usr/lib/x86_64-linux-gnu/libnvidia-glcore.so.580.173.02)
     n1: 171760 0x53D344F: ??? (in /usr/lib/x86_64-linux-gnu/libGLX_nvidia.so.580.173.02)
      n1: 171760 0x54010E9: ??? (in /usr/lib/x86_64-linux-gnu/libGLX_nvidia.so.580.173.02)
       n1: 171760 0x53605B1: ??? (in /usr/lib/x86_64-linux-gnu/libGLX.so.0.0.0)
        n1: 171760 0x53629A1: ??? (in /usr/lib/x86_64-linux-gnu/libGLX.so.0.0.0)
         n1: 171760 0x53675E4: ??? (in /usr/lib/x86_64-linux-gnu/libGLX.so.0.0.0)
          n1: 171760 0x3F120D: glutin::api::glx::last_glx_error (in /home/killpop/Рабочий стол/some/pathfinders/target/release/pathfinding_algorithms)
           n1: 171760 0x415855: <glutin::context::NotCurrentContext as glutin::context::NotCurrentGlContextSurfaceAccessor<T>>::make_current (in /home/killpop/Рабочий стол/some/pathfinders/target/release/pathfinding_algorithms)
            n1: 171760 0x3FB756: glutin_window::GlutinWindow::from_raw (in /home/killpop/Рабочий стол/some/pathfinders/target/release/pathfinding_algorithms)
             n1: 171760 0x3FAC58: glutin_window::GlutinWindow::new (in /home/killpop/Рабочий стол/some/pathfinders/target/release/pathfinding_algorithms)
              n1: 171760 0x2B04F2: <piston_window::prelude::PistonWindow<W> as window::BuildFromWindowSettings>::build_from_window_settings (in /home/killpop/Рабочий стол/some/pathfinders/target/release/pathfinding_algorithms)
               n1: 171760 0x2A0422: pathfinding_algorithms::main (in /home/killpop/Рабочий стол/some/pathfinders/target/release/pathfinding_algorithms)
                n1: 171760 0x2A7A52: std::sys::backtrace::__rust_begin_short_backtrace (in /home/killpop/Рабочий стол/some/pathfinders/target/release/pathfinding_algorithms)
                 n1: 171760 0x273ED8: std::rt::lang_start::{{closure}} (in /home/killpop/Рабочий стол/some/pathfinders/target/release/pathfinding_algorithms)
                  n1: 171760 0x5ABD43: std::rt::lang_start_internal (in /home/killpop/Рабочий стол/some/pathfinders/target/release/pathfinding_algorithms)
                   n0: 171760 0x2A6A14: main (in /home/killpop/Рабочий стол/some/pathfinders/target/release/pathfinding_algorithms)
  n1: 167504 0x53D4323: ??? (in /usr/lib/x86_64-linux-gnu/libGLX_nvidia.so.580.173.02)
   n1: 167504 0x53D44D7: ??? (in /usr/lib/x86_64-linux-gnu/libGLX_nvidia.so.580.173.02)
    n1: 167504 0x53FA5E4: ??? (in /usr/lib/x86_64-linux-gnu/libGLX_nvidia.so.580.173.02)
     n1: 167504 0x53FF9E7: ??? (in /usr/lib/x86_64-linux-gnu/libGLX_nvidia.so.580.173.02)
      n1: 167504 0x53F4045: glXCreateContextAttribsARB (in /usr/lib/x86_64-linux-gnu/libGLX_nvidia.so.580.173.02)
       n1: 167504 0x5367E02: ??? (in /usr/lib/x86_64-linux-gnu/libGLX.so.0.0.0)
        n1: 167504 0x51CE30: glutin::api::glx::last_glx_error (in /home/killpop/Рабочий стол/some/pathfinders/target/release/pathfinding_algorithms)
         n1: 167504 0x5258A0: glutin::api::glx::context::<impl glutin::api::glx::display::Display>::create_context (in /home/killpop/Рабочий стол/some/pathfinders/target/release/pathfinding_algorithms)
          n1: 167504 0x52466D: <glutin::display::Display as glutin::display::GlDisplay>::create_context (in /home/killpop/Рабочий стол/some/pathfinders/target/release/pathfinding_algorithms)
           n1: 167504 0x3FB44B: glutin_window::GlutinWindow::from_raw (in /home/killpop/Рабочий стол/some/pathfinders/target/release/pathfinding_algorithms)
            n1: 167504 0x3FAC58: glutin_window::GlutinWindow::new (in /home/killpop/Рабочий стол/some/pathfinders/target/release/pathfinding_algorithms)
             n1: 167504 0x2B04F2: <piston_window::prelude::PistonWindow<W> as window::BuildFromWindowSettings>::build_from_window_settings (in /home/killpop/Рабочий стол/some/pathfinders/target/release/pathfinding_algorithms)
              n1: 167504 0x2A0422: pathfinding_algorithms::main (in /home/killpop/Рабочий стол/some/pathfinders/target/release/pathfinding_algorithms)
               n1: 167504 0x2A7A52: std::sys::backtrace::__rust_begin_short_backtrace (in /home/killpop/Рабочий стол/some/pathfinders/target/release/pathfinding_algorithms)
                n1: 167504 0x273ED8: std::rt::lang_start::{{closure}} (in /home/killpop/Рабочий стол/some/pathfinders/target/release/pathfinding_algorithms)
                 n1: 167504 0x5ABD43: std::rt::lang_start_internal (in /home/killpop/Рабочий стол/some/pathfinders/target/release/pathfinding_algorithms)
                  n0: 167504 0x2A6A14: main (in /home/killpop/Рабочий стол/some/pathfinders/target/release/pathfinding_algorithms)
  n1: 163840 0x5FC2EB6: ??? (in /usr/lib/x86_64-linux-gnu/libnvidia-glcore.so.580.173.02)
   n1: 163840 0x5F95B81: ??? (in /usr/lib/x86_64-linux-gnu/libnvidia-glcore.so.580.173.02)
    n1: 163840 0x5F96561: ??? (in /usr/lib/x86_64-linux-gnu/libnvidia-glcore.so.580.173.02)
     n1: 163840 0x5F80DCB: ??? (in /usr/lib/x86_64-linux-gnu/libnvidia-glcore.so.580.173.02)
      n1: 163840 0x5F3A8EB: ??? (in /usr/lib/x86_64-linux-gnu/libnvidia-glcore.so.580.173.02)
       n1: 163840 0x53D344F: ??? (in /usr/lib/x86_64-linux-gnu/libGLX_nvidia.so.580.173.02)
        n1: 163840 0x54010E9: ??? (in /usr/lib/x86_64-linux-gnu/libGLX_nvidia.so.580.173.02)
         n1: 163840 0x53605B1: ??? (in /usr/lib/x86_64-linux-gnu/libGLX.so.0.0.0)
          n1: 163840 0x53629A1: ??? (in /usr/lib/x86_64-linux-gnu/libGLX.so.0.0.0)
           n1: 163840 0x53675E4: ??? (in /usr/lib/x86_64-linux-gnu/libGLX.so.0.0.0)
            n1: 163840 0x3F120D: glutin::api::glx::last_glx_error (in /home/killpop/Рабочий стол/some/pathfinders/target/release/pathfinding_algorithms)
             n1: 163840 0x415855: <glutin::context::NotCurrentContext as glutin::context::NotCurrentGlContextSurfaceAccessor<T>>::make_current (in /home/killpop/Рабочий стол/some/pathfinders/target/release/pathfinding_algorithms)
              n1: 163840 0x3FB756: glutin_window::GlutinWindow::from_raw (in /home/killpop/Рабочий стол/some/pathfinders/target/release/pathfinding_algorithms)
               n1: 163840 0x3FAC58: glutin_window::GlutinWindow::new (in /home/killpop/Рабочий стол/some/pathfinders/target/release/pathfinding_algorithms)
                n1: 163840 0x2B04F2: <piston_window::prelude::PistonWindow<W> as window::BuildFromWindowSettings>::build_from_window_settings (in /home/killpop/Рабочий стол/some/pathfinders/target/release/pathfinding_algorithms)
                 n1: 163840 0x2A0422: pathfinding_algorithms::main (in /home/killpop/Рабочий стол/some/pathfinders/target/release/pathfinding_algorithms)
                  n1: 163840 0x2A7A52: std::sys::backtrace::__rust_begin_short_backtrace (in /home/killpop/Рабочий стол/some/pathfinders/target/release/pathfinding_algorithms)
                   n1: 163840 0x273ED8: std::rt::lang_start::{{closure}} (in /home/killpop/Рабочий стол/some/pathfinders/target/release/pathfinding_algorithms)
                    n1: 163840 0x5ABD43: std::rt::lang_start_internal (in /home/killpop/Рабочий стол/some/pathfinders/target/release/pathfinding_algorithms)
                     n0: 163840 0x2A6A14: main (in /home/killpop/Рабочий стол/some/pathfinders/target/release/pathfinding_algorithms)
  n1: 154512 0x5F95879: ??? (in /usr/lib/x86_64-linux-gnu/libnvidia-glcore.so.580.173.02)
   n1: 154512 0x5F96561: ??? (in /usr/lib/x86_64-linux-gnu/libnvidia-glcore.so.580.173.02)
    n1: 154512 0x5F80DCB: ??? (in /usr/lib/x86_64-linux-gnu/libnvidia-glcore.so.580.173.02)
     n1: 154512 0x5F3A8EB: ??? (in /usr/lib/x86_64-linux-gnu/libnvidia-glcore.so.580.173.02)
      n1: 154512 0x53D344F: ??? (in /usr/lib/x86_64-linux-gnu/libGLX_nvidia.so.580.173.02)
       n1: 154512 0x54010E9: ??? (in /usr/lib/x86_64-linux-gnu/libGLX_nvidia.so.580.173.02)
        n1: 154512 0x53605B1: ??? (in /usr/lib/x86_64-linux-gnu/libGLX.so.0.0.0)
         n1: 154512 0x53629A1: ??? (in /usr/lib/x86_64-linux-gnu/libGLX.so.0.0.0)
          n1: 154512 0x53675E4: ??? (in /usr/lib/x86_64-linux-gnu/libGLX.so.0.0.0)
           n1: 154512 0x3F120D: glutin::api::glx::last_glx_error (in /home/killpop/Рабочий стол/some/pathfinders/target/release/pathfinding_algorithms)
            n1: 154512 0x415855: <glutin::context::NotCurrentContext as glutin::context::NotCurrentGlContextSurfaceAccessor<T>>::make_current (in /home/killpop/Рабочий стол/some/pathfinders/target/release/pathfinding_algorithms)
             n1: 154512 0x3FB756: glutin_window::GlutinWindow::from_raw (in /home/killpop/Рабочий стол/some/pathfinders/target/release/pathfinding_algorithms)
              n1: 154512 0x3FAC58: glutin_window::GlutinWindow::new (in /home/killpop/Рабочий стол/some/pathfinders/target/release/pathfinding_algorithms)
               n1: 154512 0x2B04F2: <piston_window::prelude::PistonWindow<W> as window::BuildFromWindowSettings>::build_from_window_settings (in /home/killpop/Рабочий стол/some/pathfinders/target/release/pathfinding_algorithms)
                n1: 154512 0x2A0422: pathfinding_algorithms::main (in /home/killpop/Рабочий стол/some/pathfinders/target/release/pathfinding_algorithms)
                 n1: 154512 0x2A7A52: std::sys::backtrace::__rust_begin_short_backtrace (in /home/killpop/Рабочий стол/some/pathfinders/target/release/pathfinding_algorithms)
                  n1: 154512 0x273ED8: std::rt::lang_start::{{closure}} (in /home/killpop/Рабочий стол/some/pathfinders/target/release/pathfinding_algorithms)
                   n1: 154512 0x5ABD43: std::rt::lang_start_internal (in /home/killpop/Рабочий стол/some/pathfinders/target/release/pathfinding_algorithms)
                    n0: 154512 0x2A6A14: main (in /home/killpop/Рабочий стол/some/pathfinders/target/release/pathfinding_algorithms)
  n1: 150472 0x5F3836F: ??? (in /usr/lib/x86_64-linux-gnu/libnvidia-glcore.so.580.173.02)
   n1: 150472 0x5F4C655: ??? (in /usr/lib/x86_64-linux-gnu/libnvidia-glcore.so.580.173.02)
    n1: 150472 0x53D43A0: ??? (in /usr/lib/x86_64-linux-gnu/libGLX_nvidia.so.580.173.02)
     n1: 150472 0x53D44D7: ??? (in /usr/lib/x86_64-linux-gnu/libGLX_nvidia.so.580.173.02)
      n1: 150472 0x53FA5E4: ??? (in /usr/lib/x86_64-linux-gnu/libGLX_nvidia.so.580.173.02)
       n1: 150472 0x53FF9E7: ??? (in /usr/lib/x86_64-linux-gnu/libGLX_nvidia.so.580.173.02)
        n1: 150472 0x53F4045: glXCreateContextAttribsARB (in /usr/lib/x86_64-linux-gnu/libGLX_nvidia.so.580.173.02)
         n1: 150472 0x5367E02: ??? (in /usr/lib/x86_64-linux-gnu/libGLX.so.0.0.0)
          n1: 150472 0x51CE30: glutin::api::glx::last_glx_error (in /home/killpop/Рабочий стол/some/pathfinders/target/release/pathfinding_algorithms)
           n1: 150472 0x5258A0: glutin::api::glx::context::<impl glutin::api::glx::display::Display>::create_context (in /home/killpop/Рабочий стол/some/pathfinders/target/release/pathfinding_algorithms)
            n1: 150472 0x52466D: <glutin::display::Display as glutin::display::GlDisplay>::create_context (in /home/killpop/Рабочий стол/some/pathfinders/target/release/pathfinding_algorithms)
             n1: 150472 0x3FB44B: glutin_window::GlutinWindow::from_raw (in /home/killpop/Рабочий стол/some/pathfinders/target/release/pathfinding_algorithms)
              n1: 150472 0x3FAC58: glutin_window::GlutinWindow::new (in /home/killpop/Рабочий стол/some/pathfinders/target/release/pathfinding_algorithms)
               n1: 150472 0x2B04F2: <piston_window::prelude::PistonWindow<W> as window::BuildFromWindowSettings>::build_from_window_settings (in /home/killpop/Рабочий стол/some/pathfinders/target/release/pathfinding_algorithms)
                n1: 150472 0x2A0422: pathfinding_algorithms::main (in /home/killpop/Рабочий стол/some/pathfinders/target/release/pathfinding_algorithms)
                 n1: 150472 0x2A7A52: std::sys::backtrace::__rust_begin_short_backtrace (in /home/killpop/Рабочий стол/some/pathfinders/target/release/pathfinding_algorithms)
                  n1: 150472 0x273ED8: std::rt::lang_start::{{closure}} (in /home/killpop/Рабочий стол/some/pathfinders/target/release/pathfinding_algorithms)
                   n1: 150472 0x5ABD43: std::rt::lang_start_internal (in /home/killpop/Рабочий стол/some/pathfinders/target/release/pathfinding_algorithms)
                    n0: 150472 0x2A6A14: main (in /home/killpop/Рабочий стол/some/pathfinders/target/release/pathfinding_algorithms)
  n1: 123648 0x65CBF3F: ??? (in /usr/lib/x86_64-linux-gnu/libnvidia-glcore.so.580.173.02)
   n0: 123648 in 8 places, all below massif's threshold (1.00%)
 n0: 784317 in 439 places, all below massif's threshold (1.00%)
 n3: 544512 0x57AB7E: alloc::raw_vec::RawVecInner<A>::finish_grow (in /home/killpop/Рабочий стол/some/pathfinders/target/release/pathfinding_algorithms)
  n2: 330240 0x57A999: alloc::raw_vec::RawVec<T,A>::grow_one (in /home/killpop/Рабочий стол/some/pathfinders/target/release/pathfinding_algorithms)
   n2: 327680 0x567E12: <gfx_device_gl::command::CommandBuffer as gfx_core::command::Buffer<gfx_device_gl::Resources>>::update_buffer (in /home/killpop/Рабочий стол/some/pathfinders/target/release/pathfinding_algorithms)
    n1: 327680 0x2B22AF: gfx::encoder::Encoder<R,C>::update_buffer (in /home/killpop/Рабочий стол/some/pathfinders/target/release/pathfinding_algorithms)
     n1: 327680 0x28978F: <gfx_graphics::back_end::GfxGraphics<R,C> as graphics::graphics::Graphics>::tri_list (in /home/killpop/Рабочий стол/some/pathfinders/target/release/pathfinding_algorithms)
      n1: 327680 0x29B612: graphics::rectangle::Rectangle::draw_tri (in /home/killpop/Рабочий стол/some/pathfinders/target/release/pathfinding_algorithms)
       n1: 327680 0x29FC1B: pathfinding_algorithms::presentation::renderer::Renderer::render_field (in /home/killpop/Рабочий стол/some/pathfinders/target/release/pathfinding_algorithms)
        n1: 327680 0x2780EB: pathfinding_algorithms::presentation::app::App::render (in /home/killpop/Рабочий стол/some/pathfinders/target/release/pathfinding_algorithms)
         n1: 327680 0x285385: gfx_graphics::back_end::Gfx2d<R>::draw (in /home/killpop/Рабочий стол/some/pathfinders/target/release/pathfinding_algorithms)
          n1: 327680 0x2A0993: pathfinding_algorithms::main (in /home/killpop/Рабочий стол/some/pathfinders/target/release/pathfinding_algorithms)
           n1: 327680 0x2A7A52: std::sys::backtrace::__rust_begin_short_backtrace (in /home/killpop/Рабочий стол/some/pathfinders/target/release/pathfinding_algorithms)
            n1: 327680 0x273ED8: std::rt::lang_start::{{closure}} (in /home/killpop/Рабочий стол/some/pathfinders/target/release/pathfinding_algorithms)
             n1: 327680 0x5ABD43: std::rt::lang_start_internal (in /home/killpop/Рабочий стол/some/pathfinders/target/release/pathfinding_algorithms)
              n0: 327680 0x2A6A14: main (in /home/killpop/Рабочий стол/some/pathfinders/target/release/pathfinding_algorithms)
    n0: 0 in 2 places, all below massif's threshold (1.00%)
   n0: 2560 in 4 places, all below massif's threshold (1.00%)
  n1: 176064 0x57AC33: alloc::raw_vec::RawVecInner<A>::reserve::do_reserve_and_handle (in /home/killpop/Рабочий стол/some/pathfinders/target/release/pathfinding_algorithms)
   n0: 176064 in 6 places, all below massif's threshold (1.00%)
  n0: 38208 in 1 place, below massif's threshold (1.00%)
 n1: 241664 0x52D64D7: ??? (in /usr/lib/x86_64-linux-gnu/libGLdispatch.so.0.0.0)
  n1: 241664 0x52D6C11: ??? (in /usr/lib/x86_64-linux-gnu/libGLdispatch.so.0.0.0)
   n1: 241664 0x52D6E68: __glDispatchMakeCurrent (in /usr/lib/x86_64-linux-gnu/libGLdispatch.so.0.0.0)
    n1: 241664 0x5362923: ??? (in /usr/lib/x86_64-linux-gnu/libGLX.so.0.0.0)
     n1: 241664 0x53675E4: ??? (in /usr/lib/x86_64-linux-gnu/libGLX.so.0.0.0)
      n1: 241664 0x3F120D: glutin::api::glx::last_glx_error (in /home/killpop/Рабочий стол/some/pathfinders/target/release/pathfinding_algorithms)
       n1: 241664 0x415855: <glutin::context::NotCurrentContext as glutin::context::NotCurrentGlContextSurfaceAccessor<T>>::make_current (in /home/killpop/Рабочий стол/some/pathfinders/target/release/pathfinding_algorithms)
        n1: 241664 0x3FB756: glutin_window::GlutinWindow::from_raw (in /home/killpop/Рабочий стол/some/pathfinders/target/release/pathfinding_algorithms)
         n1: 241664 0x3FAC58: glutin_window::GlutinWindow::new (in /home/killpop/Рабочий стол/some/pathfinders/target/release/pathfinding_algorithms)
          n1: 241664 0x2B04F2: <piston_window::prelude::PistonWindow<W> as window::BuildFromWindowSettings>::build_from_window_settings (in /home/killpop/Рабочий стол/some/pathfinders/target/release/pathfinding_algorithms)
           n1: 241664 0x2A0422: pathfinding_algorithms::main (in /home/killpop/Рабочий стол/some/pathfinders/target/release/pathfinding_algorithms)
            n1: 241664 0x2A7A52: std::sys::backtrace::__rust_begin_short_backtrace (in /home/killpop/Рабочий стол/some/pathfinders/target/release/pathfinding_algorithms)
             n1: 241664 0x273ED8: std::rt::lang_start::{{closure}} (in /home/killpop/Рабочий стол/some/pathfinders/target/release/pathfinding_algorithms)
              n1: 241664 0x5ABD43: std::rt::lang_start_internal (in /home/killpop/Рабочий стол/some/pathfinders/target/release/pathfinding_algorithms)
               n0: 241664 0x2A6A14: main (in /home/killpop/Рабочий стол/some/pathfinders/target/release/pathfinding_algorithms)
 n1: 149594 0x9B5EE4D: ??? (in /usr/lib/x86_64-linux-gnu/libnvidia-gpucomp.so.580.173.02)
  n1: 149594 0x9B0E478: ??? (in /usr/lib/x86_64-linux-gnu/libnvidia-gpucomp.so.580.173.02)
   n1: 149594 0x82C24BF: ??? (in /usr/lib/x86_64-linux-gnu/libnvidia-gpucomp.so.580.173.02)
    n0: 149594 in 58 places, all below massif's threshold (1.00%)
 n1: 110592 0x5250557: ??? (in /usr/lib/x86_64-linux-gnu/libGL.so.1.7.0)
  n1: 110592 0x52D6C11: ??? (in /usr/lib/x86_64-linux-gnu/libGLdispatch.so.0.0.0)
   n1: 110592 0x52D6E68: __glDispatchMakeCurrent (in /usr/lib/x86_64-linux-gnu/libGLdispatch.so.0.0.0)
    n1: 110592 0x5362923: ??? (in /usr/lib/x86_64-linux-gnu/libGLX.so.0.0.0)
     n1: 110592 0x53675E4: ??? (in /usr/lib/x86_64-linux-gnu/libGLX.so.0.0.0)
      n1: 110592 0x3F120D: glutin::api::glx::last_glx_error (in /home/killpop/Рабочий стол/some/pathfinders/target/release/pathfinding_algorithms)
       n1: 110592 0x415855: <glutin::context::NotCurrentContext as glutin::context::NotCurrentGlContextSurfaceAccessor<T>>::make_current (in /home/killpop/Рабочий стол/some/pathfinders/target/release/pathfinding_algorithms)
        n1: 110592 0x3FB756: glutin_window::GlutinWindow::from_raw (in /home/killpop/Рабочий стол/some/pathfinders/target/release/pathfinding_algorithms)
         n1: 110592 0x3FAC58: glutin_window::GlutinWindow::new (in /home/killpop/Рабочий стол/some/pathfinders/target/release/pathfinding_algorithms)
          n1: 110592 0x2B04F2: <piston_window::prelude::PistonWindow<W> as window::BuildFromWindowSettings>::build_from_window_settings (in /home/killpop/Рабочий стол/some/pathfinders/target/release/pathfinding_algorithms)
           n1: 110592 0x2A0422: pathfinding_algorithms::main (in /home/killpop/Рабочий стол/some/pathfinders/target/release/pathfinding_algorithms)
            n1: 110592 0x2A7A52: std::sys::backtrace::__rust_begin_short_backtrace (in /home/killpop/Рабочий стол/some/pathfinders/target/release/pathfinding_algorithms)
             n1: 110592 0x273ED8: std::rt::lang_start::{{closure}} (in /home/killpop/Рабочий стол/some/pathfinders/target/release/pathfinding_algorithms)
              n1: 110592 0x5ABD43: std::rt::lang_start_internal (in /home/killpop/Рабочий стол/some/pathfinders/target/release/pathfinding_algorithms)
               n0: 110592 0x2A6A14: main (in /home/killpop/Рабочий стол/some/pathfinders/target/release/pathfinding_algorithms)
 n2: 104788 0x436FFD: hashbrown::raw::RawTableInner::fallible_with_capacity (in /home/killpop/Рабочий стол/some/pathfinders/target/release/pathfinding_algorithms)
  n1: 102416 0x442556: core::ops::function::FnOnce::call_once (in /home/killpop/Рабочий стол/some/pathfinders/target/release/pathfinding_algorithms)
   n1: 102416 0x431B49: once_cell::imp::OnceCell<T>::initialize::{{closure}} (in /home/killpop/Рабочий стол/some/pathfinders/target/release/pathfinding_algorithms)
    n1: 102416 0x544A3B: once_cell::imp::initialize_or_wait (in /home/killpop/Рабочий стол/some/pathfinders/target/release/pathfinding_algorithms)
     n1: 102416 0x431661: once_cell::imp::OnceCell<T>::initialize (in /home/killpop/Рабочий стол/some/pathfinders/target/release/pathfinding_algorithms)
      n1: 102416 0x4436CD: winit::platform_impl::platform::x11::util::atom::<impl winit::platform_impl::platform::x11::xdisplay::XConnection>::get_atom_unchecked (in /home/killpop/Рабочий стол/some/pathfinders/target/release/pathfinding_algorithms)
       n1: 102416 0x3D5DAE: winit::platform_impl::platform::x11::EventLoop<T>::new (in /home/killpop/Рабочий стол/some/pathfinders/target/release/pathfinding_algorithms)
        n1: 102416 0x41A737: winit::platform_impl::platform::EventLoop<T>::new (in /home/killpop/Рабочий стол/some/pathfinders/target/release/pathfinding_algorithms)
         n1: 102416 0x3FA5DF: glutin_window::GlutinWindow::new (in /home/killpop/Рабочий стол/some/pathfinders/target/release/pathfinding_algorithms)
          n1: 102416 0x2B04F2: <piston_window::prelude::PistonWindow<W> as window::BuildFromWindowSettings>::build_from_window_settings (in /home/killpop/Рабочий стол/some/pathfinders/target/release/pathfinding_algorithms)
           n1: 102416 0x2A0422: pathfinding_algorithms::main (in /home/killpop/Рабочий стол/some/pathfinders/target/release/pathfinding_algorithms)
            n1: 102416 0x2A7A52: std::sys::backtrace::__rust_begin_short_backtrace (in /home/killpop/Рабочий стол/some/pathfinders/target/release/pathfinding_algorithms)
             n1: 102416 0x273ED8: std::rt::lang_start::{{closure}} (in /home/killpop/Рабочий стол/some/pathfinders/target/release/pathfinding_algorithms)
              n1: 102416 0x5ABD43: std::rt::lang_start_internal (in /home/killpop/Рабочий стол/some/pathfinders/target/release/pathfinding_algorithms)
               n0: 102416 0x2A6A14: main (in /home/killpop/Рабочий стол/some/pathfinders/target/release/pathfinding_algorithms)
  n0: 2372 in 3 places, all below massif's threshold (1.00%)
#-----------
snapshot=3
#-----------
time=191031423
mem_heap_B=9992749
mem_heap_extra_B=115347
mem_stacks_B=0
heap_tree=empty
#-----------
snapshot=4
#-----------
time=273733395
mem_heap_B=9993365
mem_heap_extra_B=115355
mem_stacks_B=0
heap_tree=empty
#-----------
snapshot=5
#-----------
time=329083524
mem_heap_B=9994813
mem_heap_extra_B=115387
mem_stacks_B=0
heap_tree=empty
#-----------
snapshot=6
#-----------
time=377314768
mem_heap_B=9993165
mem_heap_extra_B=115323
mem_stacks_B=0
heap_tree=empty
#-----------
snapshot=7
#-----------
time=444083610
mem_heap_B=9993765
mem_heap_extra_B=115331
mem_stacks_B=0
heap_tree=detailed
n8: 9993765 (heap allocation functions) malloc/new/new[], --alloc-fns, etc.
 n6: 5194227 0x5F521C1: ??? (in /usr/lib/x86_64-linux-gnu/libnvidia-glcore.so.580.173.02)
  n2: 2463597 0x5C76E4A: ??? (in /usr/lib/x86_64-linux-gnu/libnvidia-glcore.so.580.173.02)
   n1: 2463597 0x5C5A175: ??? (in /usr/lib/x86_64-linux-gnu/libnvidia-glcore.so.580.173.02)
    n1: 2463597 0x5C5EF6F: ??? (in /usr/lib/x86_64-linux-gnu/libnvidia-glcore.so.580.173.02)
     n1: 2463597 0x57603E: gfx_device_gl::factory::Factory::init_buffer (in /home/killpop/Рабочий стол/some/pathfinders/target/release/pathfinding_algorithms)
      n3: 2463597 0x575286: <gfx_device_gl::factory::Factory as gfx_core::factory::Factory<gfx_device_gl::Resources>>::create_buffer_raw (in /home/killpop/Рабочий стол/some/pathfinders/target/release/pathfinding_algorithms)
       n1: 1636871 0x281B30: gfx_graphics::back_end::Gfx2d<R>::new (in /home/killpop/Рабочий стол/some/pathfinders/target/release/pathfinding_algorithms)
        n1: 1636871 0x2B0DA1: <piston_window::prelude::PistonWindow<W> as window::BuildFromWindowSettings>::build_from_window_settings (in /home/killpop/Рабочий стол/some/pathfinders/target/release/pathfinding_algorithms)
         n1: 1636871 0x2A0422: pathfinding_algorithms::main (in /home/killpop/Рабочий стол/some/pathfinders/target/release/pathfinding_algorithms)
          n1: 1636871 0x2A7A52: std::sys::backtrace::__rust_begin_short_backtrace (in /home/killpop/Рабочий стол/some/pathfinders/target/release/pathfinding_algorithms)
           n1: 1636871 0x273ED8: std::rt::lang_start::{{closure}} (in /home/killpop/Рабочий стол/some/pathfinders/target/release/pathfinding_algorithms)
            n1: 1636871 0x5ABD43: std::rt::lang_start_internal (in /home/killpop/Рабочий стол/some/pathfinders/target/release/pathfinding_algorithms)
             n0: 1636871 0x2A6A14: main (in /home/killpop/Рабочий стол/some/pathfinders/target/release/pathfinding_algorithms)
       n1: 818471 0x281ACF: gfx_graphics::back_end::Gfx2d<R>::new (in /home/killpop/Рабочий стол/some/pathfinders/target/release/pathfinding_algorithms)
        n1: 818471 0x2B0DA1: <piston_window::prelude::PistonWindow<W> as window::BuildFromWindowSettings>::build_from_window_settings (in /home/killpop/Рабочий стол/some/pathfinders/target/release/pathfinding_algorithms)
         n1: 818471 0x2A0422: pathfinding_algorithms::main (in /home/killpop/Рабочий стол/some/pathfinders/target/release/pathfinding_algorithms)
          n1: 818471 0x2A7A52: std::sys::backtrace::__rust_begin_short_backtrace (in /home/killpop/Рабочий стол/some/pathfinders/target/release/pathfinding_algorithms)
           n1: 818471 0x273ED8: std::rt::lang_start::{{closure}} (in /home/killpop/Рабочий стол/some/pathfinders/target/release/pathfinding_algorithms)
            n1: 818471 0x5ABD43: std::rt::lang_start_internal (in /home/killpop/Рабочий стол/some/pathfinders/target/release/pathfinding_algorithms)
             n0: 818471 0x2A6A14: main (in /home/killpop/Рабочий стол/some/pathfinders/target/release/pathfinding_algorithms)
       n0: 8255 in 1 place, below massif's threshold (1.00%)
   n0: 0 in 1 place, below massif's threshold (1.00%)
  n1: 1638400 0x5C0DD8F: ??? (in /usr/lib/x86_64-linux-gnu/libnvidia-glcore.so.580.173.02)
   n1: 1638400 0x5F88378: ??? (in /usr/lib/x86_64-linux-gnu/libnvidia-glcore.so.580.173.02)
    n1: 1638400 0x5F3A724: ??? (in /usr/lib/x86_64-linux-gnu/libnvidia-glcore.so.580.173.02)
     n1: 1638400 0x53D313F: ??? (in /usr/lib/x86_64-linux-gnu/libGLX_nvidia.so.580.173.02)
      n1: 1638400 0x53FA624: ??? (in /usr/lib/x86_64-linux-gnu/libGLX_nvidia.so.580.173.02)
       n1: 1638400 0x53FF9E7: ??? (in /usr/lib/x86_64-linux-gnu/libGLX_nvidia.so.580.173.02)
        n1: 1638400 0x53F4045: glXCreateContextAttribsARB (in /usr/lib/x86_64-linux-gnu/libGLX_nvidia.so.580.173.02)
         n1: 1638400 0x5367E02: ??? (in /usr/lib/x86_64-linux-gnu/libGLX.so.0.0.0)
          n1: 1638400 0x51CE30: glutin::api::glx::last_glx_error (in /home/killpop/Рабочий стол/some/pathfinders/target/release/pathfinding_algorithms)
           n1: 1638400 0x5258A0: glutin::api::glx::context::<impl glutin::api::glx::display::Display>::create_context (in /home/killpop/Рабочий стол/some/pathfinders/target/release/pathfinding_algorithms)
            n1: 1638400 0x52466D: <glutin::display::Display as glutin::display::GlDisplay>::create_context (in /home/killpop/Рабочий стол/some/pathfinders/target/release/pathfinding_algorithms)
             n1: 1638400 0x3FB44B: glutin_window::GlutinWindow::from_raw (in /home/killpop/Рабочий стол/some/pathfinders/target/release/pathfinding_algorithms)
              n1: 1638400 0x3FAC58: glutin_window::GlutinWindow::new (in /home/killpop/Рабочий стол/some/pathfinders/target/release/pathfinding_algorithms)
               n1: 1638400 0x2B04F2: <piston_window::prelude::PistonWindow<W> as window::BuildFromWindowSettings>::build_from_window_settings (in /home/killpop/Рабочий стол/some/pathfinders/target/release/pathfinding_algorithms)
                n1: 1638400 0x2A0422: pathfinding_algorithms::main (in /home/killpop/Рабочий стол/some/pathfinders/target/release/pathfinding_algorithms)
                 n1: 1638400 0x2A7A52: std::sys::backtrace::__rust_begin_short_backtrace (in /home/killpop/Рабочий стол/some/pathfinders/target/release/pathfinding_algorithms)
                  n1: 1638400 0x273ED8: std::rt::lang_start::{{closure}} (in /home/killpop/Рабочий стол/some/pathfinders/target/release/pathfinding_algorithms)
                   n1: 1638400 0x5ABD43: std::rt::lang_start_internal (in /home/killpop/Рабочий стол/some/pathfinders/target/release/pathfinding_algorithms)
                    n0: 1638400 0x2A6A14: main (in /home/killpop/Рабочий стол/some/pathfinders/target/release/pathfinding_algorithms)
  n1: 385024 0x5FC30B3: ??? (in /usr/lib/x86_64-linux-gnu/libnvidia-glcore.so.580.173.02)
   n1: 385024 0x5F95B81: ??? (in /usr/lib/x86_64-linux-gnu/libnvidia-glcore.so.580.173.02)
    n1: 385024 0x5F96561: ??? (in /usr/lib/x86_64-linux-gnu/libnvidia-glcore.so.580.173.02)
     n1: 385024 0x5F80DCB: ??? (in /usr/lib/x86_64-linux-gnu/libnvidia-glcore.so.580.173.02)
      n1: 385024 0x5F3A8EB: ??? (in /usr/lib/x86_64-linux-gnu/libnvidia-glcore.so.580.173.02)
       n1: 385024 0x53D344F: ??? (in /usr/lib/x86_64-linux-gnu/libGLX_nvidia.so.580.173.02)
        n1: 385024 0x54010E9: ??? (in /usr/lib/x86_64-linux-gnu/libGLX_nvidia.so.580.173.02)
         n1: 385024 0x53605B1: ??? (in /usr/lib/x86_64-linux-gnu/libGLX.so.0.0.0)
          n1: 385024 0x53629A1: ??? (in /usr/lib/x86_64-linux-gnu/libGLX.so.0.0.0)
           n1: 385024 0x53675E4: ??? (in /usr/lib/x86_64-linux-gnu/libGLX.so.0.0.0)
            n1: 385024 0x3F120D: glutin::api::glx::last_glx_error (in /home/killpop/Рабочий стол/some/pathfinders/target/release/pathfinding_algorithms)
             n1: 385024 0x415855: <glutin::context::NotCurrentContext as glutin::context::NotCurrentGlContextSurfaceAccessor<T>>::make_current (in /home/killpop/Рабочий стол/some/pathfinders/target/release/pathfinding_algorithms)
              n1: 385024 0x3FB756: glutin_window::GlutinWindow::from_raw (in /home/killpop/Рабочий стол/some/pathfinders/target/release/pathfinding_algorithms)
               n1: 385024 0x3FAC58: glutin_window::GlutinWindow::new (in /home/killpop/Рабочий стол/some/pathfinders/target/release/pathfinding_algorithms)
                n1: 385024 0x2B04F2: <piston_window::prelude::PistonWindow<W> as window::BuildFromWindowSettings>::build_from_window_settings (in /home/killpop/Рабочий стол/some/pathfinders/target/release/pathfinding_algorithms)
                 n1: 385024 0x2A0422: pathfinding_algorithms::main (in /home/killpop/Рабочий стол/some/pathfinders/target/release/pathfinding_algorithms)
                  n1: 385024 0x2A7A52: std::sys::backtrace::__rust_begin_short_backtrace (in /home/killpop/Рабочий стол/some/pathfinders/target/release/pathfinding_algorithms)
                   n1: 385024 0x273ED8: std::rt::lang_start::{{closure}} (in /home/killpop/Рабочий стол/some/pathfinders/target/release/pathfinding_algorithms)
                    n1: 385024 0x5ABD43: std::rt::lang_start_internal (in /home/killpop/Рабочий стол/some/pathfinders/target/release/pathfinding_algorithms)
                     n0: 385024 0x2A6A14: main (in /home/killpop/Рабочий стол/some/pathfinders/target/release/pathfinding_algorithms)
  n0: 283074 in 225 places, all below massif's threshold (1.00%)
  n1: 262132 0x53FF724: ??? (in /usr/lib/x86_64-linux-gnu/libGLX_nvidia.so.580.173.02)
   n1: 262132 0x53F4045: glXCreateContextAttribsARB (in /usr/lib/x86_64-linux-gnu/libGLX_nvidia.so.580.173.02)
    n1: 262132 0x5367E02: ??? (in /usr/lib/x86_64-linux-gnu/libGLX.so.0.0.0)
     n1: 262132 0x51CE30: glutin::api::glx::last_glx_error (in /home/killpop/Рабочий стол/some/pathfinders/target/release/pathfinding_algorithms)
      n1: 262132 0x5258A0: glutin::api::glx::context::<impl glutin::api::glx::display::Display>::create_context (in /home/killpop/Рабочий стол/some/pathfinders/target/release/pathfinding_algorithms)
       n1: 262132 0x52466D: <glutin::display::Display as glutin::display::GlDisplay>::create_context (in /home/killpop/Рабочий стол/some/pathfinders/target/release/pathfinding_algorithms)
        n1: 262132 0x3FB44B: glutin_window::GlutinWindow::from_raw (in /home/killpop/Рабочий стол/some/pathfinders/target/release/pathfinding_algorithms)
         n1: 262132 0x3FAC58: glutin_window::GlutinWindow::new (in /home/killpop/Рабочий стол/some/pathfinders/target/release/pathfinding_algorithms)
          n1: 262132 0x2B04F2: <piston_window::prelude::PistonWindow<W> as window::BuildFromWindowSettings>::build_from_window_settings (in /home/killpop/Рабочий стол/some/pathfinders/target/release/pathfinding_algorithms)
           n1: 262132 0x2A0422: pathfinding_algorithms::main (in /home/killpop/Рабочий стол/some/pathfinders/target/release/pathfinding_algorithms)
            n1: 262132 0x2A7A52: std::sys::backtrace::__rust_begin_short_backtrace (in /home/killpop/Рабочий стол/some/pathfinders/target/release/pathfinding_algorithms)
             n1: 262132 0x273ED8: std::rt::lang_start::{{closure}} (in /home/killpop/Рабочий стол/some/pathfinders/target/release/pathfinding_algorithms)
              n1: 262132 0x5ABD43: std::rt::lang_start_internal (in /home/killpop/Рабочий стол/some/pathfinders/target/release/pathfinding_algorithms)
               n0: 262132 0x2A6A14: main (in /home/killpop/Рабочий стол/some/pathfinders/target/release/pathfinding_algorithms)
  n1: 162000 0x653ADBC: ??? (in /usr/lib/x86_64-linux-gnu/libnvidia-glcore.so.580.173.02)
   n1: 162000 0x654403F: ??? (in /usr/lib/x86_64-linux-gnu/libnvidia-glcore.so.580.173.02)
    n1: 162000 0x5F4C308: ??? (in /usr/lib/x86_64-linux-gnu/libnvidia-glcore.so.580.173.02)
     n1: 162000 0x53D43A0: ??? (in /usr/lib/x86_64-linux-gnu/libGLX_nvidia.so.580.173.02)
      n1: 162000 0x53D44D7: ??? (in /usr/lib/x86_64-linux-gnu/libGLX_nvidia.so.580.173.02)
       n1: 162000 0x53FA5E4: ??? (in /usr/lib/x86_64-linux-gnu/libGLX_nvidia.so.580.173.02)
        n1: 162000 0x53FF9E7: ??? (in /usr/lib/x86_64-linux-gnu/libGLX_nvidia.so.580.173.02)
         n1: 162000 0x53F4045: glXCreateContextAttribsARB (in /usr/lib/x86_64-linux-gnu/libGLX_nvidia.so.580.173.02)
          n1: 162000 0x5367E02: ??? (in /usr/lib/x86_64-linux-gnu/libGLX.so.0.0.0)
           n1: 162000 0x51CE30: glutin::api::glx::last_glx_error (in /home/killpop/Рабочий стол/some/pathfinders/target/release/pathfinding_algorithms)
            n1: 162000 0x5258A0: glutin::api::glx::context::<impl glutin::api::glx::display::Display>::create_context (in /home/killpop/Рабочий стол/some/pathfinders/target/release/pathfinding_algorithms)
             n1: 162000 0x52466D: <glutin::display::Display as glutin::display::GlDisplay>::create_context (in /home/killpop/Рабочий стол/some/pathfinders/target/release/pathfinding_algorithms)
              n1: 162000 0x3FB44B: glutin_window::GlutinWindow::from_raw (in /home/killpop/Рабочий стол/some/pathfinders/target/release/pathfinding_algorithms)
               n1: 162000 0x3FAC58: glutin_window::GlutinWindow::new (in /home/killpop/Рабочий стол/some/pathfinders/target/release/pathfinding_algorithms)
                n1: 162000 0x2B04F2: <piston_window::prelude::PistonWindow<W> as window::BuildFromWindowSettings>::build_from_window_settings (in /home/killpop/Рабочий стол/some/pathfinders/target/release/pathfinding_algorithms)
                 n1: 162000 0x2A0422: pathfinding_algorithms::main (in /home/killpop/Рабочий стол/some/pathfinders/target/release/pathfinding_algorithms)
                  n1: 162000 0x2A7A52: std::sys::backtrace::__rust_begin_short_backtrace (in /home/killpop/Рабочий стол/some/pathfinders/target/release/pathfinding_algorithms)
                   n1: 162000 0x273ED8: std::rt::lang_start::{{closure}} (in /home/killpop/Рабочий стол/some/pathfinders/target/release/pathfinding_algorithms)
                    n1: 162000 0x5ABD43: std::rt::lang_start_internal (in /home/killpop/Рабочий стол/some/pathfinders/target/release/pathfinding_algorithms)
                     n0: 162000 0x2A6A14: main (in /home/killpop/Рабочий стол/some/pathfinders/target/release/pathfinding_algorithms)
 n9: 2844094 0x5F5247D: ??? (in /usr/lib/x86_64-linux-gnu/libnvidia-glcore.so.580.173.02)
  n1: 825080 0x5F958BA: ??? (in /usr/lib/x86_64-linux-gnu/libnvidia-glcore.so.580.173.02)
   n1: 825080 0x5F96561: ??? (in /usr/lib/x86_64-linux-gnu/libnvidia-glcore.so.580.173.02)
    n1: 825080 0x5F80DCB: ??? (in /usr/lib/x86_64-linux-gnu/libnvidia-glcore.so.580.173.02)
     n1: 825080 0x5F3A8EB: ??? (in /usr/lib/x86_64-linux-gnu/libnvidia-glcore.so.580.173.02)
      n1: 825080 0x53D344F: ??? (in /usr/lib/x86_64-linux-gnu/libGLX_nvidia.so.580.173.02)
       n1: 825080 0x54010E9: ??? (in /usr/lib/x86_64-linux-gnu/libGLX_nvidia.so.580.173.02)
        n1: 825080 0x53605B1: ??? (in /usr/lib/x86_64-linux-gnu/libGLX.so.0.0.0)
         n1: 825080 0x53629A1: ??? (in /usr/lib/x86_64-linux-gnu/libGLX.so.0.0.0)
          n1: 825080 0x53675E4: ??? (in /usr/lib/x86_64-linux-gnu/libGLX.so.0.0.0)
           n1: 825080 0x3F120D: glutin::api::glx::last_glx_error (in /home/killpop/Рабочий стол/some/pathfinders/target/release/pathfinding_algorithms)
            n1: 825080 0x415855: <glutin::context::NotCurrentContext as glutin::context::NotCurrentGlContextSurfaceAccessor<T>>::make_current (in /home/killpop/Рабочий стол/some/pathfinders/target/release/pathfinding_algorithms)
             n1: 825080 0x3FB756: glutin_window::GlutinWindow::from_raw (in /home/killpop/Рабочий стол/some/pathfinders/target/release/pathfinding_algorithms)
              n1: 825080 0x3FAC58: glutin_window::GlutinWindow::new (in /home/killpop/Рабочий стол/some/pathfinders/target/release/pathfinding_algorithms)
               n1: 825080 0x2B04F2: <piston_window::prelude::PistonWindow<W> as window::BuildFromWindowSettings>::build_from_window_settings (in /home/killpop/Рабочий стол/some/pathfinders/target/release/pathfinding_algorithms)
                n1: 825080 0x2A0422: pathfinding_algorithms::main (in /home/killpop/Рабочий стол/some/pathfinders/target/release/pathfinding_algorithms)
                 n1: 825080 0x2A7A52: std::sys::backtrace::__rust_begin_short_backtrace (in /home/killpop/Рабочий стол/some/pathfinders/target/release/pathfinding_algorithms)
                  n1: 825080 0x273ED8: std::rt::lang_start::{{closure}} (in /home/killpop/Рабочий стол/some/pathfinders/target/release/pathfinding_algorithms)
                   n1: 825080 0x5ABD43: std::rt::lang_start_internal (in /home/killpop/Рабочий стол/some/pathfinders/target/release/pathfinding_algorithms)
                    n0: 825080 0x2A6A14: main (in /home/killpop/Рабочий стол/some/pathfinders/target/release/pathfinding_algorithms)
  n0: 779967 in 116 places, all below massif's threshold (1.00%)
  n1: 307311 0x5C75DBB: ??? (in /usr/lib/x86_64-linux-gnu/libnvidia-glcore.so.580.173.02)
   n1: 307311 0x53FAEBF: ??? (in /usr/lib/x86_64-linux-gnu/libGLX_nvidia.so.580.173.02)
    n1: 307311 0x5403FDB: ??? (in /usr/lib/x86_64-linux-gnu/libGLX_nvidia.so.580.173.02)
     n1: 307311 0x53D0A5A: ??? (in /usr/lib/x86_64-linux-gnu/libGLX_nvidia.so.580.173.02)
      n1: 307311 0x542C401: ??? (in /usr/lib/x86_64-linux-gnu/libGLX_nvidia.so.580.173.02)
       n1: 307311 0x53D0012: ??? (in /usr/lib/x86_64-linux-gnu/libGLX_nvidia.so.580.173.02)
        n1: 307311 0x4005823: call_init (dl-init.c:120)
         n1: 307311 0x4005823: _dl_init (dl-init.c:121)
          n1: 307311 0x40015B1: _dl_catch_exception (dl-catch.c:211)
           n1: 307311 0x400CD7B: dl_open_worker (dl-open.c:829)
            n1: 307311 0x400CD7B: dl_open_worker (dl-open.c:792)
             n1: 307311 0x400151B: _dl_catch_exception (dl-catch.c:237)
              n1: 307311 0x400D163: _dl_open (dl-open.c:905)
               n1: 307311 0x4A22283: dlopen_doit (dlopen.c:56)
                n1: 307311 0x400151B: _dl_catch_exception (dl-catch.c:237)
                 n1: 307311 0x4001668: _dl_catch_error (dl-catch.c:256)
                  n1: 307311 0x4A21D62: _dlerror_run (dlerror.c:138)
                   n1: 307311 0x4A2233E: dlopen_implementation (dlopen.c:71)
                    n1: 307311 0x4A2233E: dlopen@@GLIBC_2.34 (dlopen.c:81)
                     n1: 307311 0x536530A: ??? (in /usr/lib/x86_64-linux-gnu/libGLX.so.0.0.0)
                      n1: 307311 0x5367BAC: ??? (in /usr/lib/x86_64-linux-gnu/libGLX.so.0.0.0)
                       n1: 307311 0x53683B5: glXGetClientString (in /usr/lib/x86_64-linux-gnu/libGLX.so.0.0.0)
                        n1: 307311 0x525B1E: glutin::api::glx::display::Display::new (in /home/killpop/Рабочий стол/some/pathfinders/target/release/pathfinding_algorithms)
                         n1: 307311 0x524347: glutin::display::Display::new (in /home/killpop/Рабочий стол/some/pathfinders/target/release/pathfinding_algorithms)
                          n1: 307311 0x415B79: glutin_winit::DisplayBuilder::build (in /home/killpop/Рабочий стол/some/pathfinders/target/release/pathfinding_algorithms)
                           n1: 307311 0x3FAF27: glutin_window::GlutinWindow::from_raw (in /home/killpop/Рабочий стол/some/pathfinders/target/release/pathfinding_algorithms)
                            n1: 307311 0x3FAC58: glutin_window::GlutinWindow::new (in /home/killpop/Рабочий стол/some/pathfinders/target/release/pathfinding_algorithms)
                             n1: 307311 0x2B04F2: <piston_window::prelude::PistonWindow<W> as window::BuildFromWindowSettings>::build_from_window_settings (in /home/killpop/Рабочий стол/some/pathfinders/target/release/pathfinding_algorithms)
                              n1: 307311 0x2A0422: pathfinding_algorithms::main (in /home/killpop/Рабочий стол/some/pathfinders/target/release/pathfinding_algorithms)
                               n1: 307311 0x2A7A52: std::sys::backtrace::__rust_begin_short_backtrace (in /home/killpop/Рабочий стол/some/pathfinders/target/release/pathfinding_algorithms)
                                n1: 307311 0x273ED8: std::rt::lang_start::{{closure}} (in /home/killpop/Рабочий стол/some/pathfinders/target/release/pathfinding_algorithms)
                                 n0: 307311 0x5ABD43: std::rt::lang_start_internal (in /home/killpop/Рабочий стол/some/pathfinders/target/release/pathfinding_algorithms)
  n1: 171760 0x5F6FCFE: ??? (in /usr/lib/x86_64-linux-gnu/libnvidia-glcore.so.580.173.02)
   n1: 171760 0x5F81285: ??? (in /usr/lib/x86_64-linux-gnu/libnvidia-glcore.so.580.173.02)
    n1: 171760 0x5F3A8EB: ??? (in /usr/lib/x86_64-linux-gnu/libnvidia-glcore.so.580.173.02)
     n1: 171760 0x53D344F: ??? (in /usr/lib/x86_64-linux-gnu/libGLX_nvidia.so.580.173.02)
      n1: 171760 0x54010E9: ??? (in /usr/lib/x86_64-linux-gnu/libGLX_nvidia.so.580.173.02)
       n1: 171760 0x53605B1: ??? (in /usr/lib/x86_64-linux-gnu/libGLX.so.0.0.0)
        n1: 171760 0x53629A1: ??? (in /usr/lib/x86_64-linux-gnu/libGLX.so.0.0.0)
         n1: 171760 0x53675E4: ??? (in /usr/lib/x86_64-linux-gnu/libGLX.so.0.0.0)
          n1: 171760 0x3F120D: glutin::api::glx::last_glx_error (in /home/killpop/Рабочий стол/some/pathfinders/target/release/pathfinding_algorithms)
           n1: 171760 0x415855: <glutin::context::NotCurrentContext as glutin::context::NotCurrentGlContextSurfaceAccessor<T>>::make_current (in /home/killpop/Рабочий стол/some/pathfinders/target/release/pathfinding_algorithms)
            n1: 171760 0x3FB756: glutin_window::GlutinWindow::from_raw (in /home/killpop/Рабочий стол/some/pathfinders/target/release/pathfinding_algorithms)
             n1: 171760 0x3FAC58: glutin_window::GlutinWindow::new (in /home/killpop/Рабочий стол/some/pathfinders/target/release/pathfinding_algorithms)
              n1: 171760 0x2B04F2: <piston_window::prelude::PistonWindow<W> as window::BuildFromWindowSettings>::build_from_window_settings (in /home/killpop/Рабочий стол/some/pathfinders/target/release/pathfinding_algorithms)
               n1: 171760 0x2A0422: pathfinding_algorithms::main (in /home/killpop/Рабочий стол/some/pathfinders/target/release/pathfinding_algorithms)
                n1: 171760 0x2A7A52: std::sys::backtrace::__rust_begin_short_backtrace (in /home/killpop/Рабочий стол/some/pathfinders/target/release/pathfinding_algorithms)
                 n1: 171760 0x273ED8: std::rt::lang_start::{{closure}} (in /home/killpop/Рабочий стол/some/pathfinders/target/release/pathfinding_algorithms)
                  n1: 171760 0x5ABD43: std::rt::lang_start_internal (in /home/killpop/Рабочий стол/some/pathfinders/target/release/pathfinding_algorithms)
                   n0: 171760 0x2A6A14: main (in /home/killpop/Рабочий стол/some/pathfinders/target/release/pathfinding_algorithms)
  n1: 167504 0x53D4323: ??? (in /usr/lib/x86_64-linux-gnu/libGLX_nvidia.so.580.173.02)
   n1: 167504 0x53D44D7: ??? (in /usr/lib/x86_64-linux-gnu/libGLX_nvidia.so.580.173.02)
    n1: 167504 0x53FA5E4: ??? (in /usr/lib/x86_64-linux-gnu/libGLX_nvidia.so.580.173.02)
     n1: 167504 0x53FF9E7: ??? (in /usr/lib/x86_64-linux-gnu/libGLX_nvidia.so.580.173.02)
      n1: 167504 0x53F4045: glXCreateContextAttribsARB (in /usr/lib/x86_64-linux-gnu/libGLX_nvidia.so.580.173.02)
       n1: 167504 0x5367E02: ??? (in /usr/lib/x86_64-linux-gnu/libGLX.so.0.0.0)
        n1: 167504 0x51CE30: glutin::api::glx::last_glx_error (in /home/killpop/Рабочий стол/some/pathfinders/target/release/pathfinding_algorithms)
         n1: 167504 0x5258A0: glutin::api::glx::context::<impl glutin::api::glx::display::Display>::create_context (in /home/killpop/Рабочий стол/some/pathfinders/target/release/pathfinding_algorithms)
          n1: 167504 0x52466D: <glutin::display::Display as glutin::display::GlDisplay>::create_context (in /home/killpop/Рабочий стол/some/pathfinders/target/release/pathfinding_algorithms)
           n1: 167504 0x3FB44B: glutin_window::GlutinWindow::from_raw (in /home/killpop/Рабочий стол/some/pathfinders/target/release/pathfinding_algorithms)
            n1: 167504 0x3FAC58: glutin_window::GlutinWindow::new (in /home/killpop/Рабочий стол/some/pathfinders/target/release/pathfinding_algorithms)
             n1: 167504 0x2B04F2: <piston_window::prelude::PistonWindow<W> as window::BuildFromWindowSettings>::build_from_window_settings (in /home/killpop/Рабочий стол/some/pathfinders/target/release/pathfinding_algorithms)
              n1: 167504 0x2A0422: pathfinding_algorithms::main (in /home/killpop/Рабочий стол/some/pathfinders/target/release/pathfinding_algorithms)
               n1: 167504 0x2A7A52: std::sys::backtrace::__rust_begin_short_backtrace (in /home/killpop/Рабочий стол/some/pathfinders/target/release/pathfinding_algorithms)
                n1: 167504 0x273ED8: std::rt::lang_start::{{closure}} (in /home/killpop/Рабочий стол/some/pathfinders/target/release/pathfinding_algorithms)
                 n1: 167504 0x5ABD43: std::rt::lang_start_internal (in /home/killpop/Рабочий стол/some/pathfinders/target/release/pathfinding_algorithms)
                  n0: 167504 0x2A6A14: main (in /home/killpop/Рабочий стол/some/pathfinders/target/release/pathfinding_algorithms)
  n1: 163840 0x5FC2EB6: ??? (in /usr/lib/x86_64-linux-gnu/libnvidia-glcore.so.580.173.02)
   n1: 163840 0x5F95B81: ??? (in /usr/lib/x86_64-linux-gnu/libnvidia-glcore.so.580.173.02)
    n1: 163840 0x5F96561: ??? (in /usr/lib/x86_64-linux-gnu/libnvidia-glcore.so.580.173.02)
     n1: 163840 0x5F80DCB: ??? (in /usr/lib/x86_64-linux-gnu/libnvidia-glcore.so.580.173.02)
      n1: 163840 0x5F3A8EB: ??? (in /usr/lib/x86_64-linux-gnu/libnvidia-glcore.so.580.173.02)
       n1: 163840 0x53D344F: ??? (in /usr/lib/x86_64-linux-gnu/libGLX_nvidia.so.580.173.02)
        n1: 163840 0x54010E9: ??? (in /usr/lib/x86_64-linux-gnu/libGLX_nvidia.so.580.173.02)
         n1: 163840 0x53605B1: ??? (in /usr/lib/x86_64-linux-gnu/libGLX.so.0.0.0)
          n1: 163840 0x53629A1: ??? (in /usr/lib/x86_64-linux-gnu/libGLX.so.0.0.0)
           n1: 163840 0x53675E4: ??? (in /usr/lib/x86_64-linux-gnu/libGLX.so.0.0.0)
            n1: 163840 0x3F120D: glutin::api::glx::last_glx_error (in /home/killpop/Рабочий стол/some/pathfinders/target/release/pathfinding_algorithms)
             n1: 163840 0x415855: <glutin::context::NotCurrentContext as glutin::context::NotCurrentGlContextSurfaceAccessor<T>>::make_current (in /home/killpop/Рабочий стол/some/pathfinders/target/release/pathfinding_algorithms)
              n1: 163840 0x3FB756: glutin_window::GlutinWindow::from_raw (in /home/killpop/Рабочий стол/some/pathfinders/target/release/pathfinding_algorithms)
               n1: 163840 0x3FAC58: glutin_window::GlutinWindow::new (in /home/killpop/Рабочий стол/some/pathfinders/target/release/pathfinding_algorithms)
                n1: 163840 0x2B04F2: <piston_window::prelude::PistonWindow<W> as window::BuildFromWindowSettings>::build_from_window_settings (in /home/killpop/Рабочий стол/some/pathfinders/target/release/pathfinding_algorithms)
                 n1: 163840 0x2A0422: pathfinding_algorithms::main (in /home/killpop/Рабочий стол/some/pathfinders/target/release/pathfinding_algorithms)
                  n1: 163840 0x2A7A52: std::sys::backtrace::__rust_begin_short_backtrace (in /home/killpop/Рабочий стол/some/pathfinders/target/release/pathfinding_algorithms)
                   n1: 163840 0x273ED8: std::rt::lang_start::{{closure}} (in /home/killpop/Рабочий стол/some/pathfinders/target/release/pathfinding_algorithms)
                    n1: 163840 0x5ABD43: std::rt::lang_start_internal (in /home/killpop/Рабочий стол/some/pathfinders/target/release/pathfinding_algorithms)
                     n0: 163840 0x2A6A14: main (in /home/killpop/Рабочий стол/some/pathfinders/target/release/pathfinding_algorithms)
  n1: 154512 0x5F95879: ??? (in /usr/lib/x86_64-linux-gnu/libnvidia-glcore.so.580.173.02)
   n1: 154512 0x5F96561: ??? (in /usr/lib/x86_64-linux-gnu/libnvidia-glcore.so.580.173.02)
    n1: 154512 0x5F80DCB: ??? (in /usr/lib/x86_64-linux-gnu/libnvidia-glcore.so.580.173.02)
     n1: 154512 0x5F3A8EB: ??? (in /usr/lib/x86_64-linux-gnu/libnvidia-glcore.so.580.173.02)
      n1: 154512 0x53D344F: ??? (in /usr/lib/x86_64-linux-gnu/libGLX_nvidia.so.580.173.02)
       n1: 154512 0x54010E9: ??? (in /usr/lib/x86_64-linux-gnu/libGLX_nvidia.so.580.173.02)
        n1: 154512 0x53605B1: ??? (in /usr/lib/x86_64-linux-gnu/libGLX.so.0.0.0)
         n1: 154512 0x53629A1: ??? (in /usr/lib/x86_64-linux-gnu/libGLX.so.0.0.0)
          n1: 154512 0x53675E4: ??? (in /usr/lib/x86_64-linux-gnu/libGLX.so.0.0.0)
           n1: 154512 0x3F120D: glutin::api::glx::last_glx_error (in /home/killpop/Рабочий стол/some/pathfinders/target/release/pathfinding_algorithms)
            n1: 154512 0x415855: <glutin::context::NotCurrentContext as glutin::context::NotCurrentGlContextSurfaceAccessor<T>>::make_current (in /home/killpop/Рабочий стол/some/pathfinders/target/release/pathfinding_algorithms)
             n1: 154512 0x3FB756: glutin_window::GlutinWindow::from_raw (in /home/killpop/Рабочий стол/some/pathfinders/target/release/pathfinding_algorithms)
              n1: 154512 0x3FAC58: glutin_window::GlutinWindow::new (in /home/killpop/Рабочий стол/some/pathfinders/target/release/pathfinding_algorithms)
               n1: 154512 0x2B04F2: <piston_window::prelude::PistonWindow<W> as window::BuildFromWindowSettings>::build_from_window_settings (in /home/killpop/Рабочий стол/some/pathfinders/target/release/pathfinding_algorithms)
                n1: 154512 0x2A0422: pathfinding_algorithms::main (in /home/killpop/Рабочий стол/some/pathfinders/target/release/pathfinding_algorithms)
                 n1: 154512 0x2A7A52: std::sys::backtrace::__rust_begin_short_backtrace (in /home/killpop/Рабочий стол/some/pathfinders/target/release/pathfinding_algorithms)
                  n1: 154512 0x273ED8: std::rt::lang_start::{{closure}} (in /home/killpop/Рабочий стол/some/pathfinders/target/release/pathfinding_algorithms)
                   n1: 154512 0x5ABD43: std::rt::lang_start_internal (in /home/killpop/Рабочий стол/some/pathfinders/target/release/pathfinding_algorithms)
                    n0: 154512 0x2A6A14: main (in /home/killpop/Рабочий стол/some/pathfinders/target/release/pathfinding_algorithms)
  n1: 150472 0x5F3836F: ??? (in /usr/lib/x86_64-linux-gnu/libnvidia-glcore.so.580.173.02)
   n1: 150472 0x5F4C655: ??? (in /usr/lib/x86_64-linux-gnu/libnvidia-glcore.so.580.173.02)
    n1: 150472 0x53D43A0: ??? (in /usr/lib/x86_64-linux-gnu/libGLX_nvidia.so.580.173.02)
     n1: 150472 0x53D44D7: ??? (in /usr/lib/x86_64-linux-gnu/libGLX_nvidia.so.580.173.02)
      n1: 150472 0x53FA5E4: ??? (in /usr/lib/x86_64-linux-gnu/libGLX_nvidia.so.580.173.02)
       n1: 150472 0x53FF9E7: ??? (in /usr/lib/x86_64-linux-gnu/libGLX_nvidia.so.580.173.02)
        n1: 150472 0x53F4045: glXCreateContextAttribsARB (in /usr/lib/x86_64-linux-gnu/libGLX_nvidia.so.580.173.02)
         n1: 150472 0x5367E02: ??? (in /usr/lib/x86_64-linux-gnu/libGLX.so.0.0.0)
          n1: 150472 0x51CE30: glutin::api::glx::last_glx_error (in /home/killpop/Рабочий стол/some/pathfinders/target/release/pathfinding_algorithms)
           n1: 150472 0x5258A0: glutin::api::glx::context::<impl glutin::api::glx::display::Display>::create_context (in /home/killpop/Рабочий стол/some/pathfinders/target/release/pathfinding_algorithms)
            n1: 150472 0x52466D: <glutin::display::Display as glutin::display::GlDisplay>::create_context (in /home/killpop/Рабочий стол/some/pathfinders/target/release/pathfinding_algorithms)
             n1: 150472 0x3FB44B: glutin_window::GlutinWindow::from_raw (in /home/killpop/Рабочий стол/some/pathfinders/target/release/pathfinding_algorithms)
              n1: 150472 0x3FAC58: glutin_window::GlutinWindow::new (in /home/killpop/Рабочий стол/some/pathfinders/target/release/pathfinding_algorithms)
               n1: 150472 0x2B04F2: <piston_window::prelude::PistonWindow<W> as window::BuildFromWindowSettings>::build_from_window_settings (in /home/killpop/Рабочий стол/some/pathfinders/target/release/pathfinding_algorithms)
                n1: 150472 0x2A0422: pathfinding_algorithms::main (in /home/killpop/Рабочий стол/some/pathfinders/target/release/pathfinding_algorithms)
                 n1: 150472 0x2A7A52: std::sys::backtrace::__rust_begin_short_backtrace (in /home/killpop/Рабочий стол/some/pathfinders/target/release/pathfinding_algorithms)
                  n1: 150472 0x273ED8: std::rt::lang_start::{{closure}} (in /home/killpop/Рабочий стол/some/pathfinders/target/release/pathfinding_algorithms)
                   n1: 150472 0x5ABD43: std::rt::lang_start_internal (in /home/killpop/Рабочий стол/some/pathfinders/target/release/pathfinding_algorithms)
                    n0: 150472 0x2A6A14: main (in /home/killpop/Рабочий стол/some/pathfinders/target/release/pathfinding_algorithms)
  n1: 123648 0x65CBF3F: ??? (in /usr/lib/x86_64-linux-gnu/libnvidia-glcore.so.580.173.02)
   n0: 123648 in 8 places, all below massif's threshold (1.00%)
 n0: 779750 in 440 places, all below massif's threshold (1.00%)
 n3: 569056 0x57AB7E: alloc::raw_vec::RawVecInner<A>::finish_grow (in /home/killpop/Рабочий стол/some/pathfinders/target/release/pathfinding_algorithms)
  n2: 330240 0x57A999: alloc::raw_vec::RawVec<T,A>::grow_one (in /home/killpop/Рабочий стол/some/pathfinders/target/release/pathfinding_algorithms)
   n2: 327680 0x567E12: <gfx_device_gl::command::CommandBuffer as gfx_core::command::Buffer<gfx_device_gl::Resources>>::update_buffer (in /home/killpop/Рабочий стол/some/pathfinders/target/release/pathfinding_algorithms)
    n1: 327680 0x2B22AF: gfx::encoder::Encoder<R,C>::update_buffer (in /home/killpop/Рабочий стол/some/pathfinders/target/release/pathfinding_algorithms)
     n1: 327680 0x28978F: <gfx_graphics::back_end::GfxGraphics<R,C> as graphics::graphics::Graphics>::tri_list (in /home/killpop/Рабочий стол/some/pathfinders/target/release/pathfinding_algorithms)
      n1: 327680 0x29B612: graphics::rectangle::Rectangle::draw_tri (in /home/killpop/Рабочий стол/some/pathfinders/target/release/pathfinding_algorithms)
       n1: 327680 0x29FC1B: pathfinding_algorithms::presentation::renderer::Renderer::render_field (in /home/killpop/Рабочий стол/some/pathfinders/target/release/pathfinding_algorithms)
        n1: 327680 0x2780EB: pathfinding_algorithms::presentation::app::App::render (in /home/killpop/Рабочий стол/some/pathfinders/target/release/pathfinding_algorithms)
         n1: 327680 0x285385: gfx_graphics::back_end::Gfx2d<R>::draw (in /home/killpop/Рабочий стол/some/pathfinders/target/release/pathfinding_algorithms)
          n1: 327680 0x2A0993: pathfinding_algorithms::main (in /home/killpop/Рабочий стол/some/pathfinders/target/release/pathfinding_algorithms)
           n1: 327680 0x2A7A52: std::sys::backtrace::__rust_begin_short_backtrace (in /home/killpop/Рабочий стол/some/pathfinders/target/release/pathfinding_algorithms)
            n1: 327680 0x273ED8: std::rt::lang_start::{{closure}} (in /home/killpop/Рабочий стол/some/pathfinders/target/release/pathfinding_algorithms)
             n1: 327680 0x5ABD43: std::rt::lang_start_internal (in /home/killpop/Рабочий стол/some/pathfinders/target/release/pathfinding_algorithms)
              n0: 327680 0x2A6A14: main (in /home/killpop/Рабочий стол/some/pathfinders/target/release/pathfinding_algorithms)
    n0: 0 in 2 places, all below massif's threshold (1.00%)
   n0: 2560 in 4 places, all below massif's threshold (1.00%)
  n1: 200608 0x57AC33: alloc::raw_vec::RawVecInner<A>::reserve::do_reserve_and_handle (in /home/killpop/Рабочий стол/some/pathfinders/target/release/pathfinding_algorithms)
   n0: 200608 in 7 places, all below massif's threshold (1.00%)
  n0: 38208 in 1 place, below massif's threshold (1.00%)
 n1: 241664 0x52D64D7: ??? (in /usr/lib/x86_64-linux-gnu/libGLdispatch.so.0.0.0)
  n1: 241664 0x52D6C11: ??? (in /usr/lib/x86_64-linux-gnu/libGLdispatch.so.0.0.0)
   n1: 241664 0x52D6E68: __glDispatchMakeCurrent (in /usr/lib/x86_64-linux-gnu/libGLdispatch.so.0.0.0)
    n1: 241664 0x5362923: ??? (in /usr/lib/x86_64-linux-gnu/libGLX.so.0.0.0)
     n1: 241664 0x53675E4: ??? (in /usr/lib/x86_64-linux-gnu/libGLX.so.0.0.0)
      n1: 241664 0x3F120D: glutin::api::glx::last_glx_error (in /home/killpop/Рабочий стол/some/pathfinders/target/release/pathfinding_algorithms)
       n1: 241664 0x415855: <glutin::context::NotCurrentContext as glutin::context::NotCurrentGlContextSurfaceAccessor<T>>::make_current (in /home/killpop/Рабочий стол/some/pathfinders/target/release/pathfinding_algorithms)
        n1: 241664 0x3FB756: glutin_window::GlutinWindow::from_raw (in /home/killpop/Рабочий стол/some/pathfinders/target/release/pathfinding_algorithms)
         n1: 241664 0x3FAC58: glutin_window::GlutinWindow::new (in /home/killpop/Рабочий стол/some/pathfinders/target/release/pathfinding_algorithms)
          n1: 241664 0x2B04F2: <piston_window::prelude::PistonWindow<W> as window::BuildFromWindowSettings>::build_from_window_settings (in /home/killpop/Рабочий стол/some/pathfinders/target/release/pathfinding_algorithms)
           n1: 241664 0x2A0422: pathfinding_algorithms::main (in /home/killpop/Рабочий стол/some/pathfinders/target/release/pathfinding_algorithms)
            n1: 241664 0x2A7A52: std::sys::backtrace::__rust_begin_short_backtrace (in /home/killpop/Рабочий стол/some/pathfinders/target/release/pathfinding_algorithms)
             n1: 241664 0x273ED8: std::rt::lang_start::{{closure}} (in /home/killpop/Рабочий стол/some/pathfinders/target/release/pathfinding_algorithms)
              n1: 241664 0x5ABD43: std::rt::lang_start_internal (in /home/killpop/Рабочий стол/some/pathfinders/target/release/pathfinding_algorithms)
               n0: 241664 0x2A6A14: main (in /home/killpop/Рабочий стол/some/pathfinders/target/release/pathfinding_algorithms)
 n1: 149594 0x9B5EE4D: ??? (in /usr/lib/x86_64-linux-gnu/libnvidia-gpucomp.so.580.173.02)
  n1: 149594 0x9B0E478: ??? (in /usr/lib/x86_64-linux-gnu/libnvidia-gpucomp.so.580.173.02)
   n1: 149594 0x82C24BF: ??? (in /usr/lib/x86_64-linux-gnu/libnvidia-gpucomp.so.580.173.02)
    n0: 149594 in 58 places, all below massif's threshold (1.00%)
 n1: 110592 0x5250557: ??? (in /usr/lib/x86_64-linux-gnu/libGL.so.1.7.0)
  n1: 110592 0x52D6C11: ??? (in /usr/lib/x86_64-linux-gnu/libGLdispatch.so.0.0.0)
   n1: 110592 0x52D6E68: __glDispatchMakeCurrent (in /usr/lib/x86_64-linux-gnu/libGLdispatch.so.0.0.0)
    n1: 110592 0x5362923: ??? (in /usr/lib/x86_64-linux-gnu/libGLX.so.0.0.0)
     n1: 110592 0x53675E4: ??? (in /usr/lib/x86_64-linux-gnu/libGLX.so.0.0.0)
      n1: 110592 0x3F120D: glutin::api::glx::last_glx_error (in /home/killpop/Рабочий стол/some/pathfinders/target/release/pathfinding_algorithms)
       n1: 110592 0x415855: <glutin::context::NotCurrentContext as glutin::context::NotCurrentGlContextSurfaceAccessor<T>>::make_current (in /home/killpop/Рабочий стол/some/pathfinders/target/release/pathfinding_algorithms)
        n1: 110592 0x3FB756: glutin_window::GlutinWindow::from_raw (in /home/killpop/Рабочий стол/some/pathfinders/target/release/pathfinding_algorithms)
         n1: 110592 0x3FAC58: glutin_window::GlutinWindow::new (in /home/killpop/Рабочий стол/some/pathfinders/target/release/pathfinding_algorithms)
          n1: 110592 0x2B04F2: <piston_window::prelude::PistonWindow<W> as window::BuildFromWindowSettings>::build_from_window_settings (in /home/killpop/Рабочий стол/some/pathfinders/target/release/pathfinding_algorithms)
           n1: 110592 0x2A0422: pathfinding_algorithms::main (in /home/killpop/Рабочий стол/some/pathfinders/target/release/pathfinding_algorithms)
            n1: 110592 0x2A7A52: std::sys::backtrace::__rust_begin_short_backtrace (in /home/killpop/Рабочий стол/some/pathfinders/target/release/pathfinding_algorithms)
             n1: 110592 0x273ED8: std::rt::lang_start::{{closure}} (in /home/killpop/Рабочий стол/some/pathfinders/target/release/pathfinding_algorithms)
              n1: 110592 0x5ABD43: std::rt::lang_start_internal (in /home/killpop/Рабочий стол/some/pathfinders/target/release/pathfinding_algorithms)
               n0: 110592 0x2A6A14: main (in /home/killpop/Рабочий стол/some/pathfinders/target/release/pathfinding_algorithms)
 n2: 104788 0x436FFD: hashbrown::raw::RawTableInner::fallible_with_capacity (in /home/killpop/Рабочий стол/some/pathfinders/target/release/pathfinding_algorithms)
  n1: 102416 0x442556: core::ops::function::FnOnce::call_once (in /home/killpop/Рабочий стол/some/pathfinders/target/release/pathfinding_algorithms)
   n1: 102416 0x431B49: once_cell::imp::OnceCell<T>::initialize::{{closure}} (in /home/killpop/Рабочий стол/some/pathfinders/target/release/pathfinding_algorithms)
    n1: 102416 0x544A3B: once_cell::imp::initialize_or_wait (in /home/killpop/Рабочий стол/some/pathfinders/target/release/pathfinding_algorithms)
     n1: 102416 0x431661: once_cell::imp::OnceCell<T>::initialize (in /home/killpop/Рабочий стол/some/pathfinders/target/release/pathfinding_algorithms)
      n1: 102416 0x4436CD: winit::platform_impl::platform::x11::util::atom::<impl winit::platform_impl::platform::x11::xdisplay::XConnection>::get_atom_unchecked (in /home/killpop/Рабочий стол/some/pathfinders/target/release/pathfinding_algorithms)
       n1: 102416 0x3D5DAE: winit::platform_impl::platform::x11::EventLoop<T>::new (in /home/killpop/Рабочий стол/some/pathfinders/target/release/pathfinding_algorithms)
        n1: 102416 0x41A737: winit::platform_impl::platform::EventLoop<T>::new (in /home/killpop/Рабочий стол/some/pathfinders/target/release/pathfinding_algorithms)
         n1: 102416 0x3FA5DF: glutin_window::GlutinWindow::new (in /home/killpop/Рабочий стол/some/pathfinders/target/release/pathfinding_algorithms)
          n1: 102416 0x2B04F2: <piston_window::prelude::PistonWindow<W> as window::BuildFromWindowSettings>::build_from_window_settings (in /home/killpop/Рабочий стол/some/pathfinders/target/release/pathfinding_algorithms)
           n1: 102416 0x2A0422: pathfinding_algorithms::main (in /home/killpop/Рабочий стол/some/pathfinders/target/release/pathfinding_algorithms)
            n1: 102416 0x2A7A52: std::sys::backtrace::__rust_begin_short_backtrace (in /home/killpop/Рабочий стол/some/pathfinders/target/release/pathfinding_algorithms)
             n1: 102416 0x273ED8: std::rt::lang_start::{{closure}} (in /home/killpop/Рабочий стол/some/pathfinders/target/release/pathfinding_algorithms)
              n1: 102416 0x5ABD43: std::rt::lang_start_internal (in /home/killpop/Рабочий стол/some/pathfinders/target/release/pathfinding_algorithms)
               n0: 102416 0x2A6A14: main (in /home/killpop/Рабочий стол/some/pathfinders/target/release/pathfinding_algorithms)
  n0: 2372 in 3 places, all below massif's threshold (1.00%)
#-----------
snapshot=8
#-----------
time=502219537
mem_heap_B=9994189
mem_heap_extra_B=115363
mem_stacks_B=0
heap_tree=empty
#-----------
snapshot=9
#-----------
time=577963151
mem_heap_B=9994605
mem_heap_extra_B=115379
mem_stacks_B=0
heap_tree=detailed
n8: 9994605 (heap allocation functions) malloc/new/new[], --alloc-fns, etc.
 n6: 5194235 0x5F521C1: ??? (in /usr/lib/x86_64-linux-gnu/libnvidia-glcore.so.580.173.02)
  n2: 2463597 0x5C76E4A: ??? (in /usr/lib/x86_64-linux-gnu/libnvidia-glcore.so.580.173.02)
   n1: 2463597 0x5C5A175: ??? (in /usr/lib/x86_64-linux-gnu/libnvidia-glcore.so.580.173.02)
    n1: 2463597 0x5C5EF6F: ??? (in /usr/lib/x86_64-linux-gnu/libnvidia-glcore.so.580.173.02)
     n1: 2463597 0x57603E: gfx_device_gl::factory::Factory::init_buffer (in /home/killpop/Рабочий стол/some/pathfinders/target/release/pathfinding_algorithms)
      n3: 2463597 0x575286: <gfx_device_gl::factory::Factory as gfx_core::factory::Factory<gfx_device_gl::Resources>>::create_buffer_raw (in /home/killpop/Рабочий стол/some/pathfinders/target/release/pathfinding_algorithms)
       n1: 1636871 0x281B30: gfx_graphics::back_end::Gfx2d<R>::new (in /home/killpop/Рабочий стол/some/pathfinders/target/release/pathfinding_algorithms)
        n1: 1636871 0x2B0DA1: <piston_window::prelude::PistonWindow<W> as window::BuildFromWindowSettings>::build_from_window_settings (in /home/killpop/Рабочий стол/some/pathfinders/target/release/pathfinding_algorithms)
         n1: 1636871 0x2A0422: pathfinding_algorithms::main (in /home/killpop/Рабочий стол/some/pathfinders/target/release/pathfinding_algorithms)
          n1: 1636871 0x2A7A52: std::sys::backtrace::__rust_begin_short_backtrace (in /home/killpop/Рабочий стол/some/pathfinders/target/release/pathfinding_algorithms)
           n1: 1636871 0x273ED8: std::rt::lang_start::{{closure}} (in /home/killpop/Рабочий стол/some/pathfinders/target/release/pathfinding_algorithms)
            n1: 1636871 0x5ABD43: std::rt::lang_start_internal (in /home/killpop/Рабочий стол/some/pathfinders/target/release/pathfinding_algorithms)
             n0: 1636871 0x2A6A14: main (in /home/killpop/Рабочий стол/some/pathfinders/target/release/pathfinding_algorithms)
       n1: 818471 0x281ACF: gfx_graphics::back_end::Gfx2d<R>::new (in /home/killpop/Рабочий стол/some/pathfinders/target/release/pathfinding_algorithms)
        n1: 818471 0x2B0DA1: <piston_window::prelude::PistonWindow<W> as window::BuildFromWindowSettings>::build_from_window_settings (in /home/killpop/Рабочий стол/some/pathfinders/target/release/pathfinding_algorithms)
         n1: 818471 0x2A0422: pathfinding_algorithms::main (in /home/killpop/Рабочий стол/some/pathfinders/target/release/pathfinding_algorithms)
          n1: 818471 0x2A7A52: std::sys::backtrace::__rust_begin_short_backtrace (in /home/killpop/Рабочий стол/some/pathfinders/target/release/pathfinding_algorithms)
           n1: 818471 0x273ED8: std::rt::lang_start::{{closure}} (in /home/killpop/Рабочий стол/some/pathfinders/target/release/pathfinding_algorithms)
            n1: 818471 0x5ABD43: std::rt::lang_start_internal (in /home/killpop/Рабочий стол/some/pathfinders/target/release/pathfinding_algorithms)
             n0: 818471 0x2A6A14: main (in /home/killpop/Рабочий стол/some/pathfinders/target/release/pathfinding_algorithms)
       n0: 8255 in 1 place, below massif's threshold (1.00%)
   n0: 0 in 1 place, below massif's threshold (1.00%)
  n1: 1638400 0x5C0DD8F: ??? (in /usr/lib/x86_64-linux-gnu/libnvidia-glcore.so.580.173.02)
   n1: 1638400 0x5F88378: ??? (in /usr/lib/x86_64-linux-gnu/libnvidia-glcore.so.580.173.02)
    n1: 1638400 0x5F3A724: ??? (in /usr/lib/x86_64-linux-gnu/libnvidia-glcore.so.580.173.02)
     n1: 1638400 0x53D313F: ??? (in /usr/lib/x86_64-linux-gnu/libGLX_nvidia.so.580.173.02)
      n1: 1638400 0x53FA624: ??? (in /usr/lib/x86_64-linux-gnu/libGLX_nvidia.so.580.173.02)
       n1: 1638400 0x53FF9E7: ??? (in /usr/lib/x86_64-linux-gnu/libGLX_nvidia.so.580.173.02)
        n1: 1638400 0x53F4045: glXCreateContextAttribsARB (in /usr/lib/x86_64-linux-gnu/libGLX_nvidia.so.580.173.02)
         n1: 1638400 0x5367E02: ??? (in /usr/lib/x86_64-linux-gnu/libGLX.so.0.0.0)
          n1: 1638400 0x51CE30: glutin::api::glx::last_glx_error (in /home/killpop/Рабочий стол/some/pathfinders/target/release/pathfinding_algorithms)
           n1: 1638400 0x5258A0: glutin::api::glx::context::<impl glutin::api::glx::display::Display>::create_context (in /home/killpop/Рабочий стол/some/pathfinders/target/release/pathfinding_algorithms)
            n1: 1638400 0x52466D: <glutin::display::Display as glutin::display::GlDisplay>::create_context (in /home/killpop/Рабочий стол/some/pathfinders/target/release/pathfinding_algorithms)
             n1: 1638400 0x3FB44B: glutin_window::GlutinWindow::from_raw (in /home/killpop/Рабочий стол/some/pathfinders/target/release/pathfinding_algorithms)
              n1: 1638400 0x3FAC58: glutin_window::GlutinWindow::new (in /home/killpop/Рабочий стол/some/pathfinders/target/release/pathfinding_algorithms)
               n1: 1638400 0x2B04F2: <piston_window::prelude::PistonWindow<W> as window::BuildFromWindowSettings>::build_from_window_settings (in /home/killpop/Рабочий стол/some/pathfinders/target/release/pathfinding_algorithms)
                n1: 1638400 0x2A0422: pathfinding_algorithms::main (in /home/killpop/Рабочий стол/some/pathfinders/target/release/pathfinding_algorithms)
                 n1: 1638400 0x2A7A52: std::sys::backtrace::__rust_begin_short_backtrace (in /home/killpop/Рабочий стол/some/pathfinders/target/release/pathfinding_algorithms)
                  n1: 1638400 0x273ED8: std::rt::lang_start::{{closure}} (in /home/killpop/Рабочий стол/some/pathfinders/target/release/pathfinding_algorithms)
                   n1: 1638400 0x5ABD43: std::rt::lang_start_internal (in /home/killpop/Рабочий стол/some/pathfinders/target/release/pathfinding_algorithms)
                    n0: 1638400 0x2A6A14: main (in /home/killpop/Рабочий стол/some/pathfinders/target/release/pathfinding_algorithms)
  n1: 385024 0x5FC30B3: ??? (in /usr/lib/x86_64-linux-gnu/libnvidia-glcore.so.580.173.02)
   n1: 385024 0x5F95B81: ??? (in /usr/lib/x86_64-linux-gnu/libnvidia-glcore.so.580.173.02)
    n1: 385024 0x5F96561: ??? (in /usr/lib/x86_64-linux-gnu/libnvidia-glcore.so.580.173.02)
     n1: 385024 0x5F80DCB: ??? (in /usr/lib/x86_64-linux-gnu/libnvidia-glcore.so.580.173.02)
      n1: 385024 0x5F3A8EB: ??? (in /usr/lib/x86_64-linux-gnu/libnvidia-glcore.so.580.173.02)
       n1: 385024 0x53D344F: ??? (in /usr/lib/x86_64-linux-gnu/libGLX_nvidia.so.580.173.02)
        n1: 385024 0x54010E9: ??? (in /usr/lib/x86_64-linux-gnu/libGLX_nvidia.so.580.173.02)
         n1: 385024 0x53605B1: ??? (in /usr/lib/x86_64-linux-gnu/libGLX.so.0.0.0)
          n1: 385024 0x53629A1: ??? (in /usr/lib/x86_64-linux-gnu/libGLX.so.0.0.0)
           n1: 385024 0x53675E4: ??? (in /usr/lib/x86_64-linux-gnu/libGLX.so.0.0.0)
            n1: 385024 0x3F120D: glutin::api::glx::last_glx_error (in /home/killpop/Рабочий стол/some/pathfinders/target/release/pathfinding_algorithms)
             n1: 385024 0x415855: <glutin::context::NotCurrentContext as glutin::context::NotCurrentGlContextSurfaceAccessor<T>>::make_current (in /home/killpop/Рабочий стол/some/pathfinders/target/release/pathfinding_algorithms)
              n1: 385024 0x3FB756: glutin_window::GlutinWindow::from_raw (in /home/killpop/Рабочий стол/some/pathfinders/target/release/pathfinding_algorithms)
               n1: 385024 0x3FAC58: glutin_window::GlutinWindow::new (in /home/killpop/Рабочий стол/some/pathfinders/target/release/pathfinding_algorithms)
                n1: 385024 0x2B04F2: <piston_window::prelude::PistonWindow<W> as window::BuildFromWindowSettings>::build_from_window_settings (in /home/killpop/Рабочий стол/some/pathfinders/target/release/pathfinding_algorithms)
                 n1: 385024 0x2A0422: pathfinding_algorithms::main (in /home/killpop/Рабочий стол/some/pathfinders/target/release/pathfinding_algorithms)
                  n1: 385024 0x2A7A52: std::sys::backtrace::__rust_begin_short_backtrace (in /home/killpop/Рабочий стол/some/pathfinders/target/release/pathfinding_algorithms)
                   n1: 385024 0x273ED8: std::rt::lang_start::{{closure}} (in /home/killpop/Рабочий стол/some/pathfinders/target/release/pathfinding_algorithms)
                    n1: 385024 0x5ABD43: std::rt::lang_start_internal (in /home/killpop/Рабочий стол/some/pathfinders/target/release/pathfinding_algorithms)
                     n0: 385024 0x2A6A14: main (in /home/killpop/Рабочий стол/some/pathfinders/target/release/pathfinding_algorithms)
  n0: 283082 in 225 places, all below massif's threshold (1.00%)
  n1: 262132 0x53FF724: ??? (in /usr/lib/x86_64-linux-gnu/libGLX_nvidia.so.580.173.02)
   n1: 262132 0x53F4045: glXCreateContextAttribsARB (in /usr/lib/x86_64-linux-gnu/libGLX_nvidia.so.580.173.02)
    n1: 262132 0x5367E02: ??? (in /usr/lib/x86_64-linux-gnu/libGLX.so.0.0.0)
     n1: 262132 0x51CE30: glutin::api::glx::last_glx_error (in /home/killpop/Рабочий стол/some/pathfinders/target/release/pathfinding_algorithms)
      n1: 262132 0x5258A0: glutin::api::glx::context::<impl glutin::api::glx::display::Display>::create_context (in /home/killpop/Рабочий стол/some/pathfinders/target/release/pathfinding_algorithms)
       n1: 262132 0x52466D: <glutin::display::Display as glutin::display::GlDisplay>::create_context (in /home/killpop/Рабочий стол/some/pathfinders/target/release/pathfinding_algorithms)
        n1: 262132 0x3FB44B: glutin_window::GlutinWindow::from_raw (in /home/killpop/Рабочий стол/some/pathfinders/target/release/pathfinding_algorithms)
         n1: 262132 0x3FAC58: glutin_window::GlutinWindow::new (in /home/killpop/Рабочий стол/some/pathfinders/target/release/pathfinding_algorithms)
          n1: 262132 0x2B04F2: <piston_window::prelude::PistonWindow<W> as window::BuildFromWindowSettings>::build_from_window_settings (in /home/killpop/Рабочий стол/some/pathfinders/target/release/pathfinding_algorithms)
           n1: 262132 0x2A0422: pathfinding_algorithms::main (in /home/killpop/Рабочий стол/some/pathfinders/target/release/pathfinding_algorithms)
            n1: 262132 0x2A7A52: std::sys::backtrace::__rust_begin_short_backtrace (in /home/killpop/Рабочий стол/some/pathfinders/target/release/pathfinding_algorithms)
             n1: 262132 0x273ED8: std::rt::lang_start::{{closure}} (in /home/killpop/Рабочий стол/some/pathfinders/target/release/pathfinding_algorithms)
              n1: 262132 0x5ABD43: std::rt::lang_start_internal (in /home/killpop/Рабочий стол/some/pathfinders/target/release/pathfinding_algorithms)
               n0: 262132 0x2A6A14: main (in /home/killpop/Рабочий стол/some/pathfinders/target/release/pathfinding_algorithms)
  n1: 162000 0x653ADBC: ??? (in /usr/lib/x86_64-linux-gnu/libnvidia-glcore.so.580.173.02)
   n1: 162000 0x654403F: ??? (in /usr/lib/x86_64-linux-gnu/libnvidia-glcore.so.580.173.02)
    n1: 162000 0x5F4C308: ??? (in /usr/lib/x86_64-linux-gnu/libnvidia-glcore.so.580.173.02)
     n1: 162000 0x53D43A0: ??? (in /usr/lib/x86_64-linux-gnu/libGLX_nvidia.so.580.173.02)
      n1: 162000 0x53D44D7: ??? (in /usr/lib/x86_64-linux-gnu/libGLX_nvidia.so.580.173.02)
       n1: 162000 0x53FA5E4: ??? (in /usr/lib/x86_64-linux-gnu/libGLX_nvidia.so.580.173.02)
        n1: 162000 0x53FF9E7: ??? (in /usr/lib/x86_64-linux-gnu/libGLX_nvidia.so.580.173.02)
         n1: 162000 0x53F4045: glXCreateContextAttribsARB (in /usr/lib/x86_64-linux-gnu/libGLX_nvidia.so.580.173.02)
          n1: 162000 0x5367E02: ??? (in /usr/lib/x86_64-linux-gnu/libGLX.so.0.0.0)
           n1: 162000 0x51CE30: glutin::api::glx::last_glx_error (in /home/killpop/Рабочий стол/some/pathfinders/target/release/pathfinding_algorithms)
            n1: 162000 0x5258A0: glutin::api::glx::context::<impl glutin::api::glx::display::Display>::create_context (in /home/killpop/Рабочий стол/some/pathfinders/target/release/pathfinding_algorithms)
             n1: 162000 0x52466D: <glutin::display::Display as glutin::display::GlDisplay>::create_context (in /home/killpop/Рабочий стол/some/pathfinders/target/release/pathfinding_algorithms)
              n1: 162000 0x3FB44B: glutin_window::GlutinWindow::from_raw (in /home/killpop/Рабочий стол/some/pathfinders/target/release/pathfinding_algorithms)
               n1: 162000 0x3FAC58: glutin_window::GlutinWindow::new (in /home/killpop/Рабочий стол/some/pathfinders/target/release/pathfinding_algorithms)
                n1: 162000 0x2B04F2: <piston_window::prelude::PistonWindow<W> as window::BuildFromWindowSettings>::build_from_window_settings (in /home/killpop/Рабочий стол/some/pathfinders/target/release/pathfinding_algorithms)
                 n1: 162000 0x2A0422: pathfinding_algorithms::main (in /home/killpop/Рабочий стол/some/pathfinders/target/release/pathfinding_algorithms)
                  n1: 162000 0x2A7A52: std::sys::backtrace::__rust_begin_short_backtrace (in /home/killpop/Рабочий стол/some/pathfinders/target/release/pathfinding_algorithms)
                   n1: 162000 0x273ED8: std::rt::lang_start::{{closure}} (in /home/killpop/Рабочий стол/some/pathfinders/target/release/pathfinding_algorithms)
                    n1: 162000 0x5ABD43: std::rt::lang_start_internal (in /home/killpop/Рабочий стол/some/pathfinders/target/release/pathfinding_algorithms)
                     n0: 162000 0x2A6A14: main (in /home/killpop/Рабочий стол/some/pathfinders/target/release/pathfinding_algorithms)
 n9: 2844926 0x5F5247D: ??? (in /usr/lib/x86_64-linux-gnu/libnvidia-glcore.so.580.173.02)
  n1: 825080 0x5F958BA: ??? (in /usr/lib/x86_64-linux-gnu/libnvidia-glcore.so.580.173.02)
   n1: 825080 0x5F96561: ??? (in /usr/lib/x86_64-linux-gnu/libnvidia-glcore.so.580.173.02)
    n1: 825080 0x5F80DCB: ??? (in /usr/lib/x86_64-linux-gnu/libnvidia-glcore.so.580.173.02)
     n1: 825080 0x5F3A8EB: ??? (in /usr/lib/x86_64-linux-gnu/libnvidia-glcore.so.580.173.02)
      n1: 825080 0x53D344F: ??? (in /usr/lib/x86_64-linux-gnu/libGLX_nvidia.so.580.173.02)
       n1: 825080 0x54010E9: ??? (in /usr/lib/x86_64-linux-gnu/libGLX_nvidia.so.580.173.02)
        n1: 825080 0x53605B1: ??? (in /usr/lib/x86_64-linux-gnu/libGLX.so.0.0.0)
         n1: 825080 0x53629A1: ??? (in /usr/lib/x86_64-linux-gnu/libGLX.so.0.0.0)
          n1: 825080 0x53675E4: ??? (in /usr/lib/x86_64-linux-gnu/libGLX.so.0.0.0)
           n1: 825080 0x3F120D: glutin::api::glx::last_glx_error (in /home/killpop/Рабочий стол/some/pathfinders/target/release/pathfinding_algorithms)
            n1: 825080 0x415855: <glutin::context::NotCurrentContext as glutin::context::NotCurrentGlContextSurfaceAccessor<T>>::make_current (in /home/killpop/Рабочий стол/some/pathfinders/target/release/pathfinding_algorithms)
             n1: 825080 0x3FB756: glutin_window::GlutinWindow::from_raw (in /home/killpop/Рабочий стол/some/pathfinders/target/release/pathfinding_algorithms)
              n1: 825080 0x3FAC58: glutin_window::GlutinWindow::new (in /home/killpop/Рабочий стол/some/pathfinders/target/release/pathfinding_algorithms)
               n1: 825080 0x2B04F2: <piston_window::prelude::PistonWindow<W> as window::BuildFromWindowSettings>::build_from_window_settings (in /home/killpop/Рабочий стол/some/pathfinders/target/release/pathfinding_algorithms)
                n1: 825080 0x2A0422: pathfinding_algorithms::main (in /home/killpop/Рабочий стол/some/pathfinders/target/release/pathfinding_algorithms)
                 n1: 825080 0x2A7A52: std::sys::backtrace::__rust_begin_short_backtrace (in /home/killpop/Рабочий стол/some/pathfinders/target/release/pathfinding_algorithms)
                  n1: 825080 0x273ED8: std::rt::lang_start::{{closure}} (in /home/killpop/Рабочий стол/some/pathfinders/target/release/pathfinding_algorithms)
                   n1: 825080 0x5ABD43: std::rt::lang_start_internal (in /home/killpop/Рабочий стол/some/pathfinders/target/release/pathfinding_algorithms)
                    n0: 825080 0x2A6A14: main (in /home/killpop/Рабочий стол/some/pathfinders/target/release/pathfinding_algorithms)
  n0: 780799 in 116 places, all below massif's threshold (1.00%)
  n1: 307311 0x5C75DBB: ??? (in /usr/lib/x86_64-linux-gnu/libnvidia-glcore.so.580.173.02)
   n1: 307311 0x53FAEBF: ??? (in /usr/lib/x86_64-linux-gnu/libGLX_nvidia.so.580.173.02)
    n1: 307311 0x5403FDB: ??? (in /usr/lib/x86_64-linux-gnu/libGLX_nvidia.so.580.173.02)
     n1: 307311 0x53D0A5A: ??? (in /usr/lib/x86_64-linux-gnu/libGLX_nvidia.so.580.173.02)
      n1: 307311 0x542C401: ??? (in /usr/lib/x86_64-linux-gnu/libGLX_nvidia.so.580.173.02)
       n1: 307311 0x53D0012: ??? (in /usr/lib/x86_64-linux-gnu/libGLX_nvidia.so.580.173.02)
        n1: 307311 0x4005823: call_init (dl-init.c:120)
         n1: 307311 0x4005823: _dl_init (dl-init.c:121)
          n1: 307311 0x40015B1: _dl_catch_exception (dl-catch.c:211)
           n1: 307311 0x400CD7B: dl_open_worker (dl-open.c:829)
            n1: 307311 0x400CD7B: dl_open_worker (dl-open.c:792)
             n1: 307311 0x400151B: _dl_catch_exception (dl-catch.c:237)
              n1: 307311 0x400D163: _dl_open (dl-open.c:905)
               n1: 307311 0x4A22283: dlopen_doit (dlopen.c:56)
                n1: 307311 0x400151B: _dl_catch_exception (dl-catch.c:237)
                 n1: 307311 0x4001668: _dl_catch_error (dl-catch.c:256)
                  n1: 307311 0x4A21D62: _dlerror_run (dlerror.c:138)
                   n1: 307311 0x4A2233E: dlopen_implementation (dlopen.c:71)
                    n1: 307311 0x4A2233E: dlopen@@GLIBC_2.34 (dlopen.c:81)
                     n1: 307311 0x536530A: ??? (in /usr/lib/x86_64-linux-gnu/libGLX.so.0.0.0)
                      n1: 307311 0x5367BAC: ??? (in /usr/lib/x86_64-linux-gnu/libGLX.so.0.0.0)
                       n1: 307311 0x53683B5: glXGetClientString (in /usr/lib/x86_64-linux-gnu/libGLX.so.0.0.0)
                        n1: 307311 0x525B1E: glutin::api::glx::display::Display::new (in /home/killpop/Рабочий стол/some/pathfinders/target/release/pathfinding_algorithms)
                         n1: 307311 0x524347: glutin::display::Display::new (in /home/killpop/Рабочий стол/some/pathfinders/target/release/pathfinding_algorithms)
                          n1: 307311 0x415B79: glutin_winit::DisplayBuilder::build (in /home/killpop/Рабочий стол/some/pathfinders/target/release/pathfinding_algorithms)
                           n1: 307311 0x3FAF27: glutin_window::GlutinWindow::from_raw (in /home/killpop/Рабочий стол/some/pathfinders/target/release/pathfinding_algorithms)
                            n1: 307311 0x3FAC58: glutin_window::GlutinWindow::new (in /home/killpop/Рабочий стол/some/pathfinders/target/release/pathfinding_algorithms)
                             n1: 307311 0x2B04F2: <piston_window::prelude::PistonWindow<W> as window::BuildFromWindowSettings>::build_from_window_settings (in /home/killpop/Рабочий стол/some/pathfinders/target/release/pathfinding_algorithms)
                              n1: 307311 0x2A0422: pathfinding_algorithms::main (in /home/killpop/Рабочий стол/some/pathfinders/target/release/pathfinding_algorithms)
                               n1: 307311 0x2A7A52: std::sys::backtrace::__rust_begin_short_backtrace (in /home/killpop/Рабочий стол/some/pathfinders/target/release/pathfinding_algorithms)
                                n1: 307311 0x273ED8: std::rt::lang_start::{{closure}} (in /home/killpop/Рабочий стол/some/pathfinders/target/release/pathfinding_algorithms)
                                 n0: 307311 0x5ABD43: std::rt::lang_start_internal (in /home/killpop/Рабочий стол/some/pathfinders/target/release/pathfinding_algorithms)
  n1: 171760 0x5F6FCFE: ??? (in /usr/lib/x86_64-linux-gnu/libnvidia-glcore.so.580.173.02)
   n1: 171760 0x5F81285: ??? (in /usr/lib/x86_64-linux-gnu/libnvidia-glcore.so.580.173.02)
    n1: 171760 0x5F3A8EB: ??? (in /usr/lib/x86_64-linux-gnu/libnvidia-glcore.so.580.173.02)
     n1: 171760 0x53D344F: ??? (in /usr/lib/x86_64-linux-gnu/libGLX_nvidia.so.580.173.02)
      n1: 171760 0x54010E9: ??? (in /usr/lib/x86_64-linux-gnu/libGLX_nvidia.so.580.173.02)
       n1: 171760 0x53605B1: ??? (in /usr/lib/x86_64-linux-gnu/libGLX.so.0.0.0)
        n1: 171760 0x53629A1: ??? (in /usr/lib/x86_64-linux-gnu/libGLX.so.0.0.0)
         n1: 171760 0x53675E4: ??? (in /usr/lib/x86_64-linux-gnu/libGLX.so.0.0.0)
          n1: 171760 0x3F120D: glutin::api::glx::last_glx_error (in /home/killpop/Рабочий стол/some/pathfinders/target/release/pathfinding_algorithms)
           n1: 171760 0x415855: <glutin::context::NotCurrentContext as glutin::context::NotCurrentGlContextSurfaceAccessor<T>>::make_current (in /home/killpop/Рабочий стол/some/pathfinders/target/release/pathfinding_algorithms)
            n1: 171760 0x3FB756: glutin_window::GlutinWindow::from_raw (in /home/killpop/Рабочий стол/some/pathfinders/target/release/pathfinding_algorithms)
             n1: 171760 0x3FAC58: glutin_window::GlutinWindow::new (in /home/killpop/Рабочий стол/some/pathfinders/target/release/pathfinding_algorithms)
              n1: 171760 0x2B04F2: <piston_window::prelude::PistonWindow<W> as window::BuildFromWindowSettings>::build_from_window_settings (in /home/killpop/Рабочий стол/some/pathfinders/target/release/pathfinding_algorithms)
               n1: 171760 0x2A0422: pathfinding_algorithms::main (in /home/killpop/Рабочий стол/some/pathfinders/target/release/pathfinding_algorithms)
                n1: 171760 0x2A7A52: std::sys::backtrace::__rust_begin_short_backtrace (in /home/killpop/Рабочий стол/some/pathfinders/target/release/pathfinding_algorithms)
                 n1: 171760 0x273ED8: std::rt::lang_start::{{closure}} (in /home/killpop/Рабочий стол/some/pathfinders/target/release/pathfinding_algorithms)
                  n1: 171760 0x5ABD43: std::rt::lang_start_internal (in /home/killpop/Рабочий стол/some/pathfinders/target/release/pathfinding_algorithms)
                   n0: 171760 0x2A6A14: main (in /home/killpop/Рабочий стол/some/pathfinders/target/release/pathfinding_algorithms)
  n1: 167504 0x53D4323: ??? (in /usr/lib/x86_64-linux-gnu/libGLX_nvidia.so.580.173.02)
   n1: 167504 0x53D44D7: ??? (in /usr/lib/x86_64-linux-gnu/libGLX_nvidia.so.580.173.02)
    n1: 167504 0x53FA5E4: ??? (in /usr/lib/x86_64-linux-gnu/libGLX_nvidia.so.580.173.02)
     n1: 167504 0x53FF9E7: ??? (in /usr/lib/x86_64-linux-gnu/libGLX_nvidia.so.580.173.02)
      n1: 167504 0x53F4045: glXCreateContextAttribsARB (in /usr/lib/x86_64-linux-gnu/libGLX_nvidia.so.580.173.02)
       n1: 167504 0x5367E02: ??? (in /usr/lib/x86_64-linux-gnu/libGLX.so.0.0.0)
        n1: 167504 0x51CE30: glutin::api::glx::last_glx_error (in /home/killpop/Рабочий стол/some/pathfinders/target/release/pathfinding_algorithms)
         n1: 167504 0x5258A0: glutin::api::glx::context::<impl glutin::api::glx::display::Display>::create_context (in /home/killpop/Рабочий стол/some/pathfinders/target/release/pathfinding_algorithms)
          n1: 167504 0x52466D: <glutin::display::Display as glutin::display::GlDisplay>::create_context (in /home/killpop/Рабочий стол/some/pathfinders/target/release/pathfinding_algorithms)
           n1: 167504 0x3FB44B: glutin_window::GlutinWindow::from_raw (in /home/killpop/Рабочий стол/some/pathfinders/target/release/pathfinding_algorithms)
            n1: 167504 0x3FAC58: glutin_window::GlutinWindow::new (in /home/killpop/Рабочий стол/some/pathfinders/target/release/pathfinding_algorithms)
             n1: 167504 0x2B04F2: <piston_window::prelude::PistonWindow<W> as window::BuildFromWindowSettings>::build_from_window_settings (in /home/killpop/Рабочий стол/some/pathfinders/target/release/pathfinding_algorithms)
              n1: 167504 0x2A0422: pathfinding_algorithms::main (in /home/killpop/Рабочий стол/some/pathfinders/target/release/pathfinding_algorithms)
               n1: 167504 0x2A7A52: std::sys::backtrace::__rust_begin_short_backtrace (in /home/killpop/Рабочий стол/some/pathfinders/target/release/pathfinding_algorithms)
                n1: 167504 0x273ED8: std::rt::lang_start::{{closure}} (in /home/killpop/Рабочий стол/some/pathfinders/target/release/pathfinding_algorithms)
                 n1: 167504 0x5ABD43: std::rt::lang_start_internal (in /home/killpop/Рабочий стол/some/pathfinders/target/release/pathfinding_algorithms)
                  n0: 167504 0x2A6A14: main (in /home/killpop/Рабочий стол/some/pathfinders/target/release/pathfinding_algorithms)
  n1: 163840 0x5FC2EB6: ??? (in /usr/lib/x86_64-linux-gnu/libnvidia-glcore.so.580.173.02)
   n1: 163840 0x5F95B81: ??? (in /usr/lib/x86_64-linux-gnu/libnvidia-glcore.so.580.173.02)
    n1: 163840 0x5F96561: ??? (in /usr/lib/x86_64-linux-gnu/libnvidia-glcore.so.580.173.02)
     n1: 163840 0x5F80DCB: ??? (in /usr/lib/x86_64-linux-gnu/libnvidia-glcore.so.580.173.02)
      n1: 163840 0x5F3A8EB: ??? (in /usr/lib/x86_64-linux-gnu/libnvidia-glcore.so.580.173.02)
       n1: 163840 0x53D344F: ??? (in /usr/lib/x86_64-linux-gnu/libGLX_nvidia.so.580.173.02)
        n1: 163840 0x54010E9: ??? (in /usr/lib/x86_64-linux-gnu/libGLX_nvidia.so.580.173.02)
         n1: 163840 0x53605B1: ??? (in /usr/lib/x86_64-linux-gnu/libGLX.so.0.0.0)
          n1: 163840 0x53629A1: ??? (in /usr/lib/x86_64-linux-gnu/libGLX.so.0.0.0)
           n1: 163840 0x53675E4: ??? (in /usr/lib/x86_64-linux-gnu/libGLX.so.0.0.0)
            n1: 163840 0x3F120D: glutin::api::glx::last_glx_error (in /home/killpop/Рабочий стол/some/pathfinders/target/release/pathfinding_algorithms)
             n1: 163840 0x415855: <glutin::context::NotCurrentContext as glutin::context::NotCurrentGlContextSurfaceAccessor<T>>::make_current (in /home/killpop/Рабочий стол/some/pathfinders/target/release/pathfinding_algorithms)
              n1: 163840 0x3FB756: glutin_window::GlutinWindow::from_raw (in /home/killpop/Рабочий стол/some/pathfinders/target/release/pathfinding_algorithms)
               n1: 163840 0x3FAC58: glutin_window::GlutinWindow::new (in /home/killpop/Рабочий стол/some/pathfinders/target/release/pathfinding_algorithms)
                n1: 163840 0x2B04F2: <piston_window::prelude::PistonWindow<W> as window::BuildFromWindowSettings>::build_from_window_settings (in /home/killpop/Рабочий стол/some/pathfinders/target/release/pathfinding_algorithms)
                 n1: 163840 0x2A0422: pathfinding_algorithms::main (in /home/killpop/Рабочий стол/some/pathfinders/target/release/pathfinding_algorithms)
                  n1: 163840 0x2A7A52: std::sys::backtrace::__rust_begin_short_backtrace (in /home/killpop/Рабочий стол/some/pathfinders/target/release/pathfinding_algorithms)
                   n1: 163840 0x273ED8: std::rt::lang_start::{{closure}} (in /home/killpop/Рабочий стол/some/pathfinders/target/release/pathfinding_algorithms)
                    n1: 163840 0x5ABD43: std::rt::lang_start_internal (in /home/killpop/Рабочий стол/some/pathfinders/target/release/pathfinding_algorithms)
                     n0: 163840 0x2A6A14: main (in /home/killpop/Рабочий стол/some/pathfinders/target/release/pathfinding_algorithms)
  n1: 154512 0x5F95879: ??? (in /usr/lib/x86_64-linux-gnu/libnvidia-glcore.so.580.173.02)
   n1: 154512 0x5F96561: ??? (in /usr/lib/x86_64-linux-gnu/libnvidia-glcore.so.580.173.02)
    n1: 154512 0x5F80DCB: ??? (in /usr/lib/x86_64-linux-gnu/libnvidia-glcore.so.580.173.02)
     n1: 154512 0x5F3A8EB: ??? (in /usr/lib/x86_64-linux-gnu/libnvidia-glcore.so.580.173.02)
      n1: 154512 0x53D344F: ??? (in /usr/lib/x86_64-linux-gnu/libGLX_nvidia.so.580.173.02)
       n1: 154512 0x54010E9: ??? (in /usr/lib/x86_64-linux-gnu/libGLX_nvidia.so.580.173.02)
        n1: 154512 0x53605B1: ??? (in /usr/lib/x86_64-linux-gnu/libGLX.so.0.0.0)
         n1: 154512 0x53629A1: ??? (in /usr/lib/x86_64-linux-gnu/libGLX.so.0.0.0)
          n1: 154512 0x53675E4: ??? (in /usr/lib/x86_64-linux-gnu/libGLX.so.0.0.0)
           n1: 154512 0x3F120D: glutin::api::glx::last_glx_error (in /home/killpop/Рабочий стол/some/pathfinders/target/release/pathfinding_algorithms)
            n1: 154512 0x415855: <glutin::context::NotCurrentContext as glutin::context::NotCurrentGlContextSurfaceAccessor<T>>::make_current (in /home/killpop/Рабочий стол/some/pathfinders/target/release/pathfinding_algorithms)
             n1: 154512 0x3FB756: glutin_window::GlutinWindow::from_raw (in /home/killpop/Рабочий стол/some/pathfinders/target/release/pathfinding_algorithms)
              n1: 154512 0x3FAC58: glutin_window::GlutinWindow::new (in /home/killpop/Рабочий стол/some/pathfinders/target/release/pathfinding_algorithms)
               n1: 154512 0x2B04F2: <piston_window::prelude::PistonWindow<W> as window::BuildFromWindowSettings>::build_from_window_settings (in /home/killpop/Рабочий стол/some/pathfinders/target/release/pathfinding_algorithms)
                n1: 154512 0x2A0422: pathfinding_algorithms::main (in /home/killpop/Рабочий стол/some/pathfinders/target/release/pathfinding_algorithms)
                 n1: 154512 0x2A7A52: std::sys::backtrace::__rust_begin_short_backtrace (in /home/killpop/Рабочий стол/some/pathfinders/target/release/pathfinding_algorithms)
                  n1: 154512 0x273ED8: std::rt::lang_start::{{closure}} (in /home/killpop/Рабочий стол/some/pathfinders/target/release/pathfinding_algorithms)
                   n1: 154512 0x5ABD43: std::rt::lang_start_internal (in /home/killpop/Рабочий стол/some/pathfinders/target/release/pathfinding_algorithms)
                    n0: 154512 0x2A6A14: main (in /home/killpop/Рабочий стол/some/pathfinders/target/release/pathfinding_algorithms)
  n1: 150472 0x5F3836F: ??? (in /usr/lib/x86_64-linux-gnu/libnvidia-glcore.so.580.173.02)
   n1: 150472 0x5F4C655: ??? (in /usr/lib/x86_64-linux-gnu/libnvidia-glcore.so.580.173.02)
    n1: 150472 0x53D43A0: ??? (in /usr/lib/x86_64-linux-gnu/libGLX_nvidia.so.580.173.02)
     n1: 150472 0x53D44D7: ??? (in /usr/lib/x86_64-linux-gnu/libGLX_nvidia.so.580.173.02)
      n1: 150472 0x53FA5E4: ??? (in /usr/lib/x86_64-linux-gnu/libGLX_nvidia.so.580.173.02)
       n1: 150472 0x53FF9E7: ??? (in /usr/lib/x86_64-linux-gnu/libGLX_nvidia.so.580.173.02)
        n1: 150472 0x53F4045: glXCreateContextAttribsARB (in /usr/lib/x86_64-linux-gnu/libGLX_nvidia.so.580.173.02)
         n1: 150472 0x5367E02: ??? (in /usr/lib/x86_64-linux-gnu/libGLX.so.0.0.0)
          n1: 150472 0x51CE30: glutin::api::glx::last_glx_error (in /home/killpop/Рабочий стол/some/pathfinders/target/release/pathfinding_algorithms)
           n1: 150472 0x5258A0: glutin::api::glx::context::<impl glutin::api::glx::display::Display>::create_context (in /home/killpop/Рабочий стол/some/pathfinders/target/release/pathfinding_algorithms)
            n1: 150472 0x52466D: <glutin::display::Display as glutin::display::GlDisplay>::create_context (in /home/killpop/Рабочий стол/some/pathfinders/target/release/pathfinding_algorithms)
             n1: 150472 0x3FB44B: glutin_window::GlutinWindow::from_raw (in /home/killpop/Рабочий стол/some/pathfinders/target/release/pathfinding_algorithms)
              n1: 150472 0x3FAC58: glutin_window::GlutinWindow::new (in /home/killpop/Рабочий стол/some/pathfinders/target/release/pathfinding_algorithms)
               n1: 150472 0x2B04F2: <piston_window::prelude::PistonWindow<W> as window::BuildFromWindowSettings>::build_from_window_settings (in /home/killpop/Рабочий стол/some/pathfinders/target/release/pathfinding_algorithms)
                n1: 150472 0x2A0422: pathfinding_algorithms::main (in /home/killpop/Рабочий стол/some/pathfinders/target/release/pathfinding_algorithms)
                 n1: 150472 0x2A7A52: std::sys::backtrace::__rust_begin_short_backtrace (in /home/killpop/Рабочий стол/some/pathfinders/target/release/pathfinding_algorithms)
                  n1: 150472 0x273ED8: std::rt::lang_start::{{closure}} (in /home/killpop/Рабочий стол/some/pathfinders/target/release/pathfinding_algorithms)
                   n1: 150472 0x5ABD43: std::rt::lang_start_internal (in /home/killpop/Рабочий стол/some/pathfinders/target/release/pathfinding_algorithms)
                    n0: 150472 0x2A6A14: main (in /home/killpop/Рабочий стол/some/pathfinders/target/release/pathfinding_algorithms)
  n1: 123648 0x65CBF3F: ??? (in /usr/lib/x86_64-linux-gnu/libnvidia-glcore.so.580.173.02)
   n0: 123648 in 8 places, all below massif's threshold (1.00%)
 n0: 779750 in 440 places, all below massif's threshold (1.00%)
 n3: 569056 0x57AB7E: alloc::raw_vec::RawVecInner<A>::finish_grow (in /home/killpop/Рабочий стол/some/pathfinders/target/release/pathfinding_algorithms)
  n2: 330240 0x57A999: alloc::raw_vec::RawVec<T,A>::grow_one (in /home/killpop/Рабочий стол/some/pathfinders/target/release/pathfinding_algorithms)
   n2: 327680 0x567E12: <gfx_device_gl::command::CommandBuffer as gfx_core::command::Buffer<gfx_device_gl::Resources>>::update_buffer (in /home/killpop/Рабочий стол/some/pathfinders/target/release/pathfinding_algorithms)
    n1: 327680 0x2B22AF: gfx::encoder::Encoder<R,C>::update_buffer (in /home/killpop/Рабочий стол/some/pathfinders/target/release/pathfinding_algorithms)
     n1: 327680 0x28978F: <gfx_graphics::back_end::GfxGraphics<R,C> as graphics::graphics::Graphics>::tri_list (in /home/killpop/Рабочий стол/some/pathfinders/target/release/pathfinding_algorithms)
      n1: 327680 0x29B612: graphics::rectangle::Rectangle::draw_tri (in /home/killpop/Рабочий стол/some/pathfinders/target/release/pathfinding_algorithms)
       n1: 327680 0x29FC1B: pathfinding_algorithms::presentation::renderer::Renderer::render_field (in /home/killpop/Рабочий стол/some/pathfinders/target/release/pathfinding_algorithms)
        n1: 327680 0x2780EB: pathfinding_algorithms::presentation::app::App::render (in /home/killpop/Рабочий стол/some/pathfinders/target/release/pathfinding_algorithms)
         n1: 327680 0x285385: gfx_graphics::back_end::Gfx2d<R>::draw (in /home/killpop/Рабочий стол/some/pathfinders/target/release/pathfinding_algorithms)
          n1: 327680 0x2A0993: pathfinding_algorithms::main (in /home/killpop/Рабочий стол/some/pathfinders/target/release/pathfinding_algorithms)
           n1: 327680 0x2A7A52: std::sys::backtrace::__rust_begin_short_backtrace (in /home/killpop/Рабочий стол/some/pathfinders/target/release/pathfinding_algorithms)
            n1: 327680 0x273ED8: std::rt::lang_start::{{closure}} (in /home/killpop/Рабочий стол/some/pathfinders/target/release/pathfinding_algorithms)
             n1: 327680 0x5ABD43: std::rt::lang_start_internal (in /home/killpop/Рабочий стол/some/pathfinders/target/release/pathfinding_algorithms)
              n0: 327680 0x2A6A14: main (in /home/killpop/Рабочий стол/some/pathfinders/target/release/pathfinding_algorithms)
    n0: 0 in 2 places, all below massif's threshold (1.00%)
   n0: 2560 in 4 places, all below massif's threshold (1.00%)
  n1: 200608 0x57AC33: alloc::raw_vec::RawVecInner<A>::reserve::do_reserve_and_handle (in /home/killpop/Рабочий стол/some/pathfinders/target/release/pathfinding_algorithms)
   n0: 200608 in 7 places, all below massif's threshold (1.00%)
  n0: 38208 in 1 place, below massif's threshold (1.00%)
 n1: 241664 0x52D64D7: ??? (in /usr/lib/x86_64-linux-gnu/libGLdispatch.so.0.0.0)
  n1: 241664 0x52D6C11: ??? (in /usr/lib/x86_64-linux-gnu/libGLdispatch.so.0.0.0)
   n1: 241664 0x52D6E68: __glDispatchMakeCurrent (in /usr/lib/x86_64-linux-gnu/libGLdispatch.so.0.0.0)
    n1: 241664 0x5362923: ??? (in /usr/lib/x86_64-linux-gnu/libGLX.so.0.0.0)
     n1: 241664 0x53675E4: ??? (in /usr/lib/x86_64-linux-gnu/libGLX.so.0.0.0)
      n1: 241664 0x3F120D: glutin::api::glx::last_glx_error (in /home/killpop/Рабочий стол/some/pathfinders/target/release/pathfinding_algorithms)
       n1: 241664 0x415855: <glutin::context::NotCurrentContext as glutin::context::NotCurrentGlContextSurfaceAccessor<T>>::make_current (in /home/killpop/Рабочий стол/some/pathfinders/target/release/pathfinding_algorithms)
        n1: 241664 0x3FB756: glutin_window::GlutinWindow::from_raw (in /home/killpop/Рабочий стол/some/pathfinders/target/release/pathfinding_algorithms)
         n1: 241664 0x3FAC58: glutin_window::GlutinWindow::new (in /home/killpop/Рабочий стол/some/pathfinders/target/release/pathfinding_algorithms)
          n1: 241664 0x2B04F2: <piston_window::prelude::PistonWindow<W> as window::BuildFromWindowSettings>::build_from_window_settings (in /home/killpop/Рабочий стол/some/pathfinders/target/release/pathfinding_algorithms)
           n1: 241664 0x2A0422: pathfinding_algorithms::main (in /home/killpop/Рабочий стол/some/pathfinders/target/release/pathfinding_algorithms)
            n1: 241664 0x2A7A52: std::sys::backtrace::__rust_begin_short_backtrace (in /home/killpop/Рабочий стол/some/pathfinders/target/release/pathfinding_algorithms)
             n1: 241664 0x273ED8: std::rt::lang_start::{{closure}} (in /home/killpop/Рабочий стол/some/pathfinders/target/release/pathfinding_algorithms)
              n1: 241664 0x5ABD43: std::rt::lang_start_internal (in /home/killpop/Рабочий стол/some/pathfinders/target/release/pathfinding_algorithms)
               n0: 241664 0x2A6A14: main (in /home/killpop/Рабочий стол/some/pathfinders/target/release/pathfinding_algorithms)
 n1: 149594 0x9B5EE4D: ??? (in /usr/lib/x86_64-linux-gnu/libnvidia-gpucomp.so.580.173.02)
  n1: 149594 0x9B0E478: ??? (in /usr/lib/x86_64-linux-gnu/libnvidia-gpucomp.so.580.173.02)
   n1: 149594 0x82C24BF: ??? (in /usr/lib/x86_64-linux-gnu/libnvidia-gpucomp.so.580.173.02)
    n0: 149594 in 58 places, all below massif's threshold (1.00%)
 n1: 110592 0x5250557: ??? (in /usr/lib/x86_64-linux-gnu/libGL.so.1.7.0)
  n1: 110592 0x52D6C11: ??? (in /usr/lib/x86_64-linux-gnu/libGLdispatch.so.0.0.0)
   n1: 110592 0x52D6E68: __glDispatchMakeCurrent (in /usr/lib/x86_64-linux-gnu/libGLdispatch.so.0.0.0)
    n1: 110592 0x5362923: ??? (in /usr/lib/x86_64-linux-gnu/libGLX.so.0.0.0)
     n1: 110592 0x53675E4: ??? (in /usr/lib/x86_64-linux-gnu/libGLX.so.0.0.0)
      n1: 110592 0x3F120D: glutin::api::glx::last_glx_error (in /home/killpop/Рабочий стол/some/pathfinders/target/release/pathfinding_algorithms)
       n1: 110592 0x415855: <glutin::context::NotCurrentContext as glutin::context::NotCurrentGlContextSurfaceAccessor<T>>::make_current (in /home/killpop/Рабочий стол/some/pathfinders/target/release/pathfinding_algorithms)
        n1: 110592 0x3FB756: glutin_window::GlutinWindow::from_raw (in /home/killpop/Рабочий стол/some/pathfinders/target/release/pathfinding_algorithms)
         n1: 110592 0x3FAC58: glutin_window::GlutinWindow::new (in /home/killpop/Рабочий стол/some/pathfinders/target/release/pathfinding_algorithms)
          n1: 110592 0x2B04F2: <piston_window::prelude::PistonWindow<W> as window::BuildFromWindowSettings>::build_from_window_settings (in /home/killpop/Рабочий стол/some/pathfinders/target/release/pathfinding_algorithms)
           n1: 110592 0x2A0422: pathfinding_algorithms::main (in /home/killpop/Рабочий стол/some/pathfinders/target/release/pathfinding_algorithms)
            n1: 110592 0x2A7A52: std::sys::backtrace::__rust_begin_short_backtrace (in /home/killpop/Рабочий стол/some/pathfinders/target/release/pathfinding_algorithms)
             n1: 110592 0x273ED8: std::rt::lang_start::{{closure}} (in /home/killpop/Рабочий стол/some/pathfinders/target/release/pathfinding_algorithms)
              n1: 110592 0x5ABD43: std::rt::lang_start_internal (in /home/killpop/Рабочий стол/some/pathfinders/target/release/pathfinding_algorithms)
               n0: 110592 0x2A6A14: main (in /home/killpop/Рабочий стол/some/pathfinders/target/release/pathfinding_algorithms)
 n2: 104788 0x436FFD: hashbrown::raw::RawTableInner::fallible_with_capacity (in /home/killpop/Рабочий стол/some/pathfinders/target/release/pathfinding_algorithms)
  n1: 102416 0x442556: core::ops::function::FnOnce::call_once (in /home/killpop/Рабочий стол/some/pathfinders/target/release/pathfinding_algorithms)
   n1: 102416 0x431B49: once_cell::imp::OnceCell<T>::initialize::{{closure}} (in /home/killpop/Рабочий стол/some/pathfinders/target/release/pathfinding_algorithms)
    n1: 102416 0x544A3B: once_cell::imp::initialize_or_wait (in /home/killpop/Рабочий стол/some/pathfinders/target/release/pathfinding_algorithms)
     n1: 102416 0x431661: once_cell::imp::OnceCell<T>::initialize (in /home/killpop/Рабочий стол/some/pathfinders/target/release/pathfinding_algorithms)
      n1: 102416 0x4436CD: winit::platform_impl::platform::x11::util::atom::<impl winit::platform_impl::platform::x11::xdisplay::XConnection>::get_atom_unchecked (in /home/killpop/Рабочий стол/some/pathfinders/target/release/pathfinding_algorithms)
       n1: 102416 0x3D5DAE: winit::platform_impl::platform::x11::EventLoop<T>::new (in /home/killpop/Рабочий стол/some/pathfinders/target/release/pathfinding_algorithms)
        n1: 102416 0x41A737: winit::platform_impl::platform::EventLoop<T>::new (in /home/killpop/Рабочий стол/some/pathfinders/target/release/pathfinding_algorithms)
         n1: 102416 0x3FA5DF: glutin_window::GlutinWindow::new (in /home/killpop/Рабочий стол/some/pathfinders/target/release/pathfinding_algorithms)
          n1: 102416 0x2B04F2: <piston_window::prelude::PistonWindow<W> as window::BuildFromWindowSettings>::build_from_window_settings (in /home/killpop/Рабочий стол/some/pathfinders/target/release/pathfinding_algorithms)
           n1: 102416 0x2A0422: pathfinding_algorithms::main (in /home/killpop/Рабочий стол/some/pathfinders/target/release/pathfinding_algorithms)
            n1: 102416 0x2A7A52: std::sys::backtrace::__rust_begin_short_backtrace (in /home/killpop/Рабочий стол/some/pathfinders/target/release/pathfinding_algorithms)
             n1: 102416 0x273ED8: std::rt::lang_start::{{closure}} (in /home/killpop/Рабочий стол/some/pathfinders/target/release/pathfinding_algorithms)
              n1: 102416 0x5ABD43: std::rt::lang_start_internal (in /home/killpop/Рабочий стол/some/pathfinders/target/release/pathfinding_algorithms)
               n0: 102416 0x2A6A14: main (in /home/killpop/Рабочий стол/some/pathfinders/target/release/pathfinding_algorithms)
  n0: 2372 in 3 places, all below massif's threshold (1.00%)
#-----------
snapshot=10
#-----------
time=627705421
mem_heap_B=9994944
mem_heap_extra_B=115480
mem_stacks_B=0
heap_tree=empty
#-----------
snapshot=11
#-----------
time=700102889
mem_heap_B=9996521
mem_heap_extra_B=115535
mem_stacks_B=0
heap_tree=empty
#-----------
snapshot=12
#-----------
time=736563902
mem_heap_B=9996721
mem_heap_extra_B=115511
mem_stacks_B=0
heap_tree=empty
#-----------
snapshot=13
#-----------
time=795060045
mem_heap_B=9998201
mem_heap_extra_B=115559
mem_stacks_B=0
heap_tree=empty
#-----------
snapshot=14
#-----------
time=845920244
mem_heap_B=9998745
mem_heap_extra_B=115575
mem_stacks_B=0
heap_tree=empty
#-----------
snapshot=15
#-----------
time=882337679
mem_heap_B=9999193
mem_heap_extra_B=115511
mem_stacks_B=0
heap_tree=empty
#-----------
snapshot=16
#-----------
time=955168711
mem_heap_B=9999817
mem_heap_extra_B=115535
mem_stacks_B=0
heap_tree=empty
#-----------
snapshot=17
#-----------
time=1006721516
mem_heap_B=10000233
mem_heap_extra_B=115551
mem_stacks_B=0
heap_tree=empty
#-----------
snapshot=18
#-----------
time=1058676893
mem_heap_B=10000649
mem_heap_extra_B=115583
mem_stacks_B=0
heap_tree=empty
#-----------
snapshot=19
#-----------
time=1110573385
mem_heap_B=10000857
mem_heap_extra_B=115591
mem_stacks_B=0
heap_tree=empty
#-----------
snapshot=20
#-----------
time=1162520405
mem_heap_B=10003617
mem_heap_extra_B=115519
mem_stacks_B=0
heap_tree=empty
#-----------
snapshot=21
#-----------
time=1201617364
mem_heap_B=10004033
mem_heap_extra_B=115535
mem_stacks_B=0
heap_tree=empty
#-----------
snapshot=22
#-----------
time=1253513553
mem_heap_B=10004449
mem_heap_extra_B=115551
mem_stacks_B=0
heap_tree=empty
#-----------
snapshot=23
#-----------
time=1318241203
mem_heap_B=10004873
mem_heap_extra_B=115583
mem_stacks_B=0
heap_tree=empty
#-----------
snapshot=24
#-----------
time=1344192016
mem_heap_B=10005081
mem_heap_extra_B=115575
mem_stacks_B=0
heap_tree=empty
#-----------
snapshot=25
#-----------
time=1409202731
mem_heap_B=10003617
mem_heap_extra_B=115487
mem_stacks_B=0
heap_tree=empty
#-----------
snapshot=26
#-----------
time=1461072459
mem_heap_B=10004289
mem_heap_extra_B=115503
mem_stacks_B=0
heap_tree=empty
#-----------
snapshot=27
#-----------
time=1512909776
mem_heap_B=10004705
mem_heap_extra_B=115519
mem_stacks_B=0
heap_tree=empty
#-----------
snapshot=28
#-----------
time=1577537326
mem_heap_B=10005129
mem_heap_extra_B=115551
mem_stacks_B=0
heap_tree=empty
#-----------
snapshot=29
#-----------
time=1624271029
mem_heap_B=10005337
mem_heap_extra_B=115559
mem_stacks_B=0
heap_tree=empty
#-----------
snapshot=30
#-----------
time=1665956855
mem_heap_B=10003881
mem_heap_extra_B=115503
mem_stacks_B=0
heap_tree=empty
#-----------
snapshot=31
#-----------
time=1707643380
mem_heap_B=10004089
mem_heap_extra_B=115511
mem_stacks_B=0
heap_tree=empty
#-----------
snapshot=32
#-----------
time=1749329491
mem_heap_B=10012953
mem_heap_extra_B=115527
mem_stacks_B=0
heap_tree=detailed
n8: 10012953 (heap allocation functions) malloc/new/new[], --alloc-fns, etc.
 n6: 5195259 0x5F521C1: ??? (in /usr/lib/x86_64-linux-gnu/libnvidia-glcore.so.580.173.02)
  n2: 2463597 0x5C76E4A: ??? (in /usr/lib/x86_64-linux-gnu/libnvidia-glcore.so.580.173.02)
   n1: 2463597 0x5C5A175: ??? (in /usr/lib/x86_64-linux-gnu/libnvidia-glcore.so.580.173.02)
    n1: 2463597 0x5C5EF6F: ??? (in /usr/lib/x86_64-linux-gnu/libnvidia-glcore.so.580.173.02)
     n1: 2463597 0x57603E: gfx_device_gl::factory::Factory::init_buffer (in /home/killpop/Рабочий стол/some/pathfinders/target/release/pathfinding_algorithms)
      n3: 2463597 0x575286: <gfx_device_gl::factory::Factory as gfx_core::factory::Factory<gfx_device_gl::Resources>>::create_buffer_raw (in /home/killpop/Рабочий стол/some/pathfinders/target/release/pathfinding_algorithms)
       n1: 1636871 0x281B30: gfx_graphics::back_end::Gfx2d<R>::new (in /home/killpop/Рабочий стол/some/pathfinders/target/release/pathfinding_algorithms)
        n1: 1636871 0x2B0DA1: <piston_window::prelude::PistonWindow<W> as window::BuildFromWindowSettings>::build_from_window_settings (in /home/killpop/Рабочий стол/some/pathfinders/target/release/pathfinding_algorithms)
         n1: 1636871 0x2A0422: pathfinding_algorithms::main (in /home/killpop/Рабочий стол/some/pathfinders/target/release/pathfinding_algorithms)
          n1: 1636871 0x2A7A52: std::sys::backtrace::__rust_begin_short_backtrace (in /home/killpop/Рабочий стол/some/pathfinders/target/release/pathfinding_algorithms)
           n1: 1636871 0x273ED8: std::rt::lang_start::{{closure}} (in /home/killpop/Рабочий стол/some/pathfinders/target/release/pathfinding_algorithms)
            n1: 1636871 0x5ABD43: std::rt::lang_start_internal (in /home/killpop/Рабочий стол/some/pathfinders/target/release/pathfinding_algorithms)
             n0: 1636871 0x2A6A14: main (in /home/killpop/Рабочий стол/some/pathfinders/target/release/pathfinding_algorithms)
       n1: 818471 0x281ACF: gfx_graphics::back_end::Gfx2d<R>::new (in /home/killpop/Рабочий стол/some/pathfinders/target/release/pathfinding_algorithms)
        n1: 818471 0x2B0DA1: <piston_window::prelude::PistonWindow<W> as window::BuildFromWindowSettings>::build_from_window_settings (in /home/killpop/Рабочий стол/some/pathfinders/target/release/pathfinding_algorithms)
         n1: 818471 0x2A0422: pathfinding_algorithms::main (in /home/killpop/Рабочий стол/some/pathfinders/target/release/pathfinding_algorithms)
          n1: 818471 0x2A7A52: std::sys::backtrace::__rust_begin_short_backtrace (in /home/killpop/Рабочий стол/some/pathfinders/target/release/pathfinding_algorithms)
           n1: 818471 0x273ED8: std::rt::lang_start::{{closure}} (in /home/killpop/Рабочий стол/some/pathfinders/target/release/pathfinding_algorithms)
            n1: 818471 0x5ABD43: std::rt::lang_start_internal (in /home/killpop/Рабочий стол/some/pathfinders/target/release/pathfinding_algorithms)
             n0: 818471 0x2A6A14: main (in /home/killpop/Рабочий стол/some/pathfinders/target/release/pathfinding_algorithms)
       n0: 8255 in 1 place, below massif's threshold (1.00%)
   n0: 0 in 1 place, below massif's threshold (1.00%)
  n1: 1638400 0x5C0DD8F: ??? (in /usr/lib/x86_64-linux-gnu/libnvidia-glcore.so.580.173.02)
   n1: 1638400 0x5F88378: ??? (in /usr/lib/x86_64-linux-gnu/libnvidia-glcore.so.580.173.02)
    n1: 1638400 0x5F3A724: ??? (in /usr/lib/x86_64-linux-gnu/libnvidia-glcore.so.580.173.02)
     n1: 1638400 0x53D313F: ??? (in /usr/lib/x86_64-linux-gnu/libGLX_nvidia.so.580.173.02)
      n1: 1638400 0x53FA624: ??? (in /usr/lib/x86_64-linux-gnu/libGLX_nvidia.so.580.173.02)
       n1: 1638400 0x53FF9E7: ??? (in /usr/lib/x86_64-linux-gnu/libGLX_nvidia.so.580.173.02)
        n1: 1638400 0x53F4045: glXCreateContextAttribsARB (in /usr/lib/x86_64-linux-gnu/libGLX_nvidia.so.580.173.02)
         n1: 1638400 0x5367E02: ??? (in /usr/lib/x86_64-linux-gnu/libGLX.so.0.0.0)
          n1: 1638400 0x51CE30: glutin::api::glx::last_glx_error (in /home/killpop/Рабочий стол/some/pathfinders/target/release/pathfinding_algorithms)
           n1: 1638400 0x5258A0: glutin::api::glx::context::<impl glutin::api::glx::display::Display>::create_context (in /home/killpop/Рабочий стол/some/pathfinders/target/release/pathfinding_algorithms)
            n1: 1638400 0x52466D: <glutin::display::Display as glutin::display::GlDisplay>::create_context (in /home/killpop/Рабочий стол/some/pathfinders/target/release/pathfinding_algorithms)
             n1: 1638400 0x3FB44B: glutin_window::GlutinWindow::from_raw (in /home/killpop/Рабочий стол/some/pathfinders/target/release/pathfinding_algorithms)
              n1: 1638400 0x3FAC58: glutin_window::GlutinWindow::new (in /home/killpop/Рабочий стол/some/pathfinders/target/release/pathfinding_algorithms)
               n1: 1638400 0x2B04F2: <piston_window::prelude::PistonWindow<W> as window::BuildFromWindowSettings>::build_from_window_settings (in /home/killpop/Рабочий стол/some/pathfinders/target/release/pathfinding_algorithms)
                n1: 1638400 0x2A0422: pathfinding_algorithms::main (in /home/killpop/Рабочий стол/some/pathfinders/target/release/pathfinding_algorithms)
                 n1: 1638400 0x2A7A52: std::sys::backtrace::__rust_begin_short_backtrace (in /home/killpop/Рабочий стол/some/pathfinders/target/release/pathfinding_algorithms)
                  n1: 1638400 0x273ED8: std::rt::lang_start::{{closure}} (in /home/killpop/Рабочий стол/some/pathfinders/target/release/pathfinding_algorithms)
                   n1: 1638400 0x5ABD43: std::rt::lang_start_internal (in /home/killpop/Рабочий стол/some/pathfinders/target/release/pathfinding_algorithms)
                    n0: 1638400 0x2A6A14: main (in /home/killpop/Рабочий стол/some/pathfinders/target/release/pathfinding_algorithms)
  n1: 385024 0x5FC30B3: ??? (in /usr/lib/x86_64-linux-gnu/libnvidia-glcore.so.580.173.02)
   n1: 385024 0x5F95B81: ??? (in /usr/lib/x86_64-linux-gnu/libnvidia-glcore.so.580.173.02)
    n1: 385024 0x5F96561: ??? (in /usr/lib/x86_64-linux-gnu/libnvidia-glcore.so.580.173.02)
     n1: 385024 0x5F80DCB: ??? (in /usr/lib/x86_64-linux-gnu/libnvidia-glcore.so.580.173.02)
      n1: 385024 0x5F3A8EB: ??? (in /usr/lib/x86_64-linux-gnu/libnvidia-glcore.so.580.173.02)
       n1: 385024 0x53D344F: ??? (in /usr/lib/x86_64-linux-gnu/libGLX_nvidia.so.580.173.02)
        n1: 385024 0x54010E9: ??? (in /usr/lib/x86_64-linux-gnu/libGLX_nvidia.so.580.173.02)
         n1: 385024 0x53605B1: ??? (in /usr/lib/x86_64-linux-gnu/libGLX.so.0.0.0)
          n1: 385024 0x53629A1: ??? (in /usr/lib/x86_64-linux-gnu/libGLX.so.0.0.0)
           n1: 385024 0x53675E4: ??? (in /usr/lib/x86_64-linux-gnu/libGLX.so.0.0.0)
            n1: 385024 0x3F120D: glutin::api::glx::last_glx_error (in /home/killpop/Рабочий стол/some/pathfinders/target/release/pathfinding_algorithms)
             n1: 385024 0x415855: <glutin::context::NotCurrentContext as glutin::context::NotCurrentGlContextSurfaceAccessor<T>>::make_current (in /home/killpop/Рабочий стол/some/pathfinders/target/release/pathfinding_algorithms)
              n1: 385024 0x3FB756: glutin_window::GlutinWindow::from_raw (in /home/killpop/Рабочий стол/some/pathfinders/target/release/pathfinding_algorithms)
               n1: 385024 0x3FAC58: glutin_window::GlutinWindow::new (in /home/killpop/Рабочий стол/some/pathfinders/target/release/pathfinding_algorithms)
                n1: 385024 0x2B04F2: <piston_window::prelude::PistonWindow<W> as window::BuildFromWindowSettings>::build_from_window_settings (in /home/killpop/Рабочий стол/some/pathfinders/target/release/pathfinding_algorithms)
                 n1: 385024 0x2A0422: pathfinding_algorithms::main (in /home/killpop/Рабочий стол/some/pathfinders/target/release/pathfinding_algorithms)
                  n1: 385024 0x2A7A52: std::sys::backtrace::__rust_begin_short_backtrace (in /home/killpop/Рабочий стол/some/pathfinders/target/release/pathfinding_algorithms)
                   n1: 385024 0x273ED8: std::rt::lang_start::{{closure}} (in /home/killpop/Рабочий стол/some/pathfinders/target/release/pathfinding_algorithms)
                    n1: 385024 0x5ABD43: std::rt::lang_start_internal (in /home/killpop/Рабочий стол/some/pathfinders/target/release/pathfinding_algorithms)
                     n0: 385024 0x2A6A14: main (in /home/killpop/Рабочий стол/some/pathfinders/target/release/pathfinding_algorithms)
  n0: 284106 in 225 places, all below massif's threshold (1.00%)
  n1: 262132 0x53FF724: ??? (in /usr/lib/x86_64-linux-gnu/libGLX_nvidia.so.580.173.02)
   n1: 262132 0x53F4045: glXCreateContextAttribsARB (in /usr/lib/x86_64-linux-gnu/libGLX_nvidia.so.580.173.02)
    n1: 262132 0x5367E02: ??? (in /usr/lib/x86_64-linux-gnu/libGLX.so.0.0.0)
     n1: 262132 0x51CE30: glutin::api::glx::last_glx_error (in /home/killpop/Рабочий стол/some/pathfinders/target/release/pathfinding_algorithms)
      n1: 262132 0x5258A0: glutin::api::glx::context::<impl glutin::api::glx::display::Display>::create_context (in /home/killpop/Рабочий стол/some/pathfinders/target/release/pathfinding_algorithms)
       n1: 262132 0x52466D: <glutin::display::Display as glutin::display::GlDisplay>::create_context (in /home/killpop/Рабочий стол/some/pathfinders/target/release/pathfinding_algorithms)
        n1: 262132 0x3FB44B: glutin_window::GlutinWindow::from_raw (in /home/killpop/Рабочий стол/some/pathfinders/target/release/pathfinding_algorithms)
         n1: 262132 0x3FAC58: glutin_window::GlutinWindow::new (in /home/killpop/Рабочий стол/some/pathfinders/target/release/pathfinding_algorithms)
          n1: 262132 0x2B04F2: <piston_window::prelude::PistonWindow<W> as window::BuildFromWindowSettings>::build_from_window_settings (in /home/killpop/Рабочий стол/some/pathfinders/target/release/pathfinding_algorithms)
           n1: 262132 0x2A0422: pathfinding_algorithms::main (in /home/killpop/Рабочий стол/some/pathfinders/target/release/pathfinding_algorithms)
            n1: 262132 0x2A7A52: std::sys::backtrace::__rust_begin_short_backtrace (in /home/killpop/Рабочий стол/some/pathfinders/target/release/pathfinding_algorithms)
             n1: 262132 0x273ED8: std::rt::lang_start::{{closure}} (in /home/killpop/Рабочий стол/some/pathfinders/target/release/pathfinding_algorithms)
              n1: 262132 0x5ABD43: std::rt::lang_start_internal (in /home/killpop/Рабочий стол/some/pathfinders/target/release/pathfinding_algorithms)
               n0: 262132 0x2A6A14: main (in /home/killpop/Рабочий стол/some/pathfinders/target/release/pathfinding_algorithms)
  n1: 162000 0x653ADBC: ??? (in /usr/lib/x86_64-linux-gnu/libnvidia-glcore.so.580.173.02)
   n1: 162000 0x654403F: ??? (in /usr/lib/x86_64-linux-gnu/libnvidia-glcore.so.580.173.02)
    n1: 162000 0x5F4C308: ??? (in /usr/lib/x86_64-linux-gnu/libnvidia-glcore.so.580.173.02)
     n1: 162000 0x53D43A0: ??? (in /usr/lib/x86_64-linux-gnu/libGLX_nvidia.so.580.173.02)
      n1: 162000 0x53D44D7: ??? (in /usr/lib/x86_64-linux-gnu/libGLX_nvidia.so.580.173.02)
       n1: 162000 0x53FA5E4: ??? (in /usr/lib/x86_64-linux-gnu/libGLX_nvidia.so.580.173.02)
        n1: 162000 0x53FF9E7: ??? (in /usr/lib/x86_64-linux-gnu/libGLX_nvidia.so.580.173.02)
         n1: 162000 0x53F4045: glXCreateContextAttribsARB (in /usr/lib/x86_64-linux-gnu/libGLX_nvidia.so.580.173.02)
          n1: 162000 0x5367E02: ??? (in /usr/lib/x86_64-linux-gnu/libGLX.so.0.0.0)
           n1: 162000 0x51CE30: glutin::api::glx::last_glx_error (in /home/killpop/Рабочий стол/some/pathfinders/target/release/pathfinding_algorithms)
            n1: 162000 0x5258A0: glutin::api::glx::context::<impl glutin::api::glx::display::Display>::create_context (in /home/killpop/Рабочий стол/some/pathfinders/target/release/pathfinding_algorithms)
             n1: 162000 0x52466D: <glutin::display::Display as glutin::display::GlDisplay>::create_context (in /home/killpop/Рабочий стол/some/pathfinders/target/release/pathfinding_algorithms)
              n1: 162000 0x3FB44B: glutin_window::GlutinWindow::from_raw (in /home/killpop/Рабочий стол/some/pathfinders/target/release/pathfinding_algorithms)
               n1: 162000 0x3FAC58: glutin_window::GlutinWindow::new (in /home/killpop/Рабочий стол/some/pathfinders/target/release/pathfinding_algorithms)
                n1: 162000 0x2B04F2: <piston_window::prelude::PistonWindow<W> as window::BuildFromWindowSettings>::build_from_window_settings (in /home/killpop/Рабочий стол/some/pathfinders/target/release/pathfinding_algorithms)
                 n1: 162000 0x2A0422: pathfinding_algorithms::main (in /home/killpop/Рабочий стол/some/pathfinders/target/release/pathfinding_algorithms)
                  n1: 162000 0x2A7A52: std::sys::backtrace::__rust_begin_short_backtrace (in /home/killpop/Рабочий стол/some/pathfinders/target/release/pathfinding_algorithms)
                   n1: 162000 0x273ED8: std::rt::lang_start::{{closure}} (in /home/killpop/Рабочий стол/some/pathfinders/target/release/pathfinding_algorithms)
                    n1: 162000 0x5ABD43: std::rt::lang_start_internal (in /home/killpop/Рабочий стол/some/pathfinders/target/release/pathfinding_algorithms)
                     n0: 162000 0x2A6A14: main (in /home/killpop/Рабочий стол/some/pathfinders/target/release/pathfinding_algorithms)
 n9: 2844302 0x5F5247D: ??? (in /usr/lib/x86_64-linux-gnu/libnvidia-glcore.so.580.173.02)
  n1: 825080 0x5F958BA: ??? (in /usr/lib/x86_64-linux-gnu/libnvidia-glcore.so.580.173.02)
   n1: 825080 0x5F96561: ??? (in /usr/lib/x86_64-linux-gnu/libnvidia-glcore.so.580.173.02)
    n1: 825080 0x5F80DCB: ??? (in /usr/lib/x86_64-linux-gnu/libnvidia-glcore.so.580.173.02)
     n1: 825080 0x5F3A8EB: ??? (in /usr/lib/x86_64-linux-gnu/libnvidia-glcore.so.580.173.02)
      n1: 825080 0x53D344F: ??? (in /usr/lib/x86_64-linux-gnu/libGLX_nvidia.so.580.173.02)
       n1: 825080 0x54010E9: ??? (in /usr/lib/x86_64-linux-gnu/libGLX_nvidia.so.580.173.02)
        n1: 825080 0x53605B1: ??? (in /usr/lib/x86_64-linux-gnu/libGLX.so.0.0.0)
         n1: 825080 0x53629A1: ??? (in /usr/lib/x86_64-linux-gnu/libGLX.so.0.0.0)
          n1: 825080 0x53675E4: ??? (in /usr/lib/x86_64-linux-gnu/libGLX.so.0.0.0)
           n1: 825080 0x3F120D: glutin::api::glx::last_glx_error (in /home/killpop/Рабочий стол/some/pathfinders/target/release/pathfinding_algorithms)
            n1: 825080 0x415855: <glutin::context::NotCurrentContext as glutin::context::NotCurrentGlContextSurfaceAccessor<T>>::make_current (in /home/killpop/Рабочий стол/some/pathfinders/target/release/pathfinding_algorithms)
             n1: 825080 0x3FB756: glutin_window::GlutinWindow::from_raw (in /home/killpop/Рабочий стол/some/pathfinders/target/release/pathfinding_algorithms)
              n1: 825080 0x3FAC58: glutin_window::GlutinWindow::new (in /home/killpop/Рабочий стол/some/pathfinders/target/release/pathfinding_algorithms)
               n1: 825080 0x2B04F2: <piston_window::prelude::PistonWindow<W> as window::BuildFromWindowSettings>::build_from_window_settings (in /home/killpop/Рабочий стол/some/pathfinders/target/release/pathfinding_algorithms)
                n1: 825080 0x2A0422: pathfinding_algorithms::main (in /home/killpop/Рабочий стол/some/pathfinders/target/release/pathfinding_algorithms)
                 n1: 825080 0x2A7A52: std::sys::backtrace::__rust_begin_short_backtrace (in /home/killpop/Рабочий стол/some/pathfinders/target/release/pathfinding_algorithms)
                  n1: 825080 0x273ED8: std::rt::lang_start::{{closure}} (in /home/killpop/Рабочий стол/some/pathfinders/target/release/pathfinding_algorithms)
                   n1: 825080 0x5ABD43: std::rt::lang_start_internal (in /home/killpop/Рабочий стол/some/pathfinders/target/release/pathfinding_algorithms)
                    n0: 825080 0x2A6A14: main (in /home/killpop/Рабочий стол/some/pathfinders/target/release/pathfinding_algorithms)
  n0: 780175 in 116 places, all below massif's threshold (1.00%)
  n1: 307311 0x5C75DBB: ??? (in /usr/lib/x86_64-linux-gnu/libnvidia-glcore.so.580.173.02)
   n1: 307311 0x53FAEBF: ??? (in /usr/lib/x86_64-linux-gnu/libGLX_nvidia.so.580.173.02)
    n1: 307311 0x5403FDB: ??? (in /usr/lib/x86_64-linux-gnu/libGLX_nvidia.so.580.173.02)
     n1: 307311 0x53D0A5A: ??? (in /usr/lib/x86_64-linux-gnu/libGLX_nvidia.so.580.173.02)
      n1: 307311 0x542C401: ??? (in /usr/lib/x86_64-linux-gnu/libGLX_nvidia.so.580.173.02)
       n1: 307311 0x53D0012: ??? (in /usr/lib/x86_64-linux-gnu/libGLX_nvidia.so.580.173.02)
        n1: 307311 0x4005823: call_init (dl-init.c:120)
         n1: 307311 0x4005823: _dl_init (dl-init.c:121)
          n1: 307311 0x40015B1: _dl_catch_exception (dl-catch.c:211)
           n1: 307311 0x400CD7B: dl_open_worker (dl-open.c:829)
            n1: 307311 0x400CD7B: dl_open_worker (dl-open.c:792)
             n1: 307311 0x400151B: _dl_catch_exception (dl-catch.c:237)
              n1: 307311 0x400D163: _dl_open (dl-open.c:905)
               n1: 307311 0x4A22283: dlopen_doit (dlopen.c:56)
                n1: 307311 0x400151B: _dl_catch_exception (dl-catch.c:237)
                 n1: 307311 0x4001668: _dl_catch_error (dl-catch.c:256)
                  n1: 307311 0x4A21D62: _dlerror_run (dlerror.c:138)
                   n1: 307311 0x4A2233E: dlopen_implementation (dlopen.c:71)
                    n1: 307311 0x4A2233E: dlopen@@GLIBC_2.34 (dlopen.c:81)
                     n1: 307311 0x536530A: ??? (in /usr/lib/x86_64-linux-gnu/libGLX.so.0.0.0)
                      n1: 307311 0x5367BAC: ??? (in /usr/lib/x86_64-linux-gnu/libGLX.so.0.0.0)
                       n1: 307311 0x53683B5: glXGetClientString (in /usr/lib/x86_64-linux-gnu/libGLX.so.0.0.0)
                        n1: 307311 0x525B1E: glutin::api::glx::display::Display::new (in /home/killpop/Рабочий стол/some/pathfinders/target/release/pathfinding_algorithms)
                         n1: 307311 0x524347: glutin::display::Display::new (in /home/killpop/Рабочий стол/some/pathfinders/target/release/pathfinding_algorithms)
                          n1: 307311 0x415B79: glutin_winit::DisplayBuilder::build (in /home/killpop/Рабочий стол/some/pathfinders/target/release/pathfinding_algorithms)
                           n1: 307311 0x3FAF27: glutin_window::GlutinWindow::from_raw (in /home/killpop/Рабочий стол/some/pathfinders/target/release/pathfinding_algorithms)
                            n1: 307311 0x3FAC58: glutin_window::GlutinWindow::new (in /home/killpop/Рабочий стол/some/pathfinders/target/release/pathfinding_algorithms)
                             n1: 307311 0x2B04F2: <piston_window::prelude::PistonWindow<W> as window::BuildFromWindowSettings>::build_from_window_settings (in /home/killpop/Рабочий стол/some/pathfinders/target/release/pathfinding_algorithms)
                              n1: 307311 0x2A0422: pathfinding_algorithms::main (in /home/killpop/Рабочий стол/some/pathfinders/target/release/pathfinding_algorithms)
                               n1: 307311 0x2A7A52: std::sys::backtrace::__rust_begin_short_backtrace (in /home/killpop/Рабочий стол/some/pathfinders/target/release/pathfinding_algorithms)
                                n1: 307311 0x273ED8: std::rt::lang_start::{{closure}} (in /home/killpop/Рабочий стол/some/pathfinders/target/release/pathfinding_algorithms)
                                 n0: 307311 0x5ABD43: std::rt::lang_start_internal (in /home/killpop/Рабочий стол/some/pathfinders/target/release/pathfinding_algorithms)
  n1: 171760 0x5F6FCFE: ??? (in /usr/lib/x86_64-linux-gnu/libnvidia-glcore.so.580.173.02)
   n1: 171760 0x5F81285: ??? (in /usr/lib/x86_64-linux-gnu/libnvidia-glcore.so.580.173.02)
    n1: 171760 0x5F3A8EB: ??? (in /usr/lib/x86_64-linux-gnu/libnvidia-glcore.so.580.173.02)
     n1: 171760 0x53D344F: ??? (in /usr/lib/x86_64-linux-gnu/libGLX_nvidia.so.580.173.02)
      n1: 171760 0x54010E9: ??? (in /usr/lib/x86_64-linux-gnu/libGLX_nvidia.so.580.173.02)
       n1: 171760 0x53605B1: ??? (in /usr/lib/x86_64-linux-gnu/libGLX.so.0.0.0)
        n1: 171760 0x53629A1: ??? (in /usr/lib/x86_64-linux-gnu/libGLX.so.0.0.0)
         n1: 171760 0x53675E4: ??? (in /usr/lib/x86_64-linux-gnu/libGLX.so.0.0.0)
          n1: 171760 0x3F120D: glutin::api::glx::last_glx_error (in /home/killpop/Рабочий стол/some/pathfinders/target/release/pathfinding_algorithms)
           n1: 171760 0x415855: <glutin::context::NotCurrentContext as glutin::context::NotCurrentGlContextSurfaceAccessor<T>>::make_current (in /home/killpop/Рабочий стол/some/pathfinders/target/release/pathfinding_algorithms)
            n1: 171760 0x3FB756: glutin_window::GlutinWindow::from_raw (in /home/killpop/Рабочий стол/some/pathfinders/target/release/pathfinding_algorithms)
             n1: 171760 0x3FAC58: glutin_window::GlutinWindow::new (in /home/killpop/Рабочий стол/some/pathfinders/target/release/pathfinding_algorithms)
              n1: 171760 0x2B04F2: <piston_window::prelude::PistonWindow<W> as window::BuildFromWindowSettings>::build_from_window_settings (in /home/killpop/Рабочий стол/some/pathfinders/target/release/pathfinding_algorithms)
               n1: 171760 0x2A0422: pathfinding_algorithms::main (in /home/killpop/Рабочий стол/some/pathfinders/target/release/pathfinding_algorithms)
                n1: 171760 0x2A7A52: std::sys::backtrace::__rust_begin_short_backtrace (in /home/killpop/Рабочий стол/some/pathfinders/target/release/pathfinding_algorithms)
                 n1: 171760 0x273ED8: std::rt::lang_start::{{closure}} (in /home/killpop/Рабочий стол/some/pathfinders/target/release/pathfinding_algorithms)
                  n1: 171760 0x5ABD43: std::rt::lang_start_internal (in /home/killpop/Рабочий стол/some/pathfinders/target/release/pathfinding_algorithms)
                   n0: 171760 0x2A6A14: main (in /home/killpop/Рабочий стол/some/pathfinders/target/release/pathfinding_algorithms)
  n1: 167504 0x53D4323: ??? (in /usr/lib/x86_64-linux-gnu/libGLX_nvidia.so.580.173.02)
   n1: 167504 0x53D44D7: ??? (in /usr/lib/x86_64-linux-gnu/libGLX_nvidia.so.580.173.02)
    n1: 167504 0x53FA5E4: ??? (in /usr/lib/x86_64-linux-gnu/libGLX_nvidia.so.580.173.02)
     n1: 167504 0x53FF9E7: ??? (in /usr/lib/x86_64-linux-gnu/libGLX_nvidia.so.580.173.02)
      n1: 167504 0x53F4045: glXCreateContextAttribsARB (in /usr/lib/x86_64-linux-gnu/libGLX_nvidia.so.580.173.02)
       n1: 167504 0x5367E02: ??? (in /usr/lib/x86_64-linux-gnu/libGLX.so.0.0.0)
        n1: 167504 0x51CE30: glutin::api::glx::last_glx_error (in /home/killpop/Рабочий стол/some/pathfinders/target/release/pathfinding_algorithms)
         n1: 167504 0x5258A0: glutin::api::glx::context::<impl glutin::api::glx::display::Display>::create_context (in /home/killpop/Рабочий стол/some/pathfinders/target/release/pathfinding_algorithms)
          n1: 167504 0x52466D: <glutin::display::Display as glutin::display::GlDisplay>::create_context (in /home/killpop/Рабочий стол/some/pathfinders/target/release/pathfinding_algorithms)
           n1: 167504 0x3FB44B: glutin_window::GlutinWindow::from_raw (in /home/killpop/Рабочий стол/some/pathfinders/target/release/pathfinding_algorithms)
            n1: 167504 0x3FAC58: glutin_window::GlutinWindow::new (in /home/killpop/Рабочий стол/some/pathfinders/target/release/pathfinding_algorithms)
             n1: 167504 0x2B04F2: <piston_window::prelude::PistonWindow<W> as window::BuildFromWindowSettings>::build_from_window_settings (in /home/killpop/Рабочий стол/some/pathfinders/target/release/pathfinding_algorithms)
              n1: 167504 0x2A0422: pathfinding_algorithms::main (in /home/killpop/Рабочий стол/some/pathfinders/target/release/pathfinding_algorithms)
               n1: 167504 0x2A7A52: std::sys::backtrace::__rust_begin_short_backtrace (in /home/killpop/Рабочий стол/some/pathfinders/target/release/pathfinding_algorithms)
                n1: 167504 0x273ED8: std::rt::lang_start::{{closure}} (in /home/killpop/Рабочий стол/some/pathfinders/target/release/pathfinding_algorithms)
                 n1: 167504 0x5ABD43: std::rt::lang_start_internal (in /home/killpop/Рабочий стол/some/pathfinders/target/release/pathfinding_algorithms)
                  n0: 167504 0x2A6A14: main (in /home/killpop/Рабочий стол/some/pathfinders/target/release/pathfinding_algorithms)
  n1: 163840 0x5FC2EB6: ??? (in /usr/lib/x86_64-linux-gnu/libnvidia-glcore.so.580.173.02)
   n1: 163840 0x5F95B81: ??? (in /usr/lib/x86_64-linux-gnu/libnvidia-glcore.so.580.173.02)
    n1: 163840 0x5F96561: ??? (in /usr/lib/x86_64-linux-gnu/libnvidia-glcore.so.580.173.02)
     n1: 163840 0x5F80DCB: ??? (in /usr/lib/x86_64-linux-gnu/libnvidia-glcore.so.580.173.02)
      n1: 163840 0x5F3A8EB: ??? (in /usr/lib/x86_64-linux-gnu/libnvidia-glcore.so.580.173.02)
       n1: 163840 0x53D344F: ??? (in /usr/lib/x86_64-linux-gnu/libGLX_nvidia.so.580.173.02)
        n1: 163840 0x54010E9: ??? (in /usr/lib/x86_64-linux-gnu/libGLX_nvidia.so.580.173.02)
         n1: 163840 0x53605B1: ??? (in /usr/lib/x86_64-linux-gnu/libGLX.so.0.0.0)
          n1: 163840 0x53629A1: ??? (in /usr/lib/x86_64-linux-gnu/libGLX.so.0.0.0)
           n1: 163840 0x53675E4: ??? (in /usr/lib/x86_64-linux-gnu/libGLX.so.0.0.0)
            n1: 163840 0x3F120D: glutin::api::glx::last_glx_error (in /home/killpop/Рабочий стол/some/pathfinders/target/release/pathfinding_algorithms)
             n1: 163840 0x415855: <glutin::context::NotCurrentContext as glutin::context::NotCurrentGlContextSurfaceAccessor<T>>::make_current (in /home/killpop/Рабочий стол/some/pathfinders/target/release/pathfinding_algorithms)
              n1: 163840 0x3FB756: glutin_window::GlutinWindow::from_raw (in /home/killpop/Рабочий стол/some/pathfinders/target/release/pathfinding_algorithms)
               n1: 163840 0x3FAC58: glutin_window::GlutinWindow::new (in /home/killpop/Рабочий стол/some/pathfinders/target/release/pathfinding_algorithms)
                n1: 163840 0x2B04F2: <piston_window::prelude::PistonWindow<W> as window::BuildFromWindowSettings>::build_from_window_settings (in /home/killpop/Рабочий стол/some/pathfinders/target/release/pathfinding_algorithms)
                 n1: 163840 0x2A0422: pathfinding_algorithms::main (in /home/killpop/Рабочий стол/some/pathfinders/target/release/pathfinding_algorithms)
                  n1: 163840 0x2A7A52: std::sys::backtrace::__rust_begin_short_backtrace (in /home/killpop/Рабочий стол/some/pathfinders/target/release/pathfinding_algorithms)
                   n1: 163840 0x273ED8: std::rt::lang_start::{{closure}} (in /home/killpop/Рабочий стол/some/pathfinders/target/release/pathfinding_algorithms)
                    n1: 163840 0x5ABD43: std::rt::lang_start_internal (in /home/killpop/Рабочий стол/some/pathfinders/target/release/pathfinding_algorithms)
                     n0: 163840 0x2A6A14: main (in /home/killpop/Рабочий стол/some/pathfinders/target/release/pathfinding_algorithms)
  n1: 154512 0x5F95879: ??? (in /usr/lib/x86_64-linux-gnu/libnvidia-glcore.so.580.173.02)
   n1: 154512 0x5F96561: ??? (in /usr/lib/x86_64-linux-gnu/libnvidia-glcore.so.580.173.02)
    n1: 154512 0x5F80DCB: ??? (in /usr/lib/x86_64-linux-gnu/libnvidia-glcore.so.580.173.02)
     n1: 154512 0x5F3A8EB: ??? (in /usr/lib/x86_64-linux-gnu/libnvidia-glcore.so.580.173.02)
      n1: 154512 0x53D344F: ??? (in /usr/lib/x86_64-linux-gnu/libGLX_nvidia.so.580.173.02)
       n1: 154512 0x54010E9: ??? (in /usr/lib/x86_64-linux-gnu/libGLX_nvidia.so.580.173.02)
        n1: 154512 0x53605B1: ??? (in /usr/lib/x86_64-linux-gnu/libGLX.so.0.0.0)
         n1: 154512 0x53629A1: ??? (in /usr/lib/x86_64-linux-gnu/libGLX.so.0.0.0)
          n1: 154512 0x53675E4: ??? (in /usr/lib/x86_64-linux-gnu/libGLX.so.0.0.0)
           n1: 154512 0x3F120D: glutin::api::glx::last_glx_error (in /home/killpop/Рабочий стол/some/pathfinders/target/release/pathfinding_algorithms)
            n1: 154512 0x415855: <glutin::context::NotCurrentContext as glutin::context::NotCurrentGlContextSurfaceAccessor<T>>::make_current (in /home/killpop/Рабочий стол/some/pathfinders/target/release/pathfinding_algorithms)
             n1: 154512 0x3FB756: glutin_window::GlutinWindow::from_raw (in /home/killpop/Рабочий стол/some/pathfinders/target/release/pathfinding_algorithms)
              n1: 154512 0x3FAC58: glutin_window::GlutinWindow::new (in /home/killpop/Рабочий стол/some/pathfinders/target/release/pathfinding_algorithms)
               n1: 154512 0x2B04F2: <piston_window::prelude::PistonWindow<W> as window::BuildFromWindowSettings>::build_from_window_settings (in /home/killpop/Рабочий стол/some/pathfinders/target/release/pathfinding_algorithms)
                n1: 154512 0x2A0422: pathfinding_algorithms::main (in /home/killpop/Рабочий стол/some/pathfinders/target/release/pathfinding_algorithms)
                 n1: 154512 0x2A7A52: std::sys::backtrace::__rust_begin_short_backtrace (in /home/killpop/Рабочий стол/some/pathfinders/target/release/pathfinding_algorithms)
                  n1: 154512 0x273ED8: std::rt::lang_start::{{closure}} (in /home/killpop/Рабочий стол/some/pathfinders/target/release/pathfinding_algorithms)
                   n1: 154512 0x5ABD43: std::rt::lang_start_internal (in /home/killpop/Рабочий стол/some/pathfinders/target/release/pathfinding_algorithms)
                    n0: 154512 0x2A6A14: main (in /home/killpop/Рабочий стол/some/pathfinders/target/release/pathfinding_algorithms)
  n1: 150472 0x5F3836F: ??? (in /usr/lib/x86_64-linux-gnu/libnvidia-glcore.so.580.173.02)
   n1: 150472 0x5F4C655: ??? (in /usr/lib/x86_64-linux-gnu/libnvidia-glcore.so.580.173.02)
    n1: 150472 0x53D43A0: ??? (in /usr/lib/x86_64-linux-gnu/libGLX_nvidia.so.580.173.02)
     n1: 150472 0x53D44D7: ??? (in /usr/lib/x86_64-linux-gnu/libGLX_nvidia.so.580.173.02)
      n1: 150472 0x53FA5E4: ??? (in /usr/lib/x86_64-linux-gnu/libGLX_nvidia.so.580.173.02)
       n1: 150472 0x53FF9E7: ??? (in /usr/lib/x86_64-linux-gnu/libGLX_nvidia.so.580.173.02)
        n1: 150472 0x53F4045: glXCreateContextAttribsARB (in /usr/lib/x86_64-linux-gnu/libGLX_nvidia.so.580.173.02)
         n1: 150472 0x5367E02: ??? (in /usr/lib/x86_64-linux-gnu/libGLX.so.0.0.0)
          n1: 150472 0x51CE30: glutin::api::glx::last_glx_error (in /home/killpop/Рабочий стол/some/pathfinders/target/release/pathfinding_algorithms)
           n1: 150472 0x5258A0: glutin::api::glx::context::<impl glutin::api::glx::display::Display>::create_context (in /home/killpop/Рабочий стол/some/pathfinders/target/release/pathfinding_algorithms)
            n1: 150472 0x52466D: <glutin::display::Display as glutin::display::GlDisplay>::create_context (in /home/killpop/Рабочий стол/some/pathfinders/target/release/pathfinding_algorithms)
             n1: 150472 0x3FB44B: glutin_window::GlutinWindow::from_raw (in /home/killpop/Рабочий стол/some/pathfinders/target/release/pathfinding_algorithms)
              n1: 150472 0x3FAC58: glutin_window::GlutinWindow::new (in /home/killpop/Рабочий стол/some/pathfinders/target/release/pathfinding_algorithms)
               n1: 150472 0x2B04F2: <piston_window::prelude::PistonWindow<W> as window::BuildFromWindowSettings>::build_from_window_settings (in /home/killpop/Рабочий стол/some/pathfinders/target/release/pathfinding_algorithms)
                n1: 150472 0x2A0422: pathfinding_algorithms::main (in /home/killpop/Рабочий стол/some/pathfinders/target/release/pathfinding_algorithms)
                 n1: 150472 0x2A7A52: std::sys::backtrace::__rust_begin_short_backtrace (in /home/killpop/Рабочий стол/some/pathfinders/target/release/pathfinding_algorithms)
                  n1: 150472 0x273ED8: std::rt::lang_start::{{closure}} (in /home/killpop/Рабочий стол/some/pathfinders/target/release/pathfinding_algorithms)
                   n1: 150472 0x5ABD43: std::rt::lang_start_internal (in /home/killpop/Рабочий стол/some/pathfinders/target/release/pathfinding_algorithms)
                    n0: 150472 0x2A6A14: main (in /home/killpop/Рабочий стол/some/pathfinders/target/release/pathfinding_algorithms)
  n1: 123648 0x65CBF3F: ??? (in /usr/lib/x86_64-linux-gnu/libnvidia-glcore.so.580.173.02)
   n0: 123648 in 8 places, all below massif's threshold (1.00%)
 n0: 797698 in 442 places, all below massif's threshold (1.00%)
 n3: 569056 0x57AB7E: alloc::raw_vec::RawVecInner<A>::finish_grow (in /home/killpop/Рабочий стол/some/pathfinders/target/release/pathfinding_algorithms)
  n2: 330240 0x57A999: alloc::raw_vec::RawVec<T,A>::grow_one (in /home/killpop/Рабочий стол/some/pathfinders/target/release/pathfinding_algorithms)
   n2: 327680 0x567E12: <gfx_device_gl::command::CommandBuffer as gfx_core::command::Buffer<gfx_device_gl::Resources>>::update_buffer (in /home/killpop/Рабочий стол/some/pathfinders/target/release/pathfinding_algorithms)
    n1: 327680 0x2B22AF: gfx::encoder::Encoder<R,C>::update_buffer (in /home/killpop/Рабочий стол/some/pathfinders/target/release/pathfinding_algorithms)
     n1: 327680 0x28978F: <gfx_graphics::back_end::GfxGraphics<R,C> as graphics::graphics::Graphics>::tri_list (in /home/killpop/Рабочий стол/some/pathfinders/target/release/pathfinding_algorithms)
      n1: 327680 0x29B612: graphics::rectangle::Rectangle::draw_tri (in /home/killpop/Рабочий стол/some/pathfinders/target/release/pathfinding_algorithms)
       n1: 327680 0x29FC1B: pathfinding_algorithms::presentation::renderer::Renderer::render_field (in /home/killpop/Рабочий стол/some/pathfinders/target/release/pathfinding_algorithms)
        n1: 327680 0x2780EB: pathfinding_algorithms::presentation::app::App::render (in /home/killpop/Рабочий стол/some/pathfinders/target/release/pathfinding_algorithms)
         n1: 327680 0x285385: gfx_graphics::back_end::Gfx2d<R>::draw (in /home/killpop/Рабочий стол/some/pathfinders/target/release/pathfinding_algorithms)
          n1: 327680 0x2A0993: pathfinding_algorithms::main (in /home/killpop/Рабочий стол/some/pathfinders/target/release/pathfinding_algorithms)
           n1: 327680 0x2A7A52: std::sys::backtrace::__rust_begin_short_backtrace (in /home/killpop/Рабочий стол/some/pathfinders/target/release/pathfinding_algorithms)
            n1: 327680 0x273ED8: std::rt::lang_start::{{closure}} (in /home/killpop/Рабочий стол/some/pathfinders/target/release/pathfinding_algorithms)
             n1: 327680 0x5ABD43: std::rt::lang_start_internal (in /home/killpop/Рабочий стол/some/pathfinders/target/release/pathfinding_algorithms)
              n0: 327680 0x2A6A14: main (in /home/killpop/Рабочий стол/some/pathfinders/target/release/pathfinding_algorithms)
    n0: 0 in 2 places, all below massif's threshold (1.00%)
   n0: 2560 in 4 places, all below massif's threshold (1.00%)
  n1: 200608 0x57AC33: alloc::raw_vec::RawVecInner<A>::reserve::do_reserve_and_handle (in /home/killpop/Рабочий стол/some/pathfinders/target/release/pathfinding_algorithms)
   n0: 200608 in 7 places, all below massif's threshold (1.00%)
  n0: 38208 in 1 place, below massif's threshold (1.00%)
 n1: 241664 0x52D64D7: ??? (in /usr/lib/x86_64-linux-gnu/libGLdispatch.so.0.0.0)
  n1: 241664 0x52D6C11: ??? (in /usr/lib/x86_64-linux-gnu/libGLdispatch.so.0.0.0)
   n1: 241664 0x52D6E68: __glDispatchMakeCurrent (in /usr/lib/x86_64-linux-gnu/libGLdispatch.so.0.0.0)
    n1: 241664 0x5362923: ??? (in /usr/lib/x86_64-linux-gnu/libGLX.so.0.0.0)
     n1: 241664 0x53675E4: ??? (in /usr/lib/x86_64-linux-gnu/libGLX.so.0.0.0)
      n1: 241664 0x3F120D: glutin::api::glx::last_glx_error (in /home/killpop/Рабочий стол/some/pathfinders/target/release/pathfinding_algorithms)
       n1: 241664 0x415855: <glutin::context::NotCurrentContext as glutin::context::NotCurrentGlContextSurfaceAccessor<T>>::make_current (in /home/killpop/Рабочий стол/some/pathfinders/target/release/pathfinding_algorithms)
        n1: 241664 0x3FB756: glutin_window::GlutinWindow::from_raw (in /home/killpop/Рабочий стол/some/pathfinders/target/release/pathfinding_algorithms)
         n1: 241664 0x3FAC58: glutin_window::GlutinWindow::new (in /home/killpop/Рабочий стол/some/pathfinders/target/release/pathfinding_algorithms)
          n1: 241664 0x2B04F2: <piston_window::prelude::PistonWindow<W> as window::BuildFromWindowSettings>::build_from_window_settings (in /home/killpop/Рабочий стол/some/pathfinders/target/release/pathfinding_algorithms)
           n1: 241664 0x2A0422: pathfinding_algorithms::main (in /home/killpop/Рабочий стол/some/pathfinders/target/release/pathfinding_algorithms)
            n1: 241664 0x2A7A52: std::sys::backtrace::__rust_begin_short_backtrace (in /home/killpop/Рабочий стол/some/pathfinders/target/release/pathfinding_algorithms)
             n1: 241664 0x273ED8: std::rt::lang_start::{{closure}} (in /home/killpop/Рабочий стол/some/pathfinders/target/release/pathfinding_algorithms)
              n1: 241664 0x5ABD43: std::rt::lang_start_internal (in /home/killpop/Рабочий стол/some/pathfinders/target/release/pathfinding_algorithms)
               n0: 241664 0x2A6A14: main (in /home/killpop/Рабочий стол/some/pathfinders/target/release/pathfinding_algorithms)
 n1: 149594 0x9B5EE4D: ??? (in /usr/lib/x86_64-linux-gnu/libnvidia-gpucomp.so.580.173.02)
  n1: 149594 0x9B0E478: ??? (in /usr/lib/x86_64-linux-gnu/libnvidia-gpucomp.so.580.173.02)
   n1: 149594 0x82C24BF: ??? (in /usr/lib/x86_64-linux-gnu/libnvidia-gpucomp.so.580.173.02)
    n0: 149594 in 58 places, all below massif's threshold (1.00%)
 n1: 110592 0x5250557: ??? (in /usr/lib/x86_64-linux-gnu/libGL.so.1.7.0)
  n1: 110592 0x52D6C11: ??? (in /usr/lib/x86_64-linux-gnu/libGLdispatch.so.0.0.0)
   n1: 110592 0x52D6E68: __glDispatchMakeCurrent (in /usr/lib/x86_64-linux-gnu/libGLdispatch.so.0.0.0)
    n1: 110592 0x5362923: ??? (in /usr/lib/x86_64-linux-gnu/libGLX.so.0.0.0)
     n1: 110592 0x53675E4: ??? (in /usr/lib/x86_64-linux-gnu/libGLX.so.0.0.0)
      n1: 110592 0x3F120D: glutin::api::glx::last_glx_error (in /home/killpop/Рабочий стол/some/pathfinders/target/release/pathfinding_algorithms)
       n1: 110592 0x415855: <glutin::context::NotCurrentContext as glutin::context::NotCurrentGlContextSurfaceAccessor<T>>::make_current (in /home/killpop/Рабочий стол/some/pathfinders/target/release/pathfinding_algorithms)
        n1: 110592 0x3FB756: glutin_window::GlutinWindow::from_raw (in /home/killpop/Рабочий стол/some/pathfinders/target/release/pathfinding_algorithms)
         n1: 110592 0x3FAC58: glutin_window::GlutinWindow::new (in /home/killpop/Рабочий стол/some/pathfinders/target/release/pathfinding_algorithms)
          n1: 110592 0x2B04F2: <piston_window::prelude::PistonWindow<W> as window::BuildFromWindowSettings>::build_from_window_settings (in /home/killpop/Рабочий стол/some/pathfinders/target/release/pathfinding_algorithms)
           n1: 110592 0x2A0422: pathfinding_algorithms::main (in /home/killpop/Рабочий стол/some/pathfinders/target/release/pathfinding_algorithms)
            n1: 110592 0x2A7A52: std::sys::backtrace::__rust_begin_short_backtrace (in /home/killpop/Рабочий стол/some/pathfinders/target/release/pathfinding_algorithms)
             n1: 110592 0x273ED8: std::rt::lang_start::{{closure}} (in /home/killpop/Рабочий стол/some/pathfinders/target/release/pathfinding_algorithms)
              n1: 110592 0x5ABD43: std::rt::lang_start_internal (in /home/killpop/Рабочий стол/some/pathfinders/target/release/pathfinding_algorithms)
               n0: 110592 0x2A6A14: main (in /home/killpop/Рабочий стол/some/pathfinders/target/release/pathfinding_algorithms)
 n2: 104788 0x436FFD: hashbrown::raw::RawTableInner::fallible_with_capacity (in /home/killpop/Рабочий стол/some/pathfinders/target/release/pathfinding_algorithms)
  n1: 102416 0x442556: core::ops::function::FnOnce::call_once (in /home/killpop/Рабочий стол/some/pathfinders/target/release/pathfinding_algorithms)
   n1: 102416 0x431B49: once_cell::imp::OnceCell<T>::initialize::{{closure}} (in /home/killpop/Рабочий стол/some/pathfinders/target/release/pathfinding_algorithms)
    n1: 102416 0x544A3B: once_cell::imp::initialize_or_wait (in /home/killpop/Рабочий стол/some/pathfinders/target/release/pathfinding_algorithms)
     n1: 102416 0x431661: once_cell::imp::OnceCell<T>::initialize (in /home/killpop/Рабочий стол/some/pathfinders/target/release/pathfinding_algorithms)
      n1: 102416 0x4436CD: winit::platform_impl::platform::x11::util::atom::<impl winit::platform_impl::platform::x11::xdisplay::XConnection>::get_atom_unchecked (in /home/killpop/Рабочий стол/some/pathfinders/target/release/pathfinding_algorithms)
       n1: 102416 0x3D5DAE: winit::platform_impl::platform::x11::EventLoop<T>::new (in /home/killpop/Рабочий стол/some/pathfinders/target/release/pathfinding_algorithms)
        n1: 102416 0x41A737: winit::platform_impl::platform::EventLoop<T>::new (in /home/killpop/Рабочий стол/some/pathfinders/target/release/pathfinding_algorithms)
         n1: 102416 0x3FA5DF: glutin_window::GlutinWindow::new (in /home/killpop/Рабочий стол/some/pathfinders/target/release/pathfinding_algorithms)
          n1: 102416 0x2B04F2: <piston_window::prelude::PistonWindow<W> as window::BuildFromWindowSettings>::build_from_window_settings (in /home/killpop/Рабочий стол/some/pathfinders/target/release/pathfinding_algorithms)
           n1: 102416 0x2A0422: pathfinding_algorithms::main (in /home/killpop/Рабочий стол/some/pathfinders/target/release/pathfinding_algorithms)
            n1: 102416 0x2A7A52: std::sys::backtrace::__rust_begin_short_backtrace (in /home/killpop/Рабочий стол/some/pathfinders/target/release/pathfinding_algorithms)
             n1: 102416 0x273ED8: std::rt::lang_start::{{closure}} (in /home/killpop/Рабочий стол/some/pathfinders/target/release/pathfinding_algorithms)
              n1: 102416 0x5ABD43: std::rt::lang_start_internal (in /home/killpop/Рабочий стол/some/pathfinders/target/release/pathfinding_algorithms)
               n0: 102416 0x2A6A14: main (in /home/killpop/Рабочий стол/some/pathfinders/target/release/pathfinding_algorithms)
  n0: 2372 in 3 places, all below massif's threshold (1.00%)
#-----------
snapshot=33
#-----------
time=1832700403
mem_heap_B=10013577
mem_heap_extra_B=115567
mem_stacks_B=0
heap_tree=empty
#-----------
snapshot=34
#-----------
time=1895229508
mem_heap_B=10013993
mem_heap_extra_B=115583
mem_stacks_B=0
heap_tree=empty
#-----------
snapshot=35
#-----------
time=1936914951
mem_heap_B=10012553
mem_heap_extra_B=115543
mem_stacks_B=0
heap_tree=empty
#-----------
snapshot=36
#-----------
time=1979045129
mem_heap_B=10012745
mem_heap_extra_B=115551
mem_stacks_B=0
heap_tree=empty
#-----------
snapshot=37
#-----------
time=2041573315
mem_heap_B=10013161
mem_heap_extra_B=115567
mem_stacks_B=0
heap_tree=empty
#-----------
snapshot=38
#-----------
time=2083258641
mem_heap_B=10013577
mem_heap_extra_B=115583
mem_stacks_B=0
heap_tree=empty
#-----------
snapshot=39
#-----------
time=2145786934
mem_heap_B=10013985
mem_heap_extra_B=115583
mem_stacks_B=0
heap_tree=empty
#-----------
snapshot=40
#-----------
time=2187472995
mem_heap_B=10012329
mem_heap_extra_B=115519
mem_stacks_B=0
heap_tree=empty
#-----------
snapshot=41
#-----------
time=2250000757
mem_heap_B=10012745
mem_heap_extra_B=115551
mem_stacks_B=0
heap_tree=empty
#-----------
snapshot=42
#-----------
time=2333372112
mem_heap_B=9995521
mem_heap_extra_B=115495
mem_stacks_B=0
heap_tree=empty
#-----------
snapshot=43
#-----------
time=2375057946
mem_heap_B=9995937
mem_heap_extra_B=115495
mem_stacks_B=0
heap_tree=detailed
n8: 9995937 (heap allocation functions) malloc/new/new[], --alloc-fns, etc.
 n6: 5195259 0x5F521C1: ??? (in /usr/lib/x86_64-linux-gnu/libnvidia-glcore.so.580.173.02)
  n2: 2463597 0x5C76E4A: ??? (in /usr/lib/x86_64-linux-gnu/libnvidia-glcore.so.580.173.02)
   n1: 2463597 0x5C5A175: ??? (in /usr/lib/x86_64-linux-gnu/libnvidia-glcore.so.580.173.02)
    n1: 2463597 0x5C5EF6F: ??? (in /usr/lib/x86_64-linux-gnu/libnvidia-glcore.so.580.173.02)
     n1: 2463597 0x57603E: gfx_device_gl::factory::Factory::init_buffer (in /home/killpop/Рабочий стол/some/pathfinders/target/release/pathfinding_algorithms)
      n3: 2463597 0x575286: <gfx_device_gl::factory::Factory as gfx_core::factory::Factory<gfx_device_gl::Resources>>::create_buffer_raw (in /home/killpop/Рабочий стол/some/pathfinders/target/release/pathfinding_algorithms)
       n1: 1636871 0x281B30: gfx_graphics::back_end::Gfx2d<R>::new (in /home/killpop/Рабочий стол/some/pathfinders/target/release/pathfinding_algorithms)
        n1: 1636871 0x2B0DA1: <piston_window::prelude::PistonWindow<W> as window::BuildFromWindowSettings>::build_from_window_settings (in /home/killpop/Рабочий стол/some/pathfinders/target/release/pathfinding_algorithms)
         n1: 1636871 0x2A0422: pathfinding_algorithms::main (in /home/killpop/Рабочий стол/some/pathfinders/target/release/pathfinding_algorithms)
          n1: 1636871 0x2A7A52: std::sys::backtrace::__rust_begin_short_backtrace (in /home/killpop/Рабочий стол/some/pathfinders/target/release/pathfinding_algorithms)
           n1: 1636871 0x273ED8: std::rt::lang_start::{{closure}} (in /home/killpop/Рабочий стол/some/pathfinders/target/release/pathfinding_algorithms)
            n1: 1636871 0x5ABD43: std::rt::lang_start_internal (in /home/killpop/Рабочий стол/some/pathfinders/target/release/pathfinding_algorithms)
             n0: 1636871 0x2A6A14: main (in /home/killpop/Рабочий стол/some/pathfinders/target/release/pathfinding_algorithms)
       n1: 818471 0x281ACF: gfx_graphics::back_end::Gfx2d<R>::new (in /home/killpop/Рабочий стол/some/pathfinders/target/release/pathfinding_algorithms)
        n1: 818471 0x2B0DA1: <piston_window::prelude::PistonWindow<W> as window::BuildFromWindowSettings>::build_from_window_settings (in /home/killpop/Рабочий стол/some/pathfinders/target/release/pathfinding_algorithms)
         n1: 818471 0x2A0422: pathfinding_algorithms::main (in /home/killpop/Рабочий стол/some/pathfinders/target/release/pathfinding_algorithms)
          n1: 818471 0x2A7A52: std::sys::backtrace::__rust_begin_short_backtrace (in /home/killpop/Рабочий стол/some/pathfinders/target/release/pathfinding_algorithms)
           n1: 818471 0x273ED8: std::rt::lang_start::{{closure}} (in /home/killpop/Рабочий стол/some/pathfinders/target/release/pathfinding_algorithms)
            n1: 818471 0x5ABD43: std::rt::lang_start_internal (in /home/killpop/Рабочий стол/some/pathfinders/target/release/pathfinding_algorithms)
             n0: 818471 0x2A6A14: main (in /home/killpop/Рабочий стол/some/pathfinders/target/release/pathfinding_algorithms)
       n0: 8255 in 1 place, below massif's threshold (1.00%)
   n0: 0 in 1 place, below massif's threshold (1.00%)
  n1: 1638400 0x5C0DD8F: ??? (in /usr/lib/x86_64-linux-gnu/libnvidia-glcore.so.580.173.02)
   n1: 1638400 0x5F88378: ??? (in /usr/lib/x86_64-linux-gnu/libnvidia-glcore.so.580.173.02)
    n1: 1638400 0x5F3A724: ??? (in /usr/lib/x86_64-linux-gnu/libnvidia-glcore.so.580.173.02)
     n1: 1638400 0x53D313F: ??? (in /usr/lib/x86_64-linux-gnu/libGLX_nvidia.so.580.173.02)
      n1: 1638400 0x53FA624: ??? (in /usr/lib/x86_64-linux-gnu/libGLX_nvidia.so.580.173.02)
       n1: 1638400 0x53FF9E7: ??? (in /usr/lib/x86_64-linux-gnu/libGLX_nvidia.so.580.173.02)
        n1: 1638400 0x53F4045: glXCreateContextAttribsARB (in /usr/lib/x86_64-linux-gnu/libGLX_nvidia.so.580.173.02)
         n1: 1638400 0x5367E02: ??? (in /usr/lib/x86_64-linux-gnu/libGLX.so.0.0.0)
          n1: 1638400 0x51CE30: glutin::api::glx::last_glx_error (in /home/killpop/Рабочий стол/some/pathfinders/target/release/pathfinding_algorithms)
           n1: 1638400 0x5258A0: glutin::api::glx::context::<impl glutin::api::glx::display::Display>::create_context (in /home/killpop/Рабочий стол/some/pathfinders/target/release/pathfinding_algorithms)
            n1: 1638400 0x52466D: <glutin::display::Display as glutin::display::GlDisplay>::create_context (in /home/killpop/Рабочий стол/some/pathfinders/target/release/pathfinding_algorithms)
             n1: 1638400 0x3FB44B: glutin_window::GlutinWindow::from_raw (in /home/killpop/Рабочий стол/some/pathfinders/target/release/pathfinding_algorithms)
              n1: 1638400 0x3FAC58: glutin_window::GlutinWindow::new (in /home/killpop/Рабочий стол/some/pathfinders/target/release/pathfinding_algorithms)
               n1: 1638400 0x2B04F2: <piston_window::prelude::PistonWindow<W> as window::BuildFromWindowSettings>::build_from_window_settings (in /home/killpop/Рабочий стол/some/pathfinders/target/release/pathfinding_algorithms)
                n1: 1638400 0x2A0422: pathfinding_algorithms::main (in /home/killpop/Рабочий стол/some/pathfinders/target/release/pathfinding_algorithms)
                 n1: 1638400 0x2A7A52: std::sys::backtrace::__rust_begin_short_backtrace (in /home/killpop/Рабочий стол/some/pathfinders/target/release/pathfinding_algorithms)
                  n1: 1638400 0x273ED8: std::rt::lang_start::{{closure}} (in /home/killpop/Рабочий стол/some/pathfinders/target/release/pathfinding_algorithms)
                   n1: 1638400 0x5ABD43: std::rt::lang_start_internal (in /home/killpop/Рабочий стол/some/pathfinders/target/release/pathfinding_algorithms)
                    n0: 1638400 0x2A6A14: main (in /home/killpop/Рабочий стол/some/pathfinders/target/release/pathfinding_algorithms)
  n1: 385024 0x5FC30B3: ??? (in /usr/lib/x86_64-linux-gnu/libnvidia-glcore.so.580.173.02)
   n1: 385024 0x5F95B81: ??? (in /usr/lib/x86_64-linux-gnu/libnvidia-glcore.so.580.173.02)
    n1: 385024 0x5F96561: ??? (in /usr/lib/x86_64-linux-gnu/libnvidia-glcore.so.580.173.02)
     n1: 385024 0x5F80DCB: ??? (in /usr/lib/x86_64-linux-gnu/libnvidia-glcore.so.580.173.02)
      n1: 385024 0x5F3A8EB: ??? (in /usr/lib/x86_64-linux-gnu/libnvidia-glcore.so.580.173.02)
       n1: 385024 0x53D344F: ??? (in /usr/lib/x86_64-linux-gnu/libGLX_nvidia.so.580.173.02)
        n1: 385024 0x54010E9: ??? (in /usr/lib/x86_64-linux-gnu/libGLX_nvidia.so.580.173.02)
         n1: 385024 0x53605B1: ??? (in /usr/lib/x86_64-linux-gnu/libGLX.so.0.0.0)
          n1: 385024 0x53629A1: ??? (in /usr/lib/x86_64-linux-gnu/libGLX.so.0.0.0)
           n1: 385024 0x53675E4: ??? (in /usr/lib/x86_64-linux-gnu/libGLX.so.0.0.0)
            n1: 385024 0x3F120D: glutin::api::glx::last_glx_error (in /home/killpop/Рабочий стол/some/pathfinders/target/release/pathfinding_algorithms)
             n1: 385024 0x415855: <glutin::context::NotCurrentContext as glutin::context::NotCurrentGlContextSurfaceAccessor<T>>::make_current (in /home/killpop/Рабочий стол/some/pathfinders/target/release/pathfinding_algorithms)
              n1: 385024 0x3FB756: glutin_window::GlutinWindow::from_raw (in /home/killpop/Рабочий стол/some/pathfinders/target/release/pathfinding_algorithms)
               n1: 385024 0x3FAC58: glutin_window::GlutinWindow::new (in /home/killpop/Рабочий стол/some/pathfinders/target/release/pathfinding_algorithms)
                n1: 385024 0x2B04F2: <piston_window::prelude::PistonWindow<W> as window::BuildFromWindowSettings>::build_from_window_settings (in /home/killpop/Рабочий стол/some/pathfinders/target/release/pathfinding_algorithms)
                 n1: 385024 0x2A0422: pathfinding_algorithms::main (in /home/killpop/Рабочий стол/some/pathfinders/target/release/pathfinding_algorithms)
                  n1: 385024 0x2A7A52: std::sys::backtrace::__rust_begin_short_backtrace (in /home/killpop/Рабочий стол/some/pathfinders/target/release/pathfinding_algorithms)
                   n1: 385024 0x273ED8: std::rt::lang_start::{{closure}} (in /home/killpop/Рабочий стол/some/pathfinders/target/release/pathfinding_algorithms)
                    n1: 385024 0x5ABD43: std::rt::lang_start_internal (in /home/killpop/Рабочий стол/some/pathfinders/target/release/pathfinding_algorithms)
                     n0: 385024 0x2A6A14: main (in /home/killpop/Рабочий стол/some/pathfinders/target/release/pathfinding_algorithms)
  n0: 284106 in 225 places, all below massif's threshold (1.00%)
  n1: 262132 0x53FF724: ??? (in /usr/lib/x86_64-linux-gnu/libGLX_nvidia.so.580.173.02)
   n1: 262132 0x53F4045: glXCreateContextAttribsARB (in /usr/lib/x86_64-linux-gnu/libGLX_nvidia.so.580.173.02)
    n1: 262132 0x5367E02: ??? (in /usr/lib/x86_64-linux-gnu/libGLX.so.0.0.0)
     n1: 262132 0x51CE30: glutin::api::glx::last_glx_error (in /home/killpop/Рабочий стол/some/pathfinders/target/release/pathfinding_algorithms)
      n1: 262132 0x5258A0: glutin::api::glx::context::<impl glutin::api::glx::display::Display>::create_context (in /home/killpop/Рабочий стол/some/pathfinders/target/release/pathfinding_algorithms)
       n1: 262132 0x52466D: <glutin::display::Display as glutin::display::GlDisplay>::create_context (in /home/killpop/Рабочий стол/some/pathfinders/target/release/pathfinding_algorithms)
        n1: 262132 0x3FB44B: glutin_window::GlutinWindow::from_raw (in /home/killpop/Рабочий стол/some/pathfinders/target/release/pathfinding_algorithms)
         n1: 262132 0x3FAC58: glutin_window::GlutinWindow::new (in /home/killpop/Рабочий стол/some/pathfinders/target/release/pathfinding_algorithms)
          n1: 262132 0x2B04F2: <piston_window::prelude::PistonWindow<W> as window::BuildFromWindowSettings>::build_from_window_settings (in /home/killpop/Рабочий стол/some/pathfinders/target/release/pathfinding_algorithms)
           n1: 262132 0x2A0422: pathfinding_algorithms::main (in /home/killpop/Рабочий стол/some/pathfinders/target/release/pathfinding_algorithms)
            n1: 262132 0x2A7A52: std::sys::backtrace::__rust_begin_short_backtrace (in /home/killpop/Рабочий стол/some/pathfinders/target/release/pathfinding_algorithms)
             n1: 262132 0x273ED8: std::rt::lang_start::{{closure}} (in /home/killpop/Рабочий стол/some/pathfinders/target/release/pathfinding_algorithms)
              n1: 262132 0x5ABD43: std::rt::lang_start_internal (in /home/killpop/Рабочий стол/some/pathfinders/target/release/pathfinding_algorithms)
               n0: 262132 0x2A6A14: main (in /home/killpop/Рабочий стол/some/pathfinders/target/release/pathfinding_algorithms)
  n1: 162000 0x653ADBC: ??? (in /usr/lib/x86_64-linux-gnu/libnvidia-glcore.so.580.173.02)
   n1: 162000 0x654403F: ??? (in /usr/lib/x86_64-linux-gnu/libnvidia-glcore.so.580.173.02)
    n1: 162000 0x5F4C308: ??? (in /usr/lib/x86_64-linux-gnu/libnvidia-glcore.so.580.173.02)
     n1: 162000 0x53D43A0: ??? (in /usr/lib/x86_64-linux-gnu/libGLX_nvidia.so.580.173.02)
      n1: 162000 0x53D44D7: ??? (in /usr/lib/x86_64-linux-gnu/libGLX_nvidia.so.580.173.02)
       n1: 162000 0x53FA5E4: ??? (in /usr/lib/x86_64-linux-gnu/libGLX_nvidia.so.580.173.02)
        n1: 162000 0x53FF9E7: ??? (in /usr/lib/x86_64-linux-gnu/libGLX_nvidia.so.580.173.02)
         n1: 162000 0x53F4045: glXCreateContextAttribsARB (in /usr/lib/x86_64-linux-gnu/libGLX_nvidia.so.580.173.02)
          n1: 162000 0x5367E02: ??? (in /usr/lib/x86_64-linux-gnu/libGLX.so.0.0.0)
           n1: 162000 0x51CE30: glutin::api::glx::last_glx_error (in /home/killpop/Рабочий стол/some/pathfinders/target/release/pathfinding_algorithms)
            n1: 162000 0x5258A0: glutin::api::glx::context::<impl glutin::api::glx::display::Display>::create_context (in /home/killpop/Рабочий стол/some/pathfinders/target/release/pathfinding_algorithms)
             n1: 162000 0x52466D: <glutin::display::Display as glutin::display::GlDisplay>::create_context (in /home/killpop/Рабочий стол/some/pathfinders/target/release/pathfinding_algorithms)
              n1: 162000 0x3FB44B: glutin_window::GlutinWindow::from_raw (in /home/killpop/Рабочий стол/some/pathfinders/target/release/pathfinding_algorithms)
               n1: 162000 0x3FAC58: glutin_window::GlutinWindow::new (in /home/killpop/Рабочий стол/some/pathfinders/target/release/pathfinding_algorithms)
                n1: 162000 0x2B04F2: <piston_window::prelude::PistonWindow<W> as window::BuildFromWindowSettings>::build_from_window_settings (in /home/killpop/Рабочий стол/some/pathfinders/target/release/pathfinding_algorithms)
                 n1: 162000 0x2A0422: pathfinding_algorithms::main (in /home/killpop/Рабочий стол/some/pathfinders/target/release/pathfinding_algorithms)
                  n1: 162000 0x2A7A52: std::sys::backtrace::__rust_begin_short_backtrace (in /home/killpop/Рабочий стол/some/pathfinders/target/release/pathfinding_algorithms)
                   n1: 162000 0x273ED8: std::rt::lang_start::{{closure}} (in /home/killpop/Рабочий стол/some/pathfinders/target/release/pathfinding_algorithms)
                    n1: 162000 0x5ABD43: std::rt::lang_start_internal (in /home/killpop/Рабочий стол/some/pathfinders/target/release/pathfinding_algorithms)
                     n0: 162000 0x2A6A14: main (in /home/killpop/Рабочий стол/some/pathfinders/target/release/pathfinding_algorithms)
 n9: 2845134 0x5F5247D: ??? (in /usr/lib/x86_64-linux-gnu/libnvidia-glcore.so.580.173.02)
  n1: 825080 0x5F958BA: ??? (in /usr/lib/x86_64-linux-gnu/libnvidia-glcore.so.580.173.02)
   n1: 825080 0x5F96561: ??? (in /usr/lib/x86_64-linux-gnu/libnvidia-glcore.so.580.173.02)
    n1: 825080 0x5F80DCB: ??? (in /usr/lib/x86_64-linux-gnu/libnvidia-glcore.so.580.173.02)
     n1: 825080 0x5F3A8EB: ??? (in /usr/lib/x86_64-linux-gnu/libnvidia-glcore.so.580.173.02)
      n1: 825080 0x53D344F: ??? (in /usr/lib/x86_64-linux-gnu/libGLX_nvidia.so.580.173.02)
       n1: 825080 0x54010E9: ??? (in /usr/lib/x86_64-linux-gnu/libGLX_nvidia.so.580.173.02)
        n1: 825080 0x53605B1: ??? (in /usr/lib/x86_64-linux-gnu/libGLX.so.0.0.0)
         n1: 825080 0x53629A1: ??? (in /usr/lib/x86_64-linux-gnu/libGLX.so.0.0.0)
          n1: 825080 0x53675E4: ??? (in /usr/lib/x86_64-linux-gnu/libGLX.so.0.0.0)
           n1: 825080 0x3F120D: glutin::api::glx::last_glx_error (in /home/killpop/Рабочий стол/some/pathfinders/target/release/pathfinding_algorithms)
            n1: 825080 0x415855: <glutin::context::NotCurrentContext as glutin::context::NotCurrentGlContextSurfaceAccessor<T>>::make_current (in /home/killpop/Рабочий стол/some/pathfinders/target/release/pathfinding_algorithms)
             n1: 825080 0x3FB756: glutin_window::GlutinWindow::from_raw (in /home/killpop/Рабочий стол/some/pathfinders/target/release/pathfinding_algorithms)
              n1: 825080 0x3FAC58: glutin_window::GlutinWindow::new (in /home/killpop/Рабочий стол/some/pathfinders/target/release/pathfinding_algorithms)
               n1: 825080 0x2B04F2: <piston_window::prelude::PistonWindow<W> as window::BuildFromWindowSettings>::build_from_window_settings (in /home/killpop/Рабочий стол/some/pathfinders/target/release/pathfinding_algorithms)
                n1: 825080 0x2A0422: pathfinding_algorithms::main (in /home/killpop/Рабочий стол/some/pathfinders/target/release/pathfinding_algorithms)
                 n1: 825080 0x2A7A52: std::sys::backtrace::__rust_begin_short_backtrace (in /home/killpop/Рабочий стол/some/pathfinders/target/release/pathfinding_algorithms)
                  n1: 825080 0x273ED8: std::rt::lang_start::{{closure}} (in /home/killpop/Рабочий стол/some/pathfinders/target/release/pathfinding_algorithms)
                   n1: 825080 0x5ABD43: std::rt::lang_start_internal (in /home/killpop/Рабочий стол/some/pathfinders/target/release/pathfinding_algorithms)
                    n0: 825080 0x2A6A14: main (in /home/killpop/Рабочий стол/some/pathfinders/target/release/pathfinding_algorithms)
  n0: 781007 in 116 places, all below massif's threshold (1.00%)
  n1: 307311 0x5C75DBB: ??? (in /usr/lib/x86_64-linux-gnu/libnvidia-glcore.so.580.173.02)
   n1: 307311 0x53FAEBF: ??? (in /usr/lib/x86_64-linux-gnu/libGLX_nvidia.so.580.173.02)
    n1: 307311 0x5403FDB: ??? (in /usr/lib/x86_64-linux-gnu/libGLX_nvidia.so.580.173.02)
     n1: 307311 0x53D0A5A: ??? (in /usr/lib/x86_64-linux-gnu/libGLX_nvidia.so.580.173.02)
      n1: 307311 0x542C401: ??? (in /usr/lib/x86_64-linux-gnu/libGLX_nvidia.so.580.173.02)
       n1: 307311 0x53D0012: ??? (in /usr/lib/x86_64-linux-gnu/libGLX_nvidia.so.580.173.02)
        n1: 307311 0x4005823: call_init (dl-init.c:120)
         n1: 307311 0x4005823: _dl_init (dl-init.c:121)
          n1: 307311 0x40015B1: _dl_catch_exception (dl-catch.c:211)
           n1: 307311 0x400CD7B: dl_open_worker (dl-open.c:829)
            n1: 307311 0x400CD7B: dl_open_worker (dl-open.c:792)
             n1: 307311 0x400151B: _dl_catch_exception (dl-catch.c:237)
              n1: 307311 0x400D163: _dl_open (dl-open.c:905)
               n1: 307311 0x4A22283: dlopen_doit (dlopen.c:56)
                n1: 307311 0x400151B: _dl_catch_exception (dl-catch.c:237)
                 n1: 307311 0x4001668: _dl_catch_error (dl-catch.c:256)
                  n1: 307311 0x4A21D62: _dlerror_run (dlerror.c:138)
                   n1: 307311 0x4A2233E: dlopen_implementation (dlopen.c:71)
                    n1: 307311 0x4A2233E: dlopen@@GLIBC_2.34 (dlopen.c:81)
                     n1: 307311 0x536530A: ??? (in /usr/lib/x86_64-linux-gnu/libGLX.so.0.0.0)
                      n1: 307311 0x5367BAC: ??? (in /usr/lib/x86_64-linux-gnu/libGLX.so.0.0.0)
                       n1: 307311 0x53683B5: glXGetClientString (in /usr/lib/x86_64-linux-gnu/libGLX.so.0.0.0)
                        n1: 307311 0x525B1E: glutin::api::glx::display::Display::new (in /home/killpop/Рабочий стол/some/pathfinders/target/release/pathfinding_algorithms)
                         n1: 307311 0x524347: glutin::display::Display::new (in /home/killpop/Рабочий стол/some/pathfinders/target/release/pathfinding_algorithms)
                          n1: 307311 0x415B79: glutin_winit::DisplayBuilder::build (in /home/killpop/Рабочий стол/some/pathfinders/target/release/pathfinding_algorithms)
                           n1: 307311 0x3FAF27: glutin_window::GlutinWindow::from_raw (in /home/killpop/Рабочий стол/some/pathfinders/target/release/pathfinding_algorithms)
                            n1: 307311 0x3FAC58: glutin_window::GlutinWindow::new (in /home/killpop/Рабочий стол/some/pathfinders/target/release/pathfinding_algorithms)
                             n1: 307311 0x2B04F2: <piston_window::prelude::PistonWindow<W> as window::BuildFromWindowSettings>::build_from_window_settings (in /home/killpop/Рабочий стол/some/pathfinders/target/release/pathfinding_algorithms)
                              n1: 307311 0x2A0422: pathfinding_algorithms::main (in /home/killpop/Рабочий стол/some/pathfinders/target/release/pathfinding_algorithms)
                               n1: 307311 0x2A7A52: std::sys::backtrace::__rust_begin_short_backtrace (in /home/killpop/Рабочий стол/some/pathfinders/target/release/pathfinding_algorithms)
                                n1: 307311 0x273ED8: std::rt::lang_start::{{closure}} (in /home/killpop/Рабочий стол/some/pathfinders/target/release/pathfinding_algorithms)
                                 n0: 307311 0x5ABD43: std::rt::lang_start_internal (in /home/killpop/Рабочий стол/some/pathfinders/target/release/pathfinding_algorithms)
  n1: 171760 0x5F6FCFE: ??? (in /usr/lib/x86_64-linux-gnu/libnvidia-glcore.so.580.173.02)
   n1: 171760 0x5F81285: ??? (in /usr/lib/x86_64-linux-gnu/libnvidia-glcore.so.580.173.02)
    n1: 171760 0x5F3A8EB: ??? (in /usr/lib/x86_64-linux-gnu/libnvidia-glcore.so.580.173.02)
     n1: 171760 0x53D344F: ??? (in /usr/lib/x86_64-linux-gnu/libGLX_nvidia.so.580.173.02)
      n1: 171760 0x54010E9: ??? (in /usr/lib/x86_64-linux-gnu/libGLX_nvidia.so.580.173.02)
       n1: 171760 0x53605B1: ??? (in /usr/lib/x86_64-linux-gnu/libGLX.so.0.0.0)
        n1: 171760 0x53629A1: ??? (in /usr/lib/x86_64-linux-gnu/libGLX.so.0.0.0)
         n1: 171760 0x53675E4: ??? (in /usr/lib/x86_64-linux-gnu/libGLX.so.0.0.0)
          n1: 171760 0x3F120D: glutin::api::glx::last_glx_error (in /home/killpop/Рабочий стол/some/pathfinders/target/release/pathfinding_algorithms)
           n1: 171760 0x415855: <glutin::context::NotCurrentContext as glutin::context::NotCurrentGlContextSurfaceAccessor<T>>::make_current (in /home/killpop/Рабочий стол/some/pathfinders/target/release/pathfinding_algorithms)
            n1: 171760 0x3FB756: glutin_window::GlutinWindow::from_raw (in /home/killpop/Рабочий стол/some/pathfinders/target/release/pathfinding_algorithms)
             n1: 171760 0x3FAC58: glutin_window::GlutinWindow::new (in /home/killpop/Рабочий стол/some/pathfinders/target/release/pathfinding_algorithms)
              n1: 171760 0x2B04F2: <piston_window::prelude::PistonWindow<W> as window::BuildFromWindowSettings>::build_from_window_settings (in /home/killpop/Рабочий стол/some/pathfinders/target/release/pathfinding_algorithms)
               n1: 171760 0x2A0422: pathfinding_algorithms::main (in /home/killpop/Рабочий стол/some/pathfinders/target/release/pathfinding_algorithms)
                n1: 171760 0x2A7A52: std::sys::backtrace::__rust_begin_short_backtrace (in /home/killpop/Рабочий стол/some/pathfinders/target/release/pathfinding_algorithms)
                 n1: 171760 0x273ED8: std::rt::lang_start::{{closure}} (in /home/killpop/Рабочий стол/some/pathfinders/target/release/pathfinding_algorithms)
                  n1: 171760 0x5ABD43: std::rt::lang_start_internal (in /home/killpop/Рабочий стол/some/pathfinders/target/release/pathfinding_algorithms)
                   n0: 171760 0x2A6A14: main (in /home/killpop/Рабочий стол/some/pathfinders/target/release/pathfinding_algorithms)
  n1: 167504 0x53D4323: ??? (in /usr/lib/x86_64-linux-gnu/libGLX_nvidia.so.580.173.02)
   n1: 167504 0x53D44D7: ??? (in /usr/lib/x86_64-linux-gnu/libGLX_nvidia.so.580.173.02)
    n1: 167504 0x53FA5E4: ??? (in /usr/lib/x86_64-linux-gnu/libGLX_nvidia.so.580.173.02)
     n1: 167504 0x53FF9E7: ??? (in /usr/lib/x86_64-linux-gnu/libGLX_nvidia.so.580.173.02)
      n1: 167504 0x53F4045: glXCreateContextAttribsARB (in /usr/lib/x86_64-linux-gnu/libGLX_nvidia.so.580.173.02)
       n1: 167504 0x5367E02: ??? (in /usr/lib/x86_64-linux-gnu/libGLX.so.0.0.0)
        n1: 167504 0x51CE30: glutin::api::glx::last_glx_error (in /home/killpop/Рабочий стол/some/pathfinders/target/release/pathfinding_algorithms)
         n1: 167504 0x5258A0: glutin::api::glx::context::<impl glutin::api::glx::display::Display>::create_context (in /home/killpop/Рабочий стол/some/pathfinders/target/release/pathfinding_algorithms)
          n1: 167504 0x52466D: <glutin::display::Display as glutin::display::GlDisplay>::create_context (in /home/killpop/Рабочий стол/some/pathfinders/target/release/pathfinding_algorithms)
           n1: 167504 0x3FB44B: glutin_window::GlutinWindow::from_raw (in /home/killpop/Рабочий стол/some/pathfinders/target/release/pathfinding_algorithms)
            n1: 167504 0x3FAC58: glutin_window::GlutinWindow::new (in /home/killpop/Рабочий стол/some/pathfinders/target/release/pathfinding_algorithms)
             n1: 167504 0x2B04F2: <piston_window::prelude::PistonWindow<W> as window::BuildFromWindowSettings>::build_from_window_settings (in /home/killpop/Рабочий стол/some/pathfinders/target/release/pathfinding_algorithms)
              n1: 167504 0x2A0422: pathfinding_algorithms::main (in /home/killpop/Рабочий стол/some/pathfinders/target/release/pathfinding_algorithms)
               n1: 167504 0x2A7A52: std::sys::backtrace::__rust_begin_short_backtrace (in /home/killpop/Рабочий стол/some/pathfinders/target/release/pathfinding_algorithms)
                n1: 167504 0x273ED8: std::rt::lang_start::{{closure}} (in /home/killpop/Рабочий стол/some/pathfinders/target/release/pathfinding_algorithms)
                 n1: 167504 0x5ABD43: std::rt::lang_start_internal (in /home/killpop/Рабочий стол/some/pathfinders/target/release/pathfinding_algorithms)
                  n0: 167504 0x2A6A14: main (in /home/killpop/Рабочий стол/some/pathfinders/target/release/pathfinding_algorithms)
  n1: 163840 0x5FC2EB6: ??? (in /usr/lib/x86_64-linux-gnu/libnvidia-glcore.so.580.173.02)
   n1: 163840 0x5F95B81: ??? (in /usr/lib/x86_64-linux-gnu/libnvidia-glcore.so.580.173.02)
    n1: 163840 0x5F96561: ??? (in /usr/lib/x86_64-linux-gnu/libnvidia-glcore.so.580.173.02)
     n1: 163840 0x5F80DCB: ??? (in /usr/lib/x86_64-linux-gnu/libnvidia-glcore.so.580.173.02)
      n1: 163840 0x5F3A8EB: ??? (in /usr/lib/x86_64-linux-gnu/libnvidia-glcore.so.580.173.02)
       n1: 163840 0x53D344F: ??? (in /usr/lib/x86_64-linux-gnu/libGLX_nvidia.so.580.173.02)
        n1: 163840 0x54010E9: ??? (in /usr/lib/x86_64-linux-gnu/libGLX_nvidia.so.580.173.02)
         n1: 163840 0x53605B1: ??? (in /usr/lib/x86_64-linux-gnu/libGLX.so.0.0.0)
          n1: 163840 0x53629A1: ??? (in /usr/lib/x86_64-linux-gnu/libGLX.so.0.0.0)
           n1: 163840 0x53675E4: ??? (in /usr/lib/x86_64-linux-gnu/libGLX.so.0.0.0)
            n1: 163840 0x3F120D: glutin::api::glx::last_glx_error (in /home/killpop/Рабочий стол/some/pathfinders/target/release/pathfinding_algorithms)
             n1: 163840 0x415855: <glutin::context::NotCurrentContext as glutin::context::NotCurrentGlContextSurfaceAccessor<T>>::make_current (in /home/killpop/Рабочий стол/some/pathfinders/target/release/pathfinding_algorithms)
              n1: 163840 0x3FB756: glutin_window::GlutinWindow::from_raw (in /home/killpop/Рабочий стол/some/pathfinders/target/release/pathfinding_algorithms)
               n1: 163840 0x3FAC58: glutin_window::GlutinWindow::new (in /home/killpop/Рабочий стол/some/pathfinders/target/release/pathfinding_algorithms)
                n1: 163840 0x2B04F2: <piston_window::prelude::PistonWindow<W> as window::BuildFromWindowSettings>::build_from_window_settings (in /home/killpop/Рабочий стол/some/pathfinders/target/release/pathfinding_algorithms)
                 n1: 163840 0x2A0422: pathfinding_algorithms::main (in /home/killpop/Рабочий стол/some/pathfinders/target/release/pathfinding_algorithms)
                  n1: 163840 0x2A7A52: std::sys::backtrace::__rust_begin_short_backtrace (in /home/killpop/Рабочий стол/some/pathfinders/target/release/pathfinding_algorithms)
                   n1: 163840 0x273ED8: std::rt::lang_start::{{closure}} (in /home/killpop/Рабочий стол/some/pathfinders/target/release/pathfinding_algorithms)
                    n1: 163840 0x5ABD43: std::rt::lang_start_internal (in /home/killpop/Рабочий стол/some/pathfinders/target/release/pathfinding_algorithms)
                     n0: 163840 0x2A6A14: main (in /home/killpop/Рабочий стол/some/pathfinders/target/release/pathfinding_algorithms)
  n1: 154512 0x5F95879: ??? (in /usr/lib/x86_64-linux-gnu/libnvidia-glcore.so.580.173.02)
   n1: 154512 0x5F96561: ??? (in /usr/lib/x86_64-linux-gnu/libnvidia-glcore.so.580.173.02)
    n1: 154512 0x5F80DCB: ??? (in /usr/lib/x86_64-linux-gnu/libnvidia-glcore.so.580.173.02)
     n1: 154512 0x5F3A8EB: ??? (in /usr/lib/x86_64-linux-gnu/libnvidia-glcore.so.580.173.02)
      n1: 154512 0x53D344F: ??? (in /usr/lib/x86_64-linux-gnu/libGLX_nvidia.so.580.173.02)
       n1: 154512 0x54010E9: ??? (in /usr/lib/x86_64-linux-gnu/libGLX_nvidia.so.580.173.02)
        n1: 154512 0x53605B1: ??? (in /usr/lib/x86_64-linux-gnu/libGLX.so.0.0.0)
         n1: 154512 0x53629A1: ??? (in /usr/lib/x86_64-linux-gnu/libGLX.so.0.0.0)
          n1: 154512 0x53675E4: ??? (in /usr/lib/x86_64-linux-gnu/libGLX.so.0.0.0)
           n1: 154512 0x3F120D: glutin::api::glx::last_glx_error (in /home/killpop/Рабочий стол/some/pathfinders/target/release/pathfinding_algorithms)
            n1: 154512 0x415855: <glutin::context::NotCurrentContext as glutin::context::NotCurrentGlContextSurfaceAccessor<T>>::make_current (in /home/killpop/Рабочий стол/some/pathfinders/target/release/pathfinding_algorithms)
             n1: 154512 0x3FB756: glutin_window::GlutinWindow::from_raw (in /home/killpop/Рабочий стол/some/pathfinders/target/release/pathfinding_algorithms)
              n1: 154512 0x3FAC58: glutin_window::GlutinWindow::new (in /home/killpop/Рабочий стол/some/pathfinders/target/release/pathfinding_algorithms)
               n1: 154512 0x2B04F2: <piston_window::prelude::PistonWindow<W> as window::BuildFromWindowSettings>::build_from_window_settings (in /home/killpop/Рабочий стол/some/pathfinders/target/release/pathfinding_algorithms)
                n1: 154512 0x2A0422: pathfinding_algorithms::main (in /home/killpop/Рабочий стол/some/pathfinders/target/release/pathfinding_algorithms)
                 n1: 154512 0x2A7A52: std::sys::backtrace::__rust_begin_short_backtrace (in /home/killpop/Рабочий стол/some/pathfinders/target/release/pathfinding_algorithms)
                  n1: 154512 0x273ED8: std::rt::lang_start::{{closure}} (in /home/killpop/Рабочий стол/some/pathfinders/target/release/pathfinding_algorithms)
                   n1: 154512 0x5ABD43: std::rt::lang_start_internal (in /home/killpop/Рабочий стол/some/pathfinders/target/release/pathfinding_algorithms)
                    n0: 154512 0x2A6A14: main (in /home/killpop/Рабочий стол/some/pathfinders/target/release/pathfinding_algorithms)
  n1: 150472 0x5F3836F: ??? (in /usr/lib/x86_64-linux-gnu/libnvidia-glcore.so.580.173.02)
   n1: 150472 0x5F4C655: ??? (in /usr/lib/x86_64-linux-gnu/libnvidia-glcore.so.580.173.02)
    n1: 150472 0x53D43A0: ??? (in /usr/lib/x86_64-linux-gnu/libGLX_nvidia.so.580.173.02)
     n1: 150472 0x53D44D7: ??? (in /usr/lib/x86_64-linux-gnu/libGLX_nvidia.so.580.173.02)
      n1: 150472 0x53FA5E4: ??? (in /usr/lib/x86_64-linux-gnu/libGLX_nvidia.so.580.173.02)
       n1: 150472 0x53FF9E7: ??? (in /usr/lib/x86_64-linux-gnu/libGLX_nvidia.so.580.173.02)
        n1: 150472 0x53F4045: glXCreateContextAttribsARB (in /usr/lib/x86_64-linux-gnu/libGLX_nvidia.so.580.173.02)
         n1: 150472 0x5367E02: ??? (in /usr/lib/x86_64-linux-gnu/libGLX.so.0.0.0)
          n1: 150472 0x51CE30: glutin::api::glx::last_glx_error (in /home/killpop/Рабочий стол/some/pathfinders/target/release/pathfinding_algorithms)
           n1: 150472 0x5258A0: glutin::api::glx::context::<impl glutin::api::glx::display::Display>::create_context (in /home/killpop/Рабочий стол/some/pathfinders/target/release/pathfinding_algorithms)
            n1: 150472 0x52466D: <glutin::display::Display as glutin::display::GlDisplay>::create_context (in /home/killpop/Рабочий стол/some/pathfinders/target/release/pathfinding_algorithms)
             n1: 150472 0x3FB44B: glutin_window::GlutinWindow::from_raw (in /home/killpop/Рабочий стол/some/pathfinders/target/release/pathfinding_algorithms)
              n1: 150472 0x3FAC58: glutin_window::GlutinWindow::new (in /home/killpop/Рабочий стол/some/pathfinders/target/release/pathfinding_algorithms)
               n1: 150472 0x2B04F2: <piston_window::prelude::PistonWindow<W> as window::BuildFromWindowSettings>::build_from_window_settings (in /home/killpop/Рабочий стол/some/pathfinders/target/release/pathfinding_algorithms)
                n1: 150472 0x2A0422: pathfinding_algorithms::main (in /home/killpop/Рабочий стол/some/pathfinders/target/release/pathfinding_algorithms)
                 n1: 150472 0x2A7A52: std::sys::backtrace::__rust_begin_short_backtrace (in /home/killpop/Рабочий стол/some/pathfinders/target/release/pathfinding_algorithms)
                  n1: 150472 0x273ED8: std::rt::lang_start::{{closure}} (in /home/killpop/Рабочий стол/some/pathfinders/target/release/pathfinding_algorithms)
                   n1: 150472 0x5ABD43: std::rt::lang_start_internal (in /home/killpop/Рабочий стол/some/pathfinders/target/release/pathfinding_algorithms)
                    n0: 150472 0x2A6A14: main (in /home/killpop/Рабочий стол/some/pathfinders/target/release/pathfinding_algorithms)
  n1: 123648 0x65CBF3F: ??? (in /usr/lib/x86_64-linux-gnu/libnvidia-glcore.so.580.173.02)
   n0: 123648 in 8 places, all below massif's threshold (1.00%)
 n0: 779850 in 442 places, all below massif's threshold (1.00%)
 n3: 569056 0x57AB7E: alloc::raw_vec::RawVecInner<A>::finish_grow (in /home/killpop/Рабочий стол/some/pathfinders/target/release/pathfinding_algorithms)
  n2: 330240 0x57A999: alloc::raw_vec::RawVec<T,A>::grow_one (in /home/killpop/Рабочий стол/some/pathfinders/target/release/pathfinding_algorithms)
   n2: 327680 0x567E12: <gfx_device_gl::command::CommandBuffer as gfx_core::command::Buffer<gfx_device_gl::Resources>>::update_buffer (in /home/killpop/Рабочий стол/some/pathfinders/target/release/pathfinding_algorithms)
    n1: 327680 0x2B22AF: gfx::encoder::Encoder<R,C>::update_buffer (in /home/killpop/Рабочий стол/some/pathfinders/target/release/pathfinding_algorithms)
     n1: 327680 0x28978F: <gfx_graphics::back_end::GfxGraphics<R,C> as graphics::graphics::Graphics>::tri_list (in /home/killpop/Рабочий стол/some/pathfinders/target/release/pathfinding_algorithms)
      n1: 327680 0x29B612: graphics::rectangle::Rectangle::draw_tri (in /home/killpop/Рабочий стол/some/pathfinders/target/release/pathfinding_algorithms)
       n1: 327680 0x29FC1B: pathfinding_algorithms::presentation::renderer::Renderer::render_field (in /home/killpop/Рабочий стол/some/pathfinders/target/release/pathfinding_algorithms)
        n1: 327680 0x2780EB: pathfinding_algorithms::presentation::app::App::render (in /home/killpop/Рабочий стол/some/pathfinders/target/release/pathfinding_algorithms)
         n1: 327680 0x285385: gfx_graphics::back_end::Gfx2d<R>::draw (in /home/killpop/Рабочий стол/some/pathfinders/target/release/pathfinding_algorithms)
          n1: 327680 0x2A0993: pathfinding_algorithms::main (in /home/killpop/Рабочий стол/some/pathfinders/target/release/pathfinding_algorithms)
           n1: 327680 0x2A7A52: std::sys::backtrace::__rust_begin_short_backtrace (in /home/killpop/Рабочий стол/some/pathfinders/target/release/pathfinding_algorithms)
            n1: 327680 0x273ED8: std::rt::lang_start::{{closure}} (in /home/killpop/Рабочий стол/some/pathfinders/target/release/pathfinding_algorithms)
             n1: 327680 0x5ABD43: std::rt::lang_start_internal (in /home/killpop/Рабочий стол/some/pathfinders/target/release/pathfinding_algorithms)
              n0: 327680 0x2A6A14: main (in /home/killpop/Рабочий стол/some/pathfinders/target/release/pathfinding_algorithms)
    n0: 0 in 2 places, all below massif's threshold (1.00%)
   n0: 2560 in 4 places, all below massif's threshold (1.00%)
  n1: 200608 0x57AC33: alloc::raw_vec::RawVecInner<A>::reserve::do_reserve_and_handle (in /home/killpop/Рабочий стол/some/pathfinders/target/release/pathfinding_algorithms)
   n0: 200608 in 7 places, all below massif's threshold (1.00%)
  n0: 38208 in 1 place, below massif's threshold (1.00%)
 n1: 241664 0x52D64D7: ??? (in /usr/lib/x86_64-linux-gnu/libGLdispatch.so.0.0.0)
  n1: 241664 0x52D6C11: ??? (in /usr/lib/x86_64-linux-gnu/libGLdispatch.so.0.0.0)
   n1: 241664 0x52D6E68: __glDispatchMakeCurrent (in /usr/lib/x86_64-linux-gnu/libGLdispatch.so.0.0.0)
    n1: 241664 0x5362923: ??? (in /usr/lib/x86_64-linux-gnu/libGLX.so.0.0.0)
     n1: 241664 0x53675E4: ??? (in /usr/lib/x86_64-linux-gnu/libGLX.so.0.0.0)
      n1: 241664 0x3F120D: glutin::api::glx::last_glx_error (in /home/killpop/Рабочий стол/some/pathfinders/target/release/pathfinding_algorithms)
       n1: 241664 0x415855: <glutin::context::NotCurrentContext as glutin::context::NotCurrentGlContextSurfaceAccessor<T>>::make_current (in /home/killpop/Рабочий стол/some/pathfinders/target/release/pathfinding_algorithms)
        n1: 241664 0x3FB756: glutin_window::GlutinWindow::from_raw (in /home/killpop/Рабочий стол/some/pathfinders/target/release/pathfinding_algorithms)
         n1: 241664 0x3FAC58: glutin_window::GlutinWindow::new (in /home/killpop/Рабочий стол/some/pathfinders/target/release/pathfinding_algorithms)
          n1: 241664 0x2B04F2: <piston_window::prelude::PistonWindow<W> as window::BuildFromWindowSettings>::build_from_window_settings (in /home/killpop/Рабочий стол/some/pathfinders/target/release/pathfinding_algorithms)
           n1: 241664 0x2A0422: pathfinding_algorithms::main (in /home/killpop/Рабочий стол/some/pathfinders/target/release/pathfinding_algorithms)
            n1: 241664 0x2A7A52: std::sys::backtrace::__rust_begin_short_backtrace (in /home/killpop/Рабочий стол/some/pathfinders/target/release/pathfinding_algorithms)
             n1: 241664 0x273ED8: std::rt::lang_start::{{closure}} (in /home/killpop/Рабочий стол/some/pathfinders/target/release/pathfinding_algorithms)
              n1: 241664 0x5ABD43: std::rt::lang_start_internal (in /home/killpop/Рабочий стол/some/pathfinders/target/release/pathfinding_algorithms)
               n0: 241664 0x2A6A14: main (in /home/killpop/Рабочий стол/some/pathfinders/target/release/pathfinding_algorithms)
 n1: 149594 0x9B5EE4D: ??? (in /usr/lib/x86_64-linux-gnu/libnvidia-gpucomp.so.580.173.02)
  n1: 149594 0x9B0E478: ??? (in /usr/lib/x86_64-linux-gnu/libnvidia-gpucomp.so.580.173.02)
   n1: 149594 0x82C24BF: ??? (in /usr/lib/x86_64-linux-gnu/libnvidia-gpucomp.so.580.173.02)
    n0: 149594 in 58 places, all below massif's threshold (1.00%)
 n1: 110592 0x5250557: ??? (in /usr/lib/x86_64-linux-gnu/libGL.so.1.7.0)
  n1: 110592 0x52D6C11: ??? (in /usr/lib/x86_64-linux-gnu/libGLdispatch.so.0.0.0)
   n1: 110592 0x52D6E68: __glDispatchMakeCurrent (in /usr/lib/x86_64-linux-gnu/libGLdispatch.so.0.0.0)
    n1: 110592 0x5362923: ??? (in /usr/lib/x86_64-linux-gnu/libGLX.so.0.0.0)
     n1: 110592 0x53675E4: ??? (in /usr/lib/x86_64-linux-gnu/libGLX.so.0.0.0)
      n1: 110592 0x3F120D: glutin::api::glx::last_glx_error (in /home/killpop/Рабочий стол/some/pathfinders/target/release/pathfinding_algorithms)
       n1: 110592 0x415855: <glutin::context::NotCurrentContext as glutin::context::NotCurrentGlContextSurfaceAccessor<T>>::make_current (in /home/killpop/Рабочий стол/some/pathfinders/target/release/pathfinding_algorithms)
        n1: 110592 0x3FB756: glutin_window::GlutinWindow::from_raw (in /home/killpop/Рабочий стол/some/pathfinders/target/release/pathfinding_algorithms)
         n1: 110592 0x3FAC58: glutin_window::GlutinWindow::new (in /home/killpop/Рабочий стол/some/pathfinders/target/release/pathfinding_algorithms)
          n1: 110592 0x2B04F2: <piston_window::prelude::PistonWindow<W> as window::BuildFromWindowSettings>::build_from_window_settings (in /home/killpop/Рабочий стол/some/pathfinders/target/release/pathfinding_algorithms)
           n1: 110592 0x2A0422: pathfinding_algorithms::main (in /home/killpop/Рабочий стол/some/pathfinders/target/release/pathfinding_algorithms)
            n1: 110592 0x2A7A52: std::sys::backtrace::__rust_begin_short_backtrace (in /home/killpop/Рабочий стол/some/pathfinders/target/release/pathfinding_algorithms)
             n1: 110592 0x273ED8: std::rt::lang_start::{{closure}} (in /home/killpop/Рабочий стол/some/pathfinders/target/release/pathfinding_algorithms)
              n1: 110592 0x5ABD43: std::rt::lang_start_internal (in /home/killpop/Рабочий стол/some/pathfinders/target/release/pathfinding_algorithms)
               n0: 110592 0x2A6A14: main (in /home/killpop/Рабочий стол/some/pathfinders/target/release/pathfinding_algorithms)
 n2: 104788 0x436FFD: hashbrown::raw::RawTableInner::fallible_with_capacity (in /home/killpop/Рабочий стол/some/pathfinders/target/release/pathfinding_algorithms)
  n1: 102416 0x442556: core::ops::function::FnOnce::call_once (in /home/killpop/Рабочий стол/some/pathfinders/target/release/pathfinding_algorithms)
   n1: 102416 0x431B49: once_cell::imp::OnceCell<T>::initialize::{{closure}} (in /home/killpop/Рабочий стол/some/pathfinders/target/release/pathfinding_algorithms)
    n1: 102416 0x544A3B: once_cell::imp::initialize_or_wait (in /home/killpop/Рабочий стол/some/pathfinders/target/release/pathfinding_algorithms)
     n1: 102416 0x431661: once_cell::imp::OnceCell<T>::initialize (in /home/killpop/Рабочий стол/some/pathfinders/target/release/pathfinding_algorithms)
      n1: 102416 0x4436CD: winit::platform_impl::platform::x11::util::atom::<impl winit::platform_impl::platform::x11::xdisplay::XConnection>::get_atom_unchecked (in /home/killpop/Рабочий стол/some/pathfinders/target/release/pathfinding_algorithms)
       n1: 102416 0x3D5DAE: winit::platform_impl::platform::x11::EventLoop<T>::new (in /home/killpop/Рабочий стол/some/pathfinders/target/release/pathfinding_algorithms)
        n1: 102416 0x41A737: winit::platform_impl::platform::EventLoop<T>::new (in /home/killpop/Рабочий стол/some/pathfinders/target/release/pathfinding_algorithms)
         n1: 102416 0x3FA5DF: glutin_window::GlutinWindow::new (in /home/killpop/Рабочий стол/some/pathfinders/target/release/pathfinding_algorithms)
          n1: 102416 0x2B04F2: <piston_window::prelude::PistonWindow<W> as window::BuildFromWindowSettings>::build_from_window_settings (in /home/killpop/Рабочий стол/some/pathfinders/target/release/pathfinding_algorithms)
           n1: 102416 0x2A0422: pathfinding_algorithms::main (in /home/killpop/Рабочий стол/some/pathfinders/target/release/pathfinding_algorithms)
            n1: 102416 0x2A7A52: std::sys::backtrace::__rust_begin_short_backtrace (in /home/killpop/Рабочий стол/some/pathfinders/target/release/pathfinding_algorithms)
             n1: 102416 0x273ED8: std::rt::lang_start::{{closure}} (in /home/killpop/Рабочий стол/some/pathfinders/target/release/pathfinding_algorithms)
              n1: 102416 0x5ABD43: std::rt::lang_start_internal (in /home/killpop/Рабочий стол/some/pathfinders/target/release/pathfinding_algorithms)
               n0: 102416 0x2A6A14: main (in /home/killpop/Рабочий стол/some/pathfinders/target/release/pathfinding_algorithms)
  n0: 2372 in 3 places, all below massif's threshold (1.00%)
#-----------
snapshot=44
#-----------
time=2416744306
mem_heap_B=9996145
mem_heap_extra_B=115503
mem_stacks_B=0
heap_tree=empty
#-----------
snapshot=45
#-----------
time=2458429861
mem_heap_B=9994689
mem_heap_extra_B=115447
mem_stacks_B=0
heap_tree=empty
#-----------
snapshot=46
#-----------
time=2500116420
mem_heap_B=9994897
mem_heap_extra_B=115455
mem_stacks_B=0
heap_tree=empty
#-----------
snapshot=47
#-----------
time=2541801557
mem_heap_B=9995353
mem_heap_extra_B=115471
mem_stacks_B=0
heap_tree=empty
#-----------
snapshot=48
#-----------
time=2604744508
mem_heap_B=9995729
mem_heap_extra_B=115487
mem_stacks_B=0
heap_tree=empty
#-----------
snapshot=49
#-----------
time=2646429665
mem_heap_B=9995937
mem_heap_extra_B=115495
mem_stacks_B=0
heap_tree=empty
#-----------
snapshot=50
#-----------
time=2672380675
mem_heap_B=9996145
mem_heap_extra_B=115503
mem_stacks_B=0
heap_tree=empty
#-----------
snapshot=51
#-----------
time=2698332345
mem_heap_B=9994481
mem_heap_extra_B=115455
mem_stacks_B=0
heap_tree=empty
#-----------
snapshot=52
#-----------
time=2724283717
mem_heap_B=9994689
mem_heap_extra_B=115463
mem_stacks_B=0
heap_tree=empty
#-----------
snapshot=53
#-----------
time=2750235481
mem_heap_B=9994897
mem_heap_extra_B=115455
mem_stacks_B=0
heap_tree=empty
#-----------
snapshot=54
#-----------
time=2776187235
mem_heap_B=9995105
mem_heap_extra_B=115479
mem_stacks_B=0
heap_tree=empty
#-----------
snapshot=55
#-----------
time=2802138962
mem_heap_B=9995313
mem_heap_extra_B=115471
mem_stacks_B=0
heap_tree=empty
#-----------
snapshot=56
#-----------
time=2828090276
mem_heap_B=9995521
mem_heap_extra_B=115495
mem_stacks_B=0
heap_tree=detailed
n8: 9995521 (heap allocation functions) malloc/new/new[], --alloc-fns, etc.
 n6: 5195259 0x5F521C1: ??? (in /usr/lib/x86_64-linux-gnu/libnvidia-glcore.so.580.173.02)
  n2: 2463597 0x5C76E4A: ??? (in /usr/lib/x86_64-linux-gnu/libnvidia-glcore.so.580.173.02)
   n1: 2463597 0x5C5A175: ??? (in /usr/lib/x86_64-linux-gnu/libnvidia-glcore.so.580.173.02)
    n1: 2463597 0x5C5EF6F: ??? (in /usr/lib/x86_64-linux-gnu/libnvidia-glcore.so.580.173.02)
     n1: 2463597 0x57603E: gfx_device_gl::factory::Factory::init_buffer (in /home/killpop/Рабочий стол/some/pathfinders/target/release/pathfinding_algorithms)
      n3: 2463597 0x575286: <gfx_device_gl::factory::Factory as gfx_core::factory::Factory<gfx_device_gl::Resources>>::create_buffer_raw (in /home/killpop/Рабочий стол/some/pathfinders/target/release/pathfinding_algorithms)
       n1: 1636871 0x281B30: gfx_graphics::back_end::Gfx2d<R>::new (in /home/killpop/Рабочий стол/some/pathfinders/target/release/pathfinding_algorithms)
        n1: 1636871 0x2B0DA1: <piston_window::prelude::PistonWindow<W> as window::BuildFromWindowSettings>::build_from_window_settings (in /home/killpop/Рабочий стол/some/pathfinders/target/release/pathfinding_algorithms)
         n1: 1636871 0x2A0422: pathfinding_algorithms::main (in /home/killpop/Рабочий стол/some/pathfinders/target/release/pathfinding_algorithms)
          n1: 1636871 0x2A7A52: std::sys::backtrace::__rust_begin_short_backtrace (in /home/killpop/Рабочий стол/some/pathfinders/target/release/pathfinding_algorithms)
           n1: 1636871 0x273ED8: std::rt::lang_start::{{closure}} (in /home/killpop/Рабочий стол/some/pathfinders/target/release/pathfinding_algorithms)
            n1: 1636871 0x5ABD43: std::rt::lang_start_internal (in /home/killpop/Рабочий стол/some/pathfinders/target/release/pathfinding_algorithms)
             n0: 1636871 0x2A6A14: main (in /home/killpop/Рабочий стол/some/pathfinders/target/release/pathfinding_algorithms)
       n1: 818471 0x281ACF: gfx_graphics::back_end::Gfx2d<R>::new (in /home/killpop/Рабочий стол/some/pathfinders/target/release/pathfinding_algorithms)
        n1: 818471 0x2B0DA1: <piston_window::prelude::PistonWindow<W> as window::BuildFromWindowSettings>::build_from_window_settings (in /home/killpop/Рабочий стол/some/pathfinders/target/release/pathfinding_algorithms)
         n1: 818471 0x2A0422: pathfinding_algorithms::main (in /home/killpop/Рабочий стол/some/pathfinders/target/release/pathfinding_algorithms)
          n1: 818471 0x2A7A52: std::sys::backtrace::__rust_begin_short_backtrace (in /home/killpop/Рабочий стол/some/pathfinders/target/release/pathfinding_algorithms)
           n1: 818471 0x273ED8: std::rt::lang_start::{{closure}} (in /home/killpop/Рабочий стол/some/pathfinders/target/release/pathfinding_algorithms)
            n1: 818471 0x5ABD43: std::rt::lang_start_internal (in /home/killpop/Рабочий стол/some/pathfinders/target/release/pathfinding_algorithms)
             n0: 818471 0x2A6A14: main (in /home/killpop/Рабочий стол/some/pathfinders/target/release/pathfinding_algorithms)
       n0: 8255 in 1 place, below massif's threshold (1.00%)
   n0: 0 in 1 place, below massif's threshold (1.00%)
  n1: 1638400 0x5C0DD8F: ??? (in /usr/lib/x86_64-linux-gnu/libnvidia-glcore.so.580.173.02)
   n1: 1638400 0x5F88378: ??? (in /usr/lib/x86_64-linux-gnu/libnvidia-glcore.so.580.173.02)
    n1: 1638400 0x5F3A724: ??? (in /usr/lib/x86_64-linux-gnu/libnvidia-glcore.so.580.173.02)
     n1: 1638400 0x53D313F: ??? (in /usr/lib/x86_64-linux-gnu/libGLX_nvidia.so.580.173.02)
      n1: 1638400 0x53FA624: ??? (in /usr/lib/x86_64-linux-gnu/libGLX_nvidia.so.580.173.02)
       n1: 1638400 0x53FF9E7: ??? (in /usr/lib/x86_64-linux-gnu/libGLX_nvidia.so.580.173.02)
        n1: 1638400 0x53F4045: glXCreateContextAttribsARB (in /usr/lib/x86_64-linux-gnu/libGLX_nvidia.so.580.173.02)
         n1: 1638400 0x5367E02: ??? (in /usr/lib/x86_64-linux-gnu/libGLX.so.0.0.0)
          n1: 1638400 0x51CE30: glutin::api::glx::last_glx_error (in /home/killpop/Рабочий стол/some/pathfinders/target/release/pathfinding_algorithms)
           n1: 1638400 0x5258A0: glutin::api::glx::context::<impl glutin::api::glx::display::Display>::create_context (in /home/killpop/Рабочий стол/some/pathfinders/target/release/pathfinding_algorithms)
            n1: 1638400 0x52466D: <glutin::display::Display as glutin::display::GlDisplay>::create_context (in /home/killpop/Рабочий стол/some/pathfinders/target/release/pathfinding_algorithms)
             n1: 1638400 0x3FB44B: glutin_window::GlutinWindow::from_raw (in /home/killpop/Рабочий стол/some/pathfinders/target/release/pathfinding_algorithms)
              n1: 1638400 0x3FAC58: glutin_window::GlutinWindow::new (in /home/killpop/Рабочий стол/some/pathfinders/target/release/pathfinding_algorithms)
               n1: 1638400 0x2B04F2: <piston_window::prelude::PistonWindow<W> as window::BuildFromWindowSettings>::build_from_window_settings (in /home/killpop/Рабочий стол/some/pathfinders/target/release/pathfinding_algorithms)
                n1: 1638400 0x2A0422: pathfinding_algorithms::main (in /home/killpop/Рабочий стол/some/pathfinders/target/release/pathfinding_algorithms)
                 n1: 1638400 0x2A7A52: std::sys::backtrace::__rust_begin_short_backtrace (in /home/killpop/Рабочий стол/some/pathfinders/target/release/pathfinding_algorithms)
                  n1: 1638400 0x273ED8: std::rt::lang_start::{{closure}} (in /home/killpop/Рабочий стол/some/pathfinders/target/release/pathfinding_algorithms)
                   n1: 1638400 0x5ABD43: std::rt::lang_start_internal (in /home/killpop/Рабочий стол/some/pathfinders/target/release/pathfinding_algorithms)
                    n0: 1638400 0x2A6A14: main (in /home/killpop/Рабочий стол/some/pathfinders/target/release/pathfinding_algorithms)
  n1: 385024 0x5FC30B3: ??? (in /usr/lib/x86_64-linux-gnu/libnvidia-glcore.so.580.173.02)
   n1: 385024 0x5F95B81: ??? (in /usr/lib/x86_64-linux-gnu/libnvidia-glcore.so.580.173.02)
    n1: 385024 0x5F96561: ??? (in /usr/lib/x86_64-linux-gnu/libnvidia-glcore.so.580.173.02)
     n1: 385024 0x5F80DCB: ??? (in /usr/lib/x86_64-linux-gnu/libnvidia-glcore.so.580.173.02)
      n1: 385024 0x5F3A8EB: ??? (in /usr/lib/x86_64-linux-gnu/libnvidia-glcore.so.580.173.02)
       n1: 385024 0x53D344F: ??? (in /usr/lib/x86_64-linux-gnu/libGLX_nvidia.so.580.173.02)
        n1: 385024 0x54010E9: ??? (in /usr/lib/x86_64-linux-gnu/libGLX_nvidia.so.580.173.02)
         n1: 385024 0x53605B1: ??? (in /usr/lib/x86_64-linux-gnu/libGLX.so.0.0.0)
          n1: 385024 0x53629A1: ??? (in /usr/lib/x86_64-linux-gnu/libGLX.so.0.0.0)
           n1: 385024 0x53675E4: ??? (in /usr/lib/x86_64-linux-gnu/libGLX.so.0.0.0)
            n1: 385024 0x3F120D: glutin::api::glx::last_glx_error (in /home/killpop/Рабочий стол/some/pathfinders/target/release/pathfinding_algorithms)
             n1: 385024 0x415855: <glutin::context::NotCurrentContext as glutin::context::NotCurrentGlContextSurfaceAccessor<T>>::make_current (in /home/killpop/Рабочий стол/some/pathfinders/target/release/pathfinding_algorithms)
              n1: 385024 0x3FB756: glutin_window::GlutinWindow::from_raw (in /home/killpop/Рабочий стол/some/pathfinders/target/release/pathfinding_algorithms)
               n1: 385024 0x3FAC58: glutin_window::GlutinWindow::new (in /home/killpop/Рабочий стол/some/pathfinders/target/release/pathfinding_algorithms)
                n1: 385024 0x2B04F2: <piston_window::prelude::PistonWindow<W> as window::BuildFromWindowSettings>::build_from_window_settings (in /home/killpop/Рабочий стол/some/pathfinders/target/release/pathfinding_algorithms)
                 n1: 385024 0x2A0422: pathfinding_algorithms::main (in /home/killpop/Рабочий стол/some/pathfinders/target/release/pathfinding_algorithms)
                  n1: 385024 0x2A7A52: std::sys::backtrace::__rust_begin_short_backtrace (in /home/killpop/Рабочий стол/some/pathfinders/target/release/pathfinding_algorithms)
                   n1: 385024 0x273ED8: std::rt::lang_start::{{closure}} (in /home/killpop/Рабочий стол/some/pathfinders/target/release/pathfinding_algorithms)
                    n1: 385024 0x5ABD43: std::rt::lang_start_internal (in /home/killpop/Рабочий стол/some/pathfinders/target/release/pathfinding_algorithms)
                     n0: 385024 0x2A6A14: main (in /home/killpop/Рабочий стол/some/pathfinders/target/release/pathfinding_algorithms)
  n0: 284106 in 225 places, all below massif's threshold (1.00%)
  n1: 262132 0x53FF724: ??? (in /usr/lib/x86_64-linux-gnu/libGLX_nvidia.so.580.173.02)
   n1: 262132 0x53F4045: glXCreateContextAttribsARB (in /usr/lib/x86_64-linux-gnu/libGLX_nvidia.so.580.173.02)
    n1: 262132 0x5367E02: ??? (in /usr/lib/x86_64-linux-gnu/libGLX.so.0.0.0)
     n1: 262132 0x51CE30: glutin::api::glx::last_glx_error (in /home/killpop/Рабочий стол/some/pathfinders/target/release/pathfinding_algorithms)
      n1: 262132 0x5258A0: glutin::api::glx::context::<impl glutin::api::glx::display::Display>::create_context (in /home/killpop/Рабочий стол/some/pathfinders/target/release/pathfinding_algorithms)
       n1: 262132 0x52466D: <glutin::display::Display as glutin::display::GlDisplay>::create_context (in /home/killpop/Рабочий стол/some/pathfinders/target/release/pathfinding_algorithms)
        n1: 262132 0x3FB44B: glutin_window::GlutinWindow::from_raw (in /home/killpop/Рабочий стол/some/pathfinders/target/release/pathfinding_algorithms)
         n1: 262132 0x3FAC58: glutin_window::GlutinWindow::new (in /home/killpop/Рабочий стол/some/pathfinders/target/release/pathfinding_algorithms)
          n1: 262132 0x2B04F2: <piston_window::prelude::PistonWindow<W> as window::BuildFromWindowSettings>::build_from_window_settings (in /home/killpop/Рабочий стол/some/pathfinders/target/release/pathfinding_algorithms)
           n1: 262132 0x2A0422: pathfinding_algorithms::main (in /home/killpop/Рабочий стол/some/pathfinders/target/release/pathfinding_algorithms)
            n1: 262132 0x2A7A52: std::sys::backtrace::__rust_begin_short_backtrace (in /home/killpop/Рабочий стол/some/pathfinders/target/release/pathfinding_algorithms)
             n1: 262132 0x273ED8: std::rt::lang_start::{{closure}} (in /home/killpop/Рабочий стол/some/pathfinders/target/release/pathfinding_algorithms)
              n1: 262132 0x5ABD43: std::rt::lang_start_internal (in /home/killpop/Рабочий стол/some/pathfinders/target/release/pathfinding_algorithms)
               n0: 262132 0x2A6A14: main (in /home/killpop/Рабочий стол/some/pathfinders/target/release/pathfinding_algorithms)
  n1: 162000 0x653ADBC: ??? (in /usr/lib/x86_64-linux-gnu/libnvidia-glcore.so.580.173.02)
   n1: 162000 0x654403F: ??? (in /usr/lib/x86_64-linux-gnu/libnvidia-glcore.so.580.173.02)
    n1: 162000 0x5F4C308: ??? (in /usr/lib/x86_64-linux-gnu/libnvidia-glcore.so.580.173.02)
     n1: 162000 0x53D43A0: ??? (in /usr/lib/x86_64-linux-gnu/libGLX_nvidia.so.580.173.02)
      n1: 162000 0x53D44D7: ??? (in /usr/lib/x86_64-linux-gnu/libGLX_nvidia.so.580.173.02)
       n1: 162000 0x53FA5E4: ??? (in /usr/lib/x86_64-linux-gnu/libGLX_nvidia.so.580.173.02)
        n1: 162000 0x53FF9E7: ??? (in /usr/lib/x86_64-linux-gnu/libGLX_nvidia.so.580.173.02)
         n1: 162000 0x53F4045: glXCreateContextAttribsARB (in /usr/lib/x86_64-linux-gnu/libGLX_nvidia.so.580.173.02)
          n1: 162000 0x5367E02: ??? (in /usr/lib/x86_64-linux-gnu/libGLX.so.0.0.0)
           n1: 162000 0x51CE30: glutin::api::glx::last_glx_error (in /home/killpop/Рабочий стол/some/pathfinders/target/release/pathfinding_algorithms)
            n1: 162000 0x5258A0: glutin::api::glx::context::<impl glutin::api::glx::display::Display>::create_context (in /home/killpop/Рабочий стол/some/pathfinders/target/release/pathfinding_algorithms)
             n1: 162000 0x52466D: <glutin::display::Display as glutin::display::GlDisplay>::create_context (in /home/killpop/Рабочий стол/some/pathfinders/target/release/pathfinding_algorithms)
              n1: 162000 0x3FB44B: glutin_window::GlutinWindow::from_raw (in /home/killpop/Рабочий стол/some/pathfinders/target/release/pathfinding_algorithms)
               n1: 162000 0x3FAC58: glutin_window::GlutinWindow::new (in /home/killpop/Рабочий стол/some/pathfinders/target/release/pathfinding_algorithms)
                n1: 162000 0x2B04F2: <piston_window::prelude::PistonWindow<W> as window::BuildFromWindowSettings>::build_from_window_settings (in /home/killpop/Рабочий стол/some/pathfinders/target/release/pathfinding_algorithms)
                 n1: 162000 0x2A0422: pathfinding_algorithms::main (in /home/killpop/Рабочий стол/some/pathfinders/target/release/pathfinding_algorithms)
                  n1: 162000 0x2A7A52: std::sys::backtrace::__rust_begin_short_backtrace (in /home/killpop/Рабочий стол/some/pathfinders/target/release/pathfinding_algorithms)
                   n1: 162000 0x273ED8: std::rt::lang_start::{{closure}} (in /home/killpop/Рабочий стол/some/pathfinders/target/release/pathfinding_algorithms)
                    n1: 162000 0x5ABD43: std::rt::lang_start_internal (in /home/killpop/Рабочий стол/some/pathfinders/target/release/pathfinding_algorithms)
                     n0: 162000 0x2A6A14: main (in /home/killpop/Рабочий стол/some/pathfinders/target/release/pathfinding_algorithms)
 n9: 2844718 0x5F5247D: ??? (in /usr/lib/x86_64-linux-gnu/libnvidia-glcore.so.580.173.02)
  n1: 825080 0x5F958BA: ??? (in /usr/lib/x86_64-linux-gnu/libnvidia-glcore.so.580.173.02)
   n1: 825080 0x5F96561: ??? (in /usr/lib/x86_64-linux-gnu/libnvidia-glcore.so.580.173.02)
    n1: 825080 0x5F80DCB: ??? (in /usr/lib/x86_64-linux-gnu/libnvidia-glcore.so.580.173.02)
     n1: 825080 0x5F3A8EB: ??? (in /usr/lib/x86_64-linux-gnu/libnvidia-glcore.so.580.173.02)
      n1: 825080 0x53D344F: ??? (in /usr/lib/x86_64-linux-gnu/libGLX_nvidia.so.580.173.02)
       n1: 825080 0x54010E9: ??? (in /usr/lib/x86_64-linux-gnu/libGLX_nvidia.so.580.173.02)
        n1: 825080 0x53605B1: ??? (in /usr/lib/x86_64-linux-gnu/libGLX.so.0.0.0)
         n1: 825080 0x53629A1: ??? (in /usr/lib/x86_64-linux-gnu/libGLX.so.0.0.0)
          n1: 825080 0x53675E4: ??? (in /usr/lib/x86_64-linux-gnu/libGLX.so.0.0.0)
           n1: 825080 0x3F120D: glutin::api::glx::last_glx_error (in /home/killpop/Рабочий стол/some/pathfinders/target/release/pathfinding_algorithms)
            n1: 825080 0x415855: <glutin::context::NotCurrentContext as glutin::context::NotCurrentGlContextSurfaceAccessor<T>>::make_current (in /home/killpop/Рабочий стол/some/pathfinders/target/release/pathfinding_algorithms)
             n1: 825080 0x3FB756: glutin_window::GlutinWindow::from_raw (in /home/killpop/Рабочий стол/some/pathfinders/target/release/pathfinding_algorithms)
              n1: 825080 0x3FAC58: glutin_window::GlutinWindow::new (in /home/killpop/Рабочий стол/some/pathfinders/target/release/pathfinding_algorithms)
               n1: 825080 0x2B04F2: <piston_window::prelude::PistonWindow<W> as window::BuildFromWindowSettings>::build_from_window_settings (in /home/killpop/Рабочий стол/some/pathfinders/target/release/pathfinding_algorithms)
                n1: 825080 0x2A0422: pathfinding_algorithms::main (in /home/killpop/Рабочий стол/some/pathfinders/target/release/pathfinding_algorithms)
                 n1: 825080 0x2A7A52: std::sys::backtrace::__rust_begin_short_backtrace (in /home/killpop/Рабочий стол/some/pathfinders/target/release/pathfinding_algorithms)
                  n1: 825080 0x273ED8: std::rt::lang_start::{{closure}} (in /home/killpop/Рабочий стол/some/pathfinders/target/release/pathfinding_algorithms)
                   n1: 825080 0x5ABD43: std::rt::lang_start_internal (in /home/killpop/Рабочий стол/some/pathfinders/target/release/pathfinding_algorithms)
                    n0: 825080 0x2A6A14: main (in /home/killpop/Рабочий стол/some/pathfinders/target/release/pathfinding_algorithms)
  n0: 780591 in 116 places, all below massif's threshold (1.00%)
  n1: 307311 0x5C75DBB: ??? (in /usr/lib/x86_64-linux-gnu/libnvidia-glcore.so.580.173.02)
   n1: 307311 0x53FAEBF: ??? (in /usr/lib/x86_64-linux-gnu/libGLX_nvidia.so.580.173.02)
    n1: 307311 0x5403FDB: ??? (in /usr/lib/x86_64-linux-gnu/libGLX_nvidia.so.580.173.02)
     n1: 307311 0x53D0A5A: ??? (in /usr/lib/x86_64-linux-gnu/libGLX_nvidia.so.580.173.02)
      n1: 307311 0x542C401: ??? (in /usr/lib/x86_64-linux-gnu/libGLX_nvidia.so.580.173.02)
       n1: 307311 0x53D0012: ??? (in /usr/lib/x86_64-linux-gnu/libGLX_nvidia.so.580.173.02)
        n1: 307311 0x4005823: call_init (dl-init.c:120)
         n1: 307311 0x4005823: _dl_init (dl-init.c:121)
          n1: 307311 0x40015B1: _dl_catch_exception (dl-catch.c:211)
           n1: 307311 0x400CD7B: dl_open_worker (dl-open.c:829)
            n1: 307311 0x400CD7B: dl_open_worker (dl-open.c:792)
             n1: 307311 0x400151B: _dl_catch_exception (dl-catch.c:237)
              n1: 307311 0x400D163: _dl_open (dl-open.c:905)
               n1: 307311 0x4A22283: dlopen_doit (dlopen.c:56)
                n1: 307311 0x400151B: _dl_catch_exception (dl-catch.c:237)
                 n1: 307311 0x4001668: _dl_catch_error (dl-catch.c:256)
                  n1: 307311 0x4A21D62: _dlerror_run (dlerror.c:138)
                   n1: 307311 0x4A2233E: dlopen_implementation (dlopen.c:71)
                    n1: 307311 0x4A2233E: dlopen@@GLIBC_2.34 (dlopen.c:81)
                     n1: 307311 0x536530A: ??? (in /usr/lib/x86_64-linux-gnu/libGLX.so.0.0.0)
                      n1: 307311 0x5367BAC: ??? (in /usr/lib/x86_64-linux-gnu/libGLX.so.0.0.0)
                       n1: 307311 0x53683B5: glXGetClientString (in /usr/lib/x86_64-linux-gnu/libGLX.so.0.0.0)
                        n1: 307311 0x525B1E: glutin::api::glx::display::Display::new (in /home/killpop/Рабочий стол/some/pathfinders/target/release/pathfinding_algorithms)
                         n1: 307311 0x524347: glutin::display::Display::new (in /home/killpop/Рабочий стол/some/pathfinders/target/release/pathfinding_algorithms)
                          n1: 307311 0x415B79: glutin_winit::DisplayBuilder::build (in /home/killpop/Рабочий стол/some/pathfinders/target/release/pathfinding_algorithms)
                           n1: 307311 0x3FAF27: glutin_window::GlutinWindow::from_raw (in /home/killpop/Рабочий стол/some/pathfinders/target/release/pathfinding_algorithms)
                            n1: 307311 0x3FAC58: glutin_window::GlutinWindow::new (in /home/killpop/Рабочий стол/some/pathfinders/target/release/pathfinding_algorithms)
                             n1: 307311 0x2B04F2: <piston_window::prelude::PistonWindow<W> as window::BuildFromWindowSettings>::build_from_window_settings (in /home/killpop/Рабочий стол/some/pathfinders/target/release/pathfinding_algorithms)
                              n1: 307311 0x2A0422: pathfinding_algorithms::main (in /home/killpop/Рабочий стол/some/pathfinders/target/release/pathfinding_algorithms)
                               n1: 307311 0x2A7A52: std::sys::backtrace::__rust_begin_short_backtrace (in /home/killpop/Рабочий стол/some/pathfinders/target/release/pathfinding_algorithms)
                                n1: 307311 0x273ED8: std::rt::lang_start::{{closure}} (in /home/killpop/Рабочий стол/some/pathfinders/target/release/pathfinding_algorithms)
                                 n0: 307311 0x5ABD43: std::rt::lang_start_internal (in /home/killpop/Рабочий стол/some/pathfinders/target/release/pathfinding_algorithms)
  n1: 171760 0x5F6FCFE: ??? (in /usr/lib/x86_64-linux-gnu/libnvidia-glcore.so.580.173.02)
   n1: 171760 0x5F81285: ??? (in /usr/lib/x86_64-linux-gnu/libnvidia-glcore.so.580.173.02)
    n1: 171760 0x5F3A8EB: ??? (in /usr/lib/x86_64-linux-gnu/libnvidia-glcore.so.580.173.02)
     n1: 171760 0x53D344F: ??? (in /usr/lib/x86_64-linux-gnu/libGLX_nvidia.so.580.173.02)
      n1: 171760 0x54010E9: ??? (in /usr/lib/x86_64-linux-gnu/libGLX_nvidia.so.580.173.02)
       n1: 171760 0x53605B1: ??? (in /usr/lib/x86_64-linux-gnu/libGLX.so.0.0.0)
        n1: 171760 0x53629A1: ??? (in /usr/lib/x86_64-linux-gnu/libGLX.so.0.0.0)
         n1: 171760 0x53675E4: ??? (in /usr/lib/x86_64-linux-gnu/libGLX.so.0.0.0)
          n1: 171760 0x3F120D: glutin::api::glx::last_glx_error (in /home/killpop/Рабочий стол/some/pathfinders/target/release/pathfinding_algorithms)
           n1: 171760 0x415855: <glutin::context::NotCurrentContext as glutin::context::NotCurrentGlContextSurfaceAccessor<T>>::make_current (in /home/killpop/Рабочий стол/some/pathfinders/target/release/pathfinding_algorithms)
            n1: 171760 0x3FB756: glutin_window::GlutinWindow::from_raw (in /home/killpop/Рабочий стол/some/pathfinders/target/release/pathfinding_algorithms)
             n1: 171760 0x3FAC58: glutin_window::GlutinWindow::new (in /home/killpop/Рабочий стол/some/pathfinders/target/release/pathfinding_algorithms)
              n1: 171760 0x2B04F2: <piston_window::prelude::PistonWindow<W> as window::BuildFromWindowSettings>::build_from_window_settings (in /home/killpop/Рабочий стол/some/pathfinders/target/release/pathfinding_algorithms)
               n1: 171760 0x2A0422: pathfinding_algorithms::main (in /home/killpop/Рабочий стол/some/pathfinders/target/release/pathfinding_algorithms)
                n1: 171760 0x2A7A52: std::sys::backtrace::__rust_begin_short_backtrace (in /home/killpop/Рабочий стол/some/pathfinders/target/release/pathfinding_algorithms)
                 n1: 171760 0x273ED8: std::rt::lang_start::{{closure}} (in /home/killpop/Рабочий стол/some/pathfinders/target/release/pathfinding_algorithms)
                  n1: 171760 0x5ABD43: std::rt::lang_start_internal (in /home/killpop/Рабочий стол/some/pathfinders/target/release/pathfinding_algorithms)
                   n0: 171760 0x2A6A14: main (in /home/killpop/Рабочий стол/some/pathfinders/target/release/pathfinding_algorithms)
  n1: 167504 0x53D4323: ??? (in /usr/lib/x86_64-linux-gnu/libGLX_nvidia.so.580.173.02)
   n1: 167504 0x53D44D7: ??? (in /usr/lib/x86_64-linux-gnu/libGLX_nvidia.so.580.173.02)
    n1: 167504 0x53FA5E4: ??? (in /usr/lib/x86_64-linux-gnu/libGLX_nvidia.so.580.173.02)
     n1: 167504 0x53FF9E7: ??? (in /usr/lib/x86_64-linux-gnu/libGLX_nvidia.so.580.173.02)
      n1: 167504 0x53F4045: glXCreateContextAttribsARB (in /usr/lib/x86_64-linux-gnu/libGLX_nvidia.so.580.173.02)
       n1: 167504 0x5367E02: ??? (in /usr/lib/x86_64-linux-gnu/libGLX.so.0.0.0)
        n1: 167504 0x51CE30: glutin::api::glx::last_glx_error (in /home/killpop/Рабочий стол/some/pathfinders/target/release/pathfinding_algorithms)
         n1: 167504 0x5258A0: glutin::api::glx::context::<impl glutin::api::glx::display::Display>::create_context (in /home/killpop/Рабочий стол/some/pathfinders/target/release/pathfinding_algorithms)
          n1: 167504 0x52466D: <glutin::display::Display as glutin::display::GlDisplay>::create_context (in /home/killpop/Рабочий стол/some/pathfinders/target/release/pathfinding_algorithms)
           n1: 167504 0x3FB44B: glutin_window::GlutinWindow::from_raw (in /home/killpop/Рабочий стол/some/pathfinders/target/release/pathfinding_algorithms)
            n1: 167504 0x3FAC58: glutin_window::GlutinWindow::new (in /home/killpop/Рабочий стол/some/pathfinders/target/release/pathfinding_algorithms)
             n1: 167504 0x2B04F2: <piston_window::prelude::PistonWindow<W> as window::BuildFromWindowSettings>::build_from_window_settings (in /home/killpop/Рабочий стол/some/pathfinders/target/release/pathfinding_algorithms)
              n1: 167504 0x2A0422: pathfinding_algorithms::main (in /home/killpop/Рабочий стол/some/pathfinders/target/release/pathfinding_algorithms)
               n1: 167504 0x2A7A52: std::sys::backtrace::__rust_begin_short_backtrace (in /home/killpop/Рабочий стол/some/pathfinders/target/release/pathfinding_algorithms)
                n1: 167504 0x273ED8: std::rt::lang_start::{{closure}} (in /home/killpop/Рабочий стол/some/pathfinders/target/release/pathfinding_algorithms)
                 n1: 167504 0x5ABD43: std::rt::lang_start_internal (in /home/killpop/Рабочий стол/some/pathfinders/target/release/pathfinding_algorithms)
                  n0: 167504 0x2A6A14: main (in /home/killpop/Рабочий стол/some/pathfinders/target/release/pathfinding_algorithms)
  n1: 163840 0x5FC2EB6: ??? (in /usr/lib/x86_64-linux-gnu/libnvidia-glcore.so.580.173.02)
   n1: 163840 0x5F95B81: ??? (in /usr/lib/x86_64-linux-gnu/libnvidia-glcore.so.580.173.02)
    n1: 163840 0x5F96561: ??? (in /usr/lib/x86_64-linux-gnu/libnvidia-glcore.so.580.173.02)
     n1: 163840 0x5F80DCB: ??? (in /usr/lib/x86_64-linux-gnu/libnvidia-glcore.so.580.173.02)
      n1: 163840 0x5F3A8EB: ??? (in /usr/lib/x86_64-linux-gnu/libnvidia-glcore.so.580.173.02)
       n1: 163840 0x53D344F: ??? (in /usr/lib/x86_64-linux-gnu/libGLX_nvidia.so.580.173.02)
        n1: 163840 0x54010E9: ??? (in /usr/lib/x86_64-linux-gnu/libGLX_nvidia.so.580.173.02)
         n1: 163840 0x53605B1: ??? (in /usr/lib/x86_64-linux-gnu/libGLX.so.0.0.0)
          n1: 163840 0x53629A1: ??? (in /usr/lib/x86_64-linux-gnu/libGLX.so.0.0.0)
           n1: 163840 0x53675E4: ??? (in /usr/lib/x86_64-linux-gnu/libGLX.so.0.0.0)
            n1: 163840 0x3F120D: glutin::api::glx::last_glx_error (in /home/killpop/Рабочий стол/some/pathfinders/target/release/pathfinding_algorithms)
             n1: 163840 0x415855: <glutin::context::NotCurrentContext as glutin::context::NotCurrentGlContextSurfaceAccessor<T>>::make_current (in /home/killpop/Рабочий стол/some/pathfinders/target/release/pathfinding_algorithms)
              n1: 163840 0x3FB756: glutin_window::GlutinWindow::from_raw (in /home/killpop/Рабочий стол/some/pathfinders/target/release/pathfinding_algorithms)
               n1: 163840 0x3FAC58: glutin_window::GlutinWindow::new (in /home/killpop/Рабочий стол/some/pathfinders/target/release/pathfinding_algorithms)
                n1: 163840 0x2B04F2: <piston_window::prelude::PistonWindow<W> as window::BuildFromWindowSettings>::build_from_window_settings (in /home/killpop/Рабочий стол/some/pathfinders/target/release/pathfinding_algorithms)
                 n1: 163840 0x2A0422: pathfinding_algorithms::main (in /home/killpop/Рабочий стол/some/pathfinders/target/release/pathfinding_algorithms)
                  n1: 163840 0x2A7A52: std::sys::backtrace::__rust_begin_short_backtrace (in /home/killpop/Рабочий стол/some/pathfinders/target/release/pathfinding_algorithms)
                   n1: 163840 0x273ED8: std::rt::lang_start::{{closure}} (in /home/killpop/Рабочий стол/some/pathfinders/target/release/pathfinding_algorithms)
                    n1: 163840 0x5ABD43: std::rt::lang_start_internal (in /home/killpop/Рабочий стол/some/pathfinders/target/release/pathfinding_algorithms)
                     n0: 163840 0x2A6A14: main (in /home/killpop/Рабочий стол/some/pathfinders/target/release/pathfinding_algorithms)
  n1: 154512 0x5F95879: ??? (in /usr/lib/x86_64-linux-gnu/libnvidia-glcore.so.580.173.02)
   n1: 154512 0x5F96561: ??? (in /usr/lib/x86_64-linux-gnu/libnvidia-glcore.so.580.173.02)
    n1: 154512 0x5F80DCB: ??? (in /usr/lib/x86_64-linux-gnu/libnvidia-glcore.so.580.173.02)
     n1: 154512 0x5F3A8EB: ??? (in /usr/lib/x86_64-linux-gnu/libnvidia-glcore.so.580.173.02)
      n1: 154512 0x53D344F: ??? (in /usr/lib/x86_64-linux-gnu/libGLX_nvidia.so.580.173.02)
       n1: 154512 0x54010E9: ??? (in /usr/lib/x86_64-linux-gnu/libGLX_nvidia.so.580.173.02)
        n1: 154512 0x53605B1: ??? (in /usr/lib/x86_64-linux-gnu/libGLX.so.0.0.0)
         n1: 154512 0x53629A1: ??? (in /usr/lib/x86_64-linux-gnu/libGLX.so.0.0.0)
          n1: 154512 0x53675E4: ??? (in /usr/lib/x86_64-linux-gnu/libGLX.so.0.0.0)
           n1: 154512 0x3F120D: glutin::api::glx::last_glx_error (in /home/killpop/Рабочий стол/some/pathfinders/target/release/pathfinding_algorithms)
            n1: 154512 0x415855: <glutin::context::NotCurrentContext as glutin::context::NotCurrentGlContextSurfaceAccessor<T>>::make_current (in /home/killpop/Рабочий стол/some/pathfinders/target/release/pathfinding_algorithms)
             n1: 154512 0x3FB756: glutin_window::GlutinWindow::from_raw (in /home/killpop/Рабочий стол/some/pathfinders/target/release/pathfinding_algorithms)
              n1: 154512 0x3FAC58: glutin_window::GlutinWindow::new (in /home/killpop/Рабочий стол/some/pathfinders/target/release/pathfinding_algorithms)
               n1: 154512 0x2B04F2: <piston_window::prelude::PistonWindow<W> as window::BuildFromWindowSettings>::build_from_window_settings (in /home/killpop/Рабочий стол/some/pathfinders/target/release/pathfinding_algorithms)
                n1: 154512 0x2A0422: pathfinding_algorithms::main (in /home/killpop/Рабочий стол/some/pathfinders/target/release/pathfinding_algorithms)
                 n1: 154512 0x2A7A52: std::sys::backtrace::__rust_begin_short_backtrace (in /home/killpop/Рабочий стол/some/pathfinders/target/release/pathfinding_algorithms)
                  n1: 154512 0x273ED8: std::rt::lang_start::{{closure}} (in /home/killpop/Рабочий стол/some/pathfinders/target/release/pathfinding_algorithms)
                   n1: 154512 0x5ABD43: std::rt::lang_start_internal (in /home/killpop/Рабочий стол/some/pathfinders/target/release/pathfinding_algorithms)
                    n0: 154512 0x2A6A14: main (in /home/killpop/Рабочий стол/some/pathfinders/target/release/pathfinding_algorithms)
  n1: 150472 0x5F3836F: ??? (in /usr/lib/x86_64-linux-gnu/libnvidia-glcore.so.580.173.02)
   n1: 150472 0x5F4C655: ??? (in /usr/lib/x86_64-linux-gnu/libnvidia-glcore.so.580.173.02)
    n1: 150472 0x53D43A0: ??? (in /usr/lib/x86_64-linux-gnu/libGLX_nvidia.so.580.173.02)
     n1: 150472 0x53D44D7: ??? (in /usr/lib/x86_64-linux-gnu/libGLX_nvidia.so.580.173.02)
      n1: 150472 0x53FA5E4: ??? (in /usr/lib/x86_64-linux-gnu/libGLX_nvidia.so.580.173.02)
       n1: 150472 0x53FF9E7: ??? (in /usr/lib/x86_64-linux-gnu/libGLX_nvidia.so.580.173.02)
        n1: 150472 0x53F4045: glXCreateContextAttribsARB (in /usr/lib/x86_64-linux-gnu/libGLX_nvidia.so.580.173.02)
         n1: 150472 0x5367E02: ??? (in /usr/lib/x86_64-linux-gnu/libGLX.so.0.0.0)
          n1: 150472 0x51CE30: glutin::api::glx::last_glx_error (in /home/killpop/Рабочий стол/some/pathfinders/target/release/pathfinding_algorithms)
           n1: 150472 0x5258A0: glutin::api::glx::context::<impl glutin::api::glx::display::Display>::create_context (in /home/killpop/Рабочий стол/some/pathfinders/target/release/pathfinding_algorithms)
            n1: 150472 0x52466D: <glutin::display::Display as glutin::display::GlDisplay>::create_context (in /home/killpop/Рабочий стол/some/pathfinders/target/release/pathfinding_algorithms)
             n1: 150472 0x3FB44B: glutin_window::GlutinWindow::from_raw (in /home/killpop/Рабочий стол/some/pathfinders/target/release/pathfinding_algorithms)
              n1: 150472 0x3FAC58: glutin_window::GlutinWindow::new (in /home/killpop/Рабочий стол/some/pathfinders/target/release/pathfinding_algorithms)
               n1: 150472 0x2B04F2: <piston_window::prelude::PistonWindow<W> as window::BuildFromWindowSettings>::build_from_window_settings (in /home/killpop/Рабочий стол/some/pathfinders/target/release/pathfinding_algorithms)
                n1: 150472 0x2A0422: pathfinding_algorithms::main (in /home/killpop/Рабочий стол/some/pathfinders/target/release/pathfinding_algorithms)
                 n1: 150472 0x2A7A52: std::sys::backtrace::__rust_begin_short_backtrace (in /home/killpop/Рабочий стол/some/pathfinders/target/release/pathfinding_algorithms)
                  n1: 150472 0x273ED8: std::rt::lang_start::{{closure}} (in /home/killpop/Рабочий стол/some/pathfinders/target/release/pathfinding_algorithms)
                   n1: 150472 0x5ABD43: std::rt::lang_start_internal (in /home/killpop/Рабочий стол/some/pathfinders/target/release/pathfinding_algorithms)
                    n0: 150472 0x2A6A14: main (in /home/killpop/Рабочий стол/some/pathfinders/target/release/pathfinding_algorithms)
  n1: 123648 0x65CBF3F: ??? (in /usr/lib/x86_64-linux-gnu/libnvidia-glcore.so.580.173.02)
   n0: 123648 in 8 places, all below massif's threshold (1.00%)
 n0: 779850 in 442 places, all below massif's threshold (1.00%)
 n3: 569056 0x57AB7E: alloc::raw_vec::RawVecInner<A>::finish_grow (in /home/killpop/Рабочий стол/some/pathfinders/target/release/pathfinding_algorithms)
  n2: 330240 0x57A999: alloc::raw_vec::RawVec<T,A>::grow_one (in /home/killpop/Рабочий стол/some/pathfinders/target/release/pathfinding_algorithms)
   n2: 327680 0x567E12: <gfx_device_gl::command::CommandBuffer as gfx_core::command::Buffer<gfx_device_gl::Resources>>::update_buffer (in /home/killpop/Рабочий стол/some/pathfinders/target/release/pathfinding_algorithms)
    n1: 327680 0x2B22AF: gfx::encoder::Encoder<R,C>::update_buffer (in /home/killpop/Рабочий стол/some/pathfinders/target/release/pathfinding_algorithms)
     n1: 327680 0x28978F: <gfx_graphics::back_end::GfxGraphics<R,C> as graphics::graphics::Graphics>::tri_list (in /home/killpop/Рабочий стол/some/pathfinders/target/release/pathfinding_algorithms)
      n1: 327680 0x29B612: graphics::rectangle::Rectangle::draw_tri (in /home/killpop/Рабочий стол/some/pathfinders/target/release/pathfinding_algorithms)
       n1: 327680 0x29FC1B: pathfinding_algorithms::presentation::renderer::Renderer::render_field (in /home/killpop/Рабочий стол/some/pathfinders/target/release/pathfinding_algorithms)
        n1: 327680 0x2780EB: pathfinding_algorithms::presentation::app::App::render (in /home/killpop/Рабочий стол/some/pathfinders/target/release/pathfinding_algorithms)
         n1: 327680 0x285385: gfx_graphics::back_end::Gfx2d<R>::draw (in /home/killpop/Рабочий стол/some/pathfinders/target/release/pathfinding_algorithms)
          n1: 327680 0x2A0993: pathfinding_algorithms::main (in /home/killpop/Рабочий стол/some/pathfinders/target/release/pathfinding_algorithms)
           n1: 327680 0x2A7A52: std::sys::backtrace::__rust_begin_short_backtrace (in /home/killpop/Рабочий стол/some/pathfinders/target/release/pathfinding_algorithms)
            n1: 327680 0x273ED8: std::rt::lang_start::{{closure}} (in /home/killpop/Рабочий стол/some/pathfinders/target/release/pathfinding_algorithms)
             n1: 327680 0x5ABD43: std::rt::lang_start_internal (in /home/killpop/Рабочий стол/some/pathfinders/target/release/pathfinding_algorithms)
              n0: 327680 0x2A6A14: main (in /home/killpop/Рабочий стол/some/pathfinders/target/release/pathfinding_algorithms)
    n0: 0 in 2 places, all below massif's threshold (1.00%)
   n0: 2560 in 4 places, all below massif's threshold (1.00%)
  n1: 200608 0x57AC33: alloc::raw_vec::RawVecInner<A>::reserve::do_reserve_and_handle (in /home/killpop/Рабочий стол/some/pathfinders/target/release/pathfinding_algorithms)
   n0: 200608 in 7 places, all below massif's threshold (1.00%)
  n0: 38208 in 1 place, below massif's threshold (1.00%)
 n1: 241664 0x52D64D7: ??? (in /usr/lib/x86_64-linux-gnu/libGLdispatch.so.0.0.0)
  n1: 241664 0x52D6C11: ??? (in /usr/lib/x86_64-linux-gnu/libGLdispatch.so.0.0.0)
   n1: 241664 0x52D6E68: __glDispatchMakeCurrent (in /usr/lib/x86_64-linux-gnu/libGLdispatch.so.0.0.0)
    n1: 241664 0x5362923: ??? (in /usr/lib/x86_64-linux-gnu/libGLX.so.0.0.0)
     n1: 241664 0x53675E4: ??? (in /usr/lib/x86_64-linux-gnu/libGLX.so.0.0.0)
      n1: 241664 0x3F120D: glutin::api::glx::last_glx_error (in /home/killpop/Рабочий стол/some/pathfinders/target/release/pathfinding_algorithms)
       n1: 241664 0x415855: <glutin::context::NotCurrentContext as glutin::context::NotCurrentGlContextSurfaceAccessor<T>>::make_current (in /home/killpop/Рабочий стол/some/pathfinders/target/release/pathfinding_algorithms)
        n1: 241664 0x3FB756: glutin_window::GlutinWindow::from_raw (in /home/killpop/Рабочий стол/some/pathfinders/target/release/pathfinding_algorithms)
         n1: 241664 0x3FAC58: glutin_window::GlutinWindow::new (in /home/killpop/Рабочий стол/some/pathfinders/target/release/pathfinding_algorithms)
          n1: 241664 0x2B04F2: <piston_window::prelude::PistonWindow<W> as window::BuildFromWindowSettings>::build_from_window_settings (in /home/killpop/Рабочий стол/some/pathfinders/target/release/pathfinding_algorithms)
           n1: 241664 0x2A0422: pathfinding_algorithms::main (in /home/killpop/Рабочий стол/some/pathfinders/target/release/pathfinding_algorithms)
            n1: 241664 0x2A7A52: std::sys::backtrace::__rust_begin_short_backtrace (in /home/killpop/Рабочий стол/some/pathfinders/target/release/pathfinding_algorithms)
             n1: 241664 0x273ED8: std::rt::lang_start::{{closure}} (in /home/killpop/Рабочий стол/some/pathfinders/target/release/pathfinding_algorithms)
              n1: 241664 0x5ABD43: std::rt::lang_start_internal (in /home/killpop/Рабочий стол/some/pathfinders/target/release/pathfinding_algorithms)
               n0: 241664 0x2A6A14: main (in /home/killpop/Рабочий стол/some/pathfinders/target/release/pathfinding_algorithms)
 n1: 149594 0x9B5EE4D: ??? (in /usr/lib/x86_64-linux-gnu/libnvidia-gpucomp.so.580.173.02)
  n1: 149594 0x9B0E478: ??? (in /usr/lib/x86_64-linux-gnu/libnvidia-gpucomp.so.580.173.02)
   n1: 149594 0x82C24BF: ??? (in /usr/lib/x86_64-linux-gnu/libnvidia-gpucomp.so.580.173.02)
    n0: 149594 in 58 places, all below massif's threshold (1.00%)
 n1: 110592 0x5250557: ??? (in /usr/lib/x86_64-linux-gnu/libGL.so.1.7.0)
  n1: 110592 0x52D6C11: ??? (in /usr/lib/x86_64-linux-gnu/libGLdispatch.so.0.0.0)
   n1: 110592 0x52D6E68: __glDispatchMakeCurrent (in /usr/lib/x86_64-linux-gnu/libGLdispatch.so.0.0.0)
    n1: 110592 0x5362923: ??? (in /usr/lib/x86_64-linux-gnu/libGLX.so.0.0.0)
     n1: 110592 0x53675E4: ??? (in /usr/lib/x86_64-linux-gnu/libGLX.so.0.0.0)
      n1: 110592 0x3F120D: glutin::api::glx::last_glx_error (in /home/killpop/Рабочий стол/some/pathfinders/target/release/pathfinding_algorithms)
       n1: 110592 0x415855: <glutin::context::NotCurrentContext as glutin::context::NotCurrentGlContextSurfaceAccessor<T>>::make_current (in /home/killpop/Рабочий стол/some/pathfinders/target/release/pathfinding_algorithms)
        n1: 110592 0x3FB756: glutin_window::GlutinWindow::from_raw (in /home/killpop/Рабочий стол/some/pathfinders/target/release/pathfinding_algorithms)
         n1: 110592 0x3FAC58: glutin_window::GlutinWindow::new (in /home/killpop/Рабочий стол/some/pathfinders/target/release/pathfinding_algorithms)
          n1: 110592 0x2B04F2: <piston_window::prelude::PistonWindow<W> as window::BuildFromWindowSettings>::build_from_window_settings (in /home/killpop/Рабочий стол/some/pathfinders/target/release/pathfinding_algorithms)
           n1: 110592 0x2A0422: pathfinding_algorithms::main (in /home/killpop/Рабочий стол/some/pathfinders/target/release/pathfinding_algorithms)
            n1: 110592 0x2A7A52: std::sys::backtrace::__rust_begin_short_backtrace (in /home/killpop/Рабочий стол/some/pathfinders/target/release/pathfinding_algorithms)
             n1: 110592 0x273ED8: std::rt::lang_start::{{closure}} (in /home/killpop/Рабочий стол/some/pathfinders/target/release/pathfinding_algorithms)
              n1: 110592 0x5ABD43: std::rt::lang_start_internal (in /home/killpop/Рабочий стол/some/pathfinders/target/release/pathfinding_algorithms)
               n0: 110592 0x2A6A14: main (in /home/killpop/Рабочий стол/some/pathfinders/target/release/pathfinding_algorithms)
 n2: 104788 0x436FFD: hashbrown::raw::RawTableInner::fallible_with_capacity (in /home/killpop/Рабочий стол/some/pathfinders/target/release/pathfinding_algorithms)
  n1: 102416 0x442556: core::ops::function::FnOnce::call_once (in /home/killpop/Рабочий стол/some/pathfinders/target/release/pathfinding_algorithms)
   n1: 102416 0x431B49: once_cell::imp::OnceCell<T>::initialize::{{closure}} (in /home/killpop/Рабочий стол/some/pathfinders/target/release/pathfinding_algorithms)
    n1: 102416 0x544A3B: once_cell::imp::initialize_or_wait (in /home/killpop/Рабочий стол/some/pathfinders/target/release/pathfinding_algorithms)
     n1: 102416 0x431661: once_cell::imp::OnceCell<T>::initialize (in /home/killpop/Рабочий стол/some/pathfinders/target/release/pathfinding_algorithms)
      n1: 102416 0x4436CD: winit::platform_impl::platform::x11::util::atom::<impl winit::platform_impl::platform::x11::xdisplay::XConnection>::get_atom_unchecked (in /home/killpop/Рабочий стол/some/pathfinders/target/release/pathfinding_algorithms)
       n1: 102416 0x3D5DAE: winit::platform_impl::platform::x11::EventLoop<T>::new (in /home/killpop/Рабочий стол/some/pathfinders/target/release/pathfinding_algorithms)
        n1: 102416 0x41A737: winit::platform_impl::platform::EventLoop<T>::new (in /home/killpop/Рабочий стол/some/pathfinders/target/release/pathfinding_algorithms)
         n1: 102416 0x3FA5DF: glutin_window::GlutinWindow::new (in /home/killpop/Рабочий стол/some/pathfinders/target/release/pathfinding_algorithms)
          n1: 102416 0x2B04F2: <piston_window::prelude::PistonWindow<W> as window::BuildFromWindowSettings>::build_from_window_settings (in /home/killpop/Рабочий стол/some/pathfinders/target/release/pathfinding_algorithms)
           n1: 102416 0x2A0422: pathfinding_algorithms::main (in /home/killpop/Рабочий стол/some/pathfinders/target/release/pathfinding_algorithms)
            n1: 102416 0x2A7A52: std::sys::backtrace::__rust_begin_short_backtrace (in /home/killpop/Рабочий стол/some/pathfinders/target/release/pathfinding_algorithms)
             n1: 102416 0x273ED8: std::rt::lang_start::{{closure}} (in /home/killpop/Рабочий стол/some/pathfinders/target/release/pathfinding_algorithms)
              n1: 102416 0x5ABD43: std::rt::lang_start_internal (in /home/killpop/Рабочий стол/some/pathfinders/target/release/pathfinding_algorithms)
               n0: 102416 0x2A6A14: main (in /home/killpop/Рабочий стол/some/pathfinders/target/release/pathfinding_algorithms)
  n0: 2372 in 3 places, all below massif's threshold (1.00%)
#-----------
snapshot=57
#-----------
time=2854041783
mem_heap_B=9995729
mem_heap_extra_B=115487
mem_stacks_B=0
heap_tree=empty
#-----------
snapshot=58
#-----------
time=2879993637
mem_heap_B=9995937
mem_heap_extra_B=115511
mem_stacks_B=0
heap_tree=empty
#-----------
snapshot=59
#-----------
time=2905944474
mem_heap_B=9996137
mem_heap_extra_B=115487
mem_stacks_B=0
heap_tree=empty
#-----------
snapshot=60
#-----------
time=2931895983
mem_heap_B=9995553
mem_heap_extra_B=115447
mem_stacks_B=0
heap_tree=empty
#-----------
snapshot=61
#-----------
time=2957849772
mem_heap_B=9994140
mem_heap_extra_B=115436
mem_stacks_B=0
heap_tree=empty
#-----------
snapshot=62
#-----------
time=2983803249
mem_heap_B=9994564
mem_heap_extra_B=115436
mem_stacks_B=0
heap_tree=empty
